t_ms,ax,ay,az,norm,dnorm,energy,impact
202.238,0.07983,-1.00146,-0.24585,1.03429,0.00644,0.00040,0
203.794,0.07837,-0.99609,-0.24463,1.02868,0.00560,0.00043,0
206.577,0.08130,-0.99829,-0.24707,1.03162,0.00294,0.00041,0
208.298,0.07593,-0.99805,-0.23682,1.02856,0.00305,0.00041,0
210.343,0.08398,-1.00073,-0.23462,1.03129,0.00273,0.00038,0
211.984,0.08252,-0.99951,-0.24927,1.03343,0.00213,0.00036,0
213.542,0.07886,-0.99512,-0.23755,1.02611,0.00731,0.00041,0
215.051,0.07568,-0.99390,-0.24536,1.02653,0.00042,0.00040,0
216.567,0.07568,-0.99365,-0.24292,1.02571,0.00082,0.00038,0
218.074,0.07886,-0.98999,-0.24048,1.02183,0.00388,0.00039,0
219.580,0.08252,-0.99634,-0.24268,1.02878,0.00695,0.00044,0
221.089,0.07812,-0.99243,-0.24365,1.02489,0.00390,0.00045,0
222.596,0.08521,-0.99390,-0.24048,1.02612,0.00123,0.00045,0
224.105,0.07837,-0.99976,-0.23730,1.03052,0.00440,0.00045,0
225.594,0.07886,-0.99170,-0.23682,1.02263,0.00789,0.00045,0
227.067,0.07520,-0.99976,-0.24146,1.03125,0.00862,0.00049,0
228.548,0.07886,-0.99707,-0.24121,1.02886,0.00239,0.00050,0
230.017,0.07837,-0.99829,-0.24365,1.03058,0.00172,0.00045,0
231.494,0.07397,-0.99536,-0.24023,1.02661,0.00397,0.00047,0
232.975,0.08276,-0.99951,-0.24536,1.03251,0.00590,0.00050,0
234.453,0.08423,-0.99878,-0.24341,1.03146,0.00105,0.00050,0
235.969,0.07935,-0.99414,-0.24512,1.02698,0.00447,0.00051,0
237.544,0.07959,-0.99658,-0.24707,1.02983,0.00285,0.00052,0
239.047,0.08008,-0.99951,-0.23828,1.03064,0.00081,0.00049,0
240.552,0.08130,-0.99731,-0.24341,1.02980,0.00084,0.00048,0
242.065,0.07959,-0.99487,-0.23975,1.02644,0.00336,0.00045,0
243.568,0.08032,-0.99951,-0.23193,1.02921,0.00276,0.00043,0
245.052,0.07666,-0.99121,-0.23682,1.02199,0.00722,0.00047,0
246.538,0.07959,-0.99170,-0.23657,1.02263,0.00064,0.00046,0
248.025,0.07642,-0.99268,-0.24341,1.02494,0.00231,0.00046,0
249.512,0.07812,-0.99707,-0.23535,1.02744,0.00251,0.00046,0
251.000,0.07861,-1.00073,-0.22974,1.02977,0.00232,0.00042,0
252.487,0.07910,-0.99585,-0.23926,1.02724,0.00253,0.00042,0
253.969,0.07935,-0.98804,-0.24731,1.02161,0.00563,0.00045,0
255.456,0.07715,-0.99292,-0.24219,1.02494,0.00333,0.00045,0
256.937,0.08032,-0.99951,-0.24512,1.03226,0.00732,0.00045,0
258.421,0.07910,-0.99976,-0.24561,1.03252,0.00026,0.00044,0
259.906,0.07935,-0.99609,-0.23584,1.02670,0.00581,0.00047,0
261.390,0.08008,-0.99170,-0.23804,1.02301,0.00370,0.00047,0
262.924,0.08276,-1.00049,-0.24463,1.03328,0.01028,0.00051,0
264.565,0.08105,-1.00049,-0.23438,1.03077,0.00252,0.00044,0
266.203,0.08105,-0.99292,-0.23633,1.02387,0.00690,0.00048,0
267.866,0.07690,-0.99683,-0.23950,1.02807,0.00420,0.00050,0
269.393,0.08325,-0.99683,-0.24561,1.03001,0.00193,0.00049,0
270.920,0.07959,-0.99512,-0.24121,1.02702,0.00298,0.00046,0
272.678,0.07520,-0.99976,-0.24194,1.03136,0.00434,0.00048,0
276.341,0.08203,-0.99585,-0.24463,1.02873,0.00263,0.00046,0
278.059,0.07715,-0.99316,-0.24634,1.02616,0.00257,0.00046,0
280.406,0.07739,-0.99316,-0.23926,1.02450,0.00166,0.00046,0
282.127,0.07520,-0.99731,-0.24609,1.02998,0.00547,0.00049,0
283.837,0.07764,-0.98950,-0.23315,1.01956,0.01042,0.00059,0
285.632,0.07373,-0.99658,-0.23682,1.02698,0.00742,0.00064,0
287.270,0.08057,-0.99536,-0.24634,1.02855,0.00157,0.00059,0
289.745,0.07959,-0.99365,-0.24268,1.02595,0.00260,0.00060,0
294.724,0.08130,-0.99878,-0.24023,1.03048,0.00453,0.00061,0
298.279,0.07397,-1.00000,-0.24194,1.03151,0.00103,0.00060,0
299.908,0.08936,-0.99951,-0.24561,1.03312,0.00161,0.00060,0
301.475,0.08228,-0.99365,-0.23853,1.02519,0.00793,0.00066,0
303.024,0.08521,-0.99048,-0.23535,1.02162,0.00357,0.00064,0
304.579,0.07886,-0.99683,-0.24683,1.02995,0.00834,0.00070,0
306.131,0.07861,-0.99707,-0.25488,1.03213,0.00218,0.00065,0
307.686,0.07764,-0.99487,-0.23706,1.02567,0.00646,0.00069,0
309.299,0.08154,-0.99170,-0.23877,1.02329,0.00238,0.00066,0
310.929,0.08008,-0.99683,-0.24341,1.02923,0.00594,0.00068,0
312.662,0.07886,-0.99780,-0.23096,1.02721,0.00202,0.00058,0
314.470,0.07666,-0.99731,-0.24316,1.02939,0.00217,0.00058,0
316.127,0.07617,-0.99536,-0.23804,1.02626,0.00313,0.00054,0
317.757,0.07495,-0.99780,-0.24170,1.02939,0.00313,0.00054,0
319.512,0.08398,-0.99585,-0.23853,1.02746,0.00194,0.00054,0
321.085,0.08447,-0.99243,-0.24292,1.02522,0.00224,0.00053,0
323.341,0.07544,-0.99731,-0.24536,1.02982,0.00460,0.00053,0
324.959,0.08105,-0.99316,-0.24194,1.02542,0.00440,0.00055,0
326.587,0.07739,-0.99268,-0.24146,1.02455,0.00087,0.00054,0
328.197,0.08374,-0.99731,-0.23975,1.02914,0.00459,0.00056,0
329.747,0.07397,-0.99927,-0.24316,1.03109,0.00195,0.00053,0
331.311,0.08008,-1.00000,-0.25244,1.03448,0.00339,0.00044,0
332.880,0.08081,-0.99390,-0.23438,1.02435,0.01013,0.00048,0
334.426,0.07837,-0.99487,-0.23608,1.02550,0.00115,0.00048,0
335.975,0.07959,-0.98950,-0.23779,1.02078,0.00472,0.00050,0
337.518,0.07886,-0.99414,-0.24414,1.02671,0.00593,0.00051,0
339.062,0.07642,-0.99243,-0.24536,1.02516,0.00155,0.00051,0
340.628,0.07910,-0.99878,-0.24829,1.03221,0.00705,0.00056,0
342.185,0.07812,-0.99805,-0.24536,1.03073,0.00148,0.00050,0
343.755,0.07983,-0.99658,-0.24243,1.02875,0.00198,0.00049,0
345.430,0.07666,-0.99756,-0.24512,1.03009,0.00134,0.00042,0
347.040,0.07715,-1.00146,-0.25146,1.03543,0.00534,0.00045,0
348.683,0.08032,-0.99341,-0.24268,1.02577,0.00966,0.00050,0
350.323,0.08130,-0.99805,-0.24292,1.03040,0.00463,0.00051,0
351.936,0.07910,-0.99512,-0.24683,1.02832,0.00208,0.00048,0
353.543,0.08008,-0.99365,-0.24121,1.02564,0.00268,0.00049,0
355.137,0.08130,-0.99634,-0.23608,1.02715,0.00151,0.00048,0
356.835,0.08667,-0.99634,-0.24390,1.02941,0.00226,0.00048,0
358.373,0.07935,-0.99902,-0.23486,1.02932,0.00009,0.00047,0
359.908,0.08105,-0.99805,-0.24292,1.03038,0.00106,0.00047,0
361.421,0.07275,-1.00366,-0.24243,1.03509,0.00471,0.00048,0
362.941,0.07227,-0.99927,-0.23511,1.02909,0.00599,0.00050,0
364.451,0.07617,-0.99927,-0.24048,1.03062,0.00152,0.00048,0
365.975,0.07300,-0.99951,-0.23657,1.02972,0.00090,0.00048,0
367.487,0.07471,-0.99292,-0.23999,1.02424,0.00548,0.00049,0
369.006,0.07617,-0.99707,-0.24316,1.02912,0.00488,0.00051,0
370.531,0.07861,-0.99268,-0.23901,1.02407,0.00505,0.00053,0
372.065,0.08179,-0.99683,-0.23804,1.02811,0.00404,0.00044,0
373.605,0.07446,-0.99243,-0.24023,1.02381,0.00431,0.00046,0
375.126,0.07715,-0.99707,-0.23999,1.02844,0.00464,0.00046,0
376.703,0.08130,-0.99536,-0.24243,1.02768,0.00076,0.00042,0
378.249,0.08105,-1.00049,-0.24023,1.03211,0.00443,0.00044,0
379.766,0.08252,-0.99731,-0.23706,1.02842,0.00370,0.00040,0
381.301,0.08350,-0.99683,-0.24048,1.02882,0.00040,0.00040,0
382.843,0.07812,-1.00146,-0.24951,1.03503,0.00622,0.00043,0
384.368,0.08325,-0.99707,-0.24365,1.02978,0.00525,0.00046,0
385.900,0.08301,-0.99731,-0.23682,1.02840,0.00138,0.00043,0
387.513,0.07861,-1.00024,-0.24512,1.03284,0.00444,0.00036,0
389.060,0.07666,-0.99658,-0.24854,1.02996,0.00287,0.00035,0
390.683,0.07617,-0.99683,-0.24780,1.02999,0.00002,0.00034,0
392.307,0.07861,-0.99927,-0.23877,1.03040,0.00042,0.00034,0
393.865,0.07861,-0.99536,-0.23975,1.02684,0.00356,0.00035,0
395.418,0.07593,-0.99487,-0.24292,1.02691,0.00007,0.00034,0
396.927,0.07544,-0.99561,-0.24438,1.02793,0.00102,0.00034,0
398.466,0.07422,-1.00586,-0.23950,1.03664,0.00871,0.00042,0
400.014,0.07690,-0.99390,-0.24658,1.02691,0.00973,0.00049,0
401.546,0.07617,-0.99683,-0.24097,1.02836,0.00145,0.00046,0
403.082,0.07617,-0.99414,-0.24390,1.02645,0.00191,0.00046,0
404.621,0.08228,-0.99707,-0.24463,1.02993,0.00348,0.00047,0
406.137,0.08276,-0.99902,-0.24609,1.03221,0.00228,0.00044,0
407.669,0.08130,-0.99829,-0.24902,1.03209,0.00012,0.00042,0
409.185,0.07666,-0.99683,-0.24438,1.02921,0.00288,0.00040,0
410.716,0.08203,-0.99658,-0.23584,1.02739,0.00182,0.00039,0
412.236,0.08325,-0.99780,-0.23926,1.02946,0.00207,0.00037,0
413.769,0.08838,-1.00317,-0.24146,1.03560,0.00614,0.00039,0
415.320,0.07959,-0.99927,-0.24414,1.03173,0.00387,0.00041,0
416.831,0.07935,-0.99683,-0.24512,1.02958,0.00215,0.00039,0
418.344,0.07788,-0.99878,-0.24316,1.03090,0.00132,0.00038,0
419.853,0.08008,-0.99683,-0.24048,1.02854,0.00235,0.00038,0
421.374,0.08008,-0.99658,-0.24023,1.02825,0.00029,0.00035,0
422.888,0.07593,-0.99487,-0.24365,1.02709,0.00117,0.00032,0
424.414,0.08032,-0.99414,-0.23682,1.02511,0.00198,0.00032,0
426.067,0.08105,-0.99243,-0.23535,1.02317,0.00194,0.00031,0
427.599,0.07422,-0.99585,-0.23975,1.02699,0.00382,0.00031,0
429.132,0.08423,-1.00122,-0.23804,1.03257,0.00558,0.00034,0
430.632,0.08667,-0.99976,-0.23999,1.03180,0.00077,0.00034,0
432.212,0.08105,-1.00049,-0.24194,1.03251,0.00071,0.00033,0
433.732,0.07959,-1.00220,-0.24243,1.03417,0.00166,0.00033,0
435.258,0.08105,-0.99902,-0.23193,1.02879,0.00538,0.00036,0
436.780,0.08838,-0.99829,-0.23291,1.02890,0.00011,0.00029,0
438.300,0.08081,-0.99609,-0.24414,1.02876,0.00015,0.00019,0
439.857,0.08447,-0.99561,-0.23779,1.02709,0.00167,0.00019,0
441.402,0.08252,-0.99512,-0.24780,1.02882,0.00173,0.00019,0
442.933,0.07935,-1.00098,-0.24316,1.03314,0.00432,0.00020,0
444.449,0.07983,-1.00220,-0.24976,1.03593,0.00279,0.00020,0
445.959,0.08374,-1.00073,-0.23584,1.03155,0.00438,0.00022,0
447.471,0.08276,-0.99683,-0.23633,1.02780,0.00376,0.00023,0
448.972,0.08301,-0.99585,-0.23706,1.02704,0.00076,0.00022,0
450.467,0.08179,-0.99219,-0.23779,1.02356,0.00348,0.00023,0
451.976,0.07812,-1.00146,-0.23999,1.03278,0.00922,0.00028,0
453.472,0.08545,-0.99829,-0.23657,1.02949,0.00329,0.00027,0
454.971,0.07812,-0.99902,-0.24634,1.03191,0.00242,0.00027,0
456.461,0.07617,-1.00195,-0.24048,1.03322,0.00131,0.00027,0
457.946,0.07764,-0.99829,-0.23364,1.02820,0.00502,0.00029,0
459.451,0.08105,-0.99438,-0.23193,1.02429,0.00392,0.00031,0
460.942,0.08252,-0.99292,-0.23120,1.02282,0.00147,0.00031,0
462.442,0.08154,-0.99609,-0.23779,1.02733,0.00451,0.00033,0
463.983,0.08081,-0.98779,-0.23706,1.01905,0.00828,0.00039,0
465.475,0.08154,-0.99390,-0.24048,1.02582,0.00677,0.00042,0
466.972,0.08374,-1.00342,-0.23828,1.03472,0.00890,0.00047,0
468.462,0.08643,-1.00073,-0.24512,1.03393,0.00078,0.00047,0
469.950,0.08496,-0.99634,-0.23999,1.02835,0.00558,0.00050,0
471.445,0.08423,-0.99902,-0.24194,1.03135,0.00300,0.00051,0
472.943,0.08301,-0.99585,-0.23755,1.02715,0.00420,0.00050,0
474.440,0.07910,-0.99341,-0.23779,1.02453,0.00262,0.00050,0
475.935,0.07251,-0.99805,-0.25171,1.03185,0.00732,0.00056,0
477.434,0.07837,-0.99512,-0.24927,1.02885,0.00300,0.00056,0
478.914,0.07959,-0.99658,-0.24097,1.02838,0.00047,0.00056,0
480.419,0.07788,-0.99878,-0.23608,1.02925,0.00087,0.00054,0
481.923,0.08154,-0.99512,-0.24683,1.02851,0.00074,0.00054,0
483.460,0.08154,-0.99390,-0.24536,1.02698,0.00153,0.00052,0
484.997,0.08228,-0.99146,-0.24463,1.02450,0.00248,0.00051,0
486.506,0.08374,-0.99365,-0.24487,1.02680,0.00230,0.00052,0
488.031,0.08203,-0.99683,-0.23975,1.02853,0.00173,0.00051,0
489.569,0.08350,-0.99731,-0.23535,1.02810,0.00042,0.00042,0
491.089,0.07739,-0.99829,-0.23828,1.02925,0.00114,0.00041,0
492.619,0.08423,-0.99512,-0.23999,1.02711,0.00214,0.00041,0
494.128,0.08228,-0.99634,-0.24121,1.02842,0.00131,0.00041,0
495.655,0.07812,-0.99756,-0.24243,1.02956,0.00115,0.00039,0
497.180,0.08130,-1.00098,-0.24658,1.03410,0.00454,0.00039,0
498.704,0.08105,-0.99585,-0.24341,1.02836,0.00574,0.00042,0
500.239,0.08252,-0.99390,-0.24243,1.02636,0.00201,0.00041,0
501.780,0.08057,-0.99585,-0.24854,1.02955,0.00319,0.00035,0
503.305,0.08203,-1.00000,-0.24536,1.03292,0.00337,0.00031,0
504.837,0.07568,-0.99487,-0.24707,1.02788,0.00504,0.00026,0
506.354,0.07666,-0.99243,-0.23999,1.02391,0.00397,0.00027,0
507.878,0.08374,-0.99976,-0.23291,1.02994,0.00603,0.00028,0
509.395,0.07715,-0.99878,-0.22925,1.02765,0.00229,0.00028,0
510.914,0.07935,-0.99561,-0.23901,1.02696,0.00069,0.00026,0
512.448,0.08008,-0.99316,-0.24487,1.02604,0.00093,0.00025,0
513.970,0.08081,-0.99561,-0.24585,1.02869,0.00265,0.00021,0
515.488,0.08179,-0.99316,-0.24902,1.02717,0.00152,0.00020,0
516.996,0.08032,-0.99731,-0.24927,1.03113,0.00396,0.00022,0
518.514,0.08203,-1.00146,-0.24146,1.03342,0.00230,0.00022,0
520.014,0.07788,-0.99390,-0.24023,1.02548,0.00794,0.00028,0
521.534,0.08252,-0.99561,-0.24512,1.02865,0.00317,0.00029,0
523.060,0.08496,-0.99927,-0.23926,1.03102,0.00237,0.00029,0
524.582,0.07812,-0.99438,-0.23462,1.02467,0.00635,0.00032,0
526.118,0.07690,-0.99536,-0.24268,1.02740,0.00273,0.00033,0
527.614,0.08032,-0.99536,-0.24390,1.02795,0.00055,0.00033,0
529.142,0.08081,-1.00244,-0.23877,1.03365,0.00570,0.00036,0
530.795,0.07959,-0.99561,-0.24414,1.02819,0.00546,0.00039,0
532.321,0.07959,-0.99292,-0.23926,1.02444,0.00375,0.00040,0
533.872,0.07935,-0.99609,-0.24072,1.02784,0.00340,0.00041,0
535.390,0.07959,-0.99756,-0.24634,1.03060,0.00277,0.00040,0
536.907,0.08032,-0.99463,-0.23828,1.02592,0.00468,0.00038,0
538.421,0.07520,-1.00024,-0.23120,1.02937,0.00344,0.00039,0
539.953,0.08643,-0.99707,-0.24121,1.02947,0.00010,0.00038,0
541.480,0.07837,-0.99658,-0.23633,1.02721,0.00225,0.00038,0
542.994,0.08203,-0.99170,-0.24292,1.02431,0.00291,0.00036,0
544.509,0.08228,-0.99634,-0.23584,1.02717,0.00286,0.00035,0
546.036,0.08203,-0.99634,-0.23755,1.02754,0.00037,0.00031,0
547.558,0.07544,-0.99609,-0.24292,1.02806,0.00051,0.00031,0
549.093,0.07910,-0.99707,-0.24121,1.02888,0.00082,0.00031,0
550.615,0.07983,-0.99951,-0.24146,1.03136,0.00248,0.00032,0
552.188,0.08691,-0.99365,-0.24805,1.02783,0.00353,0.00032,0
553.785,0.07495,-0.99536,-0.24341,1.02743,0.00040,0.00032,0
555.478,0.07959,-0.99902,-0.24902,1.03266,0.00524,0.00033,0
557.139,0.07715,-0.99512,-0.24414,1.02753,0.00514,0.00035,0
558.779,0.08057,-0.99902,-0.24487,1.03175,0.00422,0.00031,0
560.406,0.08398,-0.99731,-0.24170,1.02962,0.00213,0.00030,0
561.967,0.07422,-0.99805,-0.24316,1.02992,0.00030,0.00030,0
563.506,0.07300,-0.99878,-0.24829,1.03176,0.00184,0.00026,0
565.031,0.07690,-0.99438,-0.24365,1.02668,0.00508,0.00028,0
566.556,0.07764,-0.99414,-0.24829,1.02761,0.00093,0.00028,0
568.091,0.07617,-0.99219,-0.24805,1.02556,0.00206,0.00025,0
569.689,0.07324,-0.99316,-0.24512,1.02558,0.00003,0.00022,0
571.433,0.08398,-0.99561,-0.23926,1.02739,0.00181,0.00021,0
573.095,0.07739,-0.99658,-0.24707,1.02966,0.00228,0.00020,0
574.761,0.07788,-0.99634,-0.23730,1.02717,0.00250,0.00020,0
576.379,0.07935,-0.99268,-0.24316,1.02510,0.00207,0.00018,0
577.972,0.08301,-0.99561,-0.24683,1.02910,0.00400,0.00019,0
579.554,0.08545,-0.99487,-0.23584,1.02601,0.00309,0.00020,0
581.122,0.07568,-0.99048,-0.24268,1.02258,0.00343,0.00020,0
582.683,0.07739,-0.99170,-0.24072,1.02343,0.00085,0.00020,0
584.286,0.07617,-0.99951,-0.23779,1.03023,0.00680,0.00023,0
585.838,0.08179,-1.00342,-0.24390,1.03587,0.00564,0.00027,0
587.419,0.08081,-0.99414,-0.23828,1.02549,0.01038,0.00037,0
588.964,0.08105,-0.99536,-0.24487,1.02824,0.00275,0.00038,0
590.506,0.07568,-0.99585,-0.24561,1.02848,0.00024,0.00037,0
592.053,0.07520,-0.99707,-0.23926,1.02813,0.00035,0.00036,0
593.587,0.08179,-0.99902,-0.24316,1.03144,0.00331,0.00037,0
595.151,0.07861,-0.99438,-0.24170,1.02635,0.00509,0.00037,0
596.734,0.07837,-0.99731,-0.24292,1.02946,0.00311,0.00035,0
598.308,0.07178,-0.99609,-0.23389,1.02570,0.00376,0.00035,0
599.997,0.07642,-1.00073,-0.23682,1.03121,0.00551,0.00038,0
601.697,0.07959,-0.99561,-0.24414,1.02819,0.00302,0.00038,0
603.464,0.08008,-0.99219,-0.24268,1.02457,0.00362,0.00039,0
605.157,0.08130,-0.99634,-0.24927,1.03026,0.00569,0.00040,0
606.924,0.07788,-0.99487,-0.24316,1.02712,0.00314,0.00041,0
608.574,0.08032,-0.99561,-0.22803,1.02454,0.00258,0.00041,0
610.292,0.07690,-0.99731,-0.24121,1.02895,0.00441,0.00043,0
612.006,0.08325,-1.00000,-0.23901,1.03153,0.00258,0.00044,0
613.744,0.08423,-0.99097,-0.24780,1.02495,0.00659,0.00047,0
615.497,0.08008,-0.99658,-0.24414,1.02917,0.00422,0.00049,0
617.193,0.08057,-0.99414,-0.24756,1.02766,0.00151,0.00048,0
618.755,0.07617,-0.99756,-0.24194,1.02930,0.00164,0.00047,0
620.318,0.08008,-0.99780,-0.23389,1.02797,0.00133,0.00046,0
621.852,0.07642,-0.99854,-0.23682,1.02907,0.00110,0.00045,0
623.439,0.07593,-0.99878,-0.23462,1.02877,0.00030,0.00045,0
625.010,0.08081,-1.00195,-0.23560,1.03245,0.00367,0.00042,0
626.686,0.07495,-0.99658,-0.24902,1.02995,0.00249,0.00039,0
628.262,0.08252,-0.99927,-0.24878,1.03307,0.00312,0.00029,0
629.822,0.08447,-0.99829,-0.24902,1.03234,0.00073,0.00029,0
631.427,0.07690,-0.99536,-0.24658,1.02833,0.00401,0.00030,0
633.034,0.07520,-0.99219,-0.23853,1.02322,0.00511,0.00033,0
634.598,0.08398,-1.00122,-0.24121,1.03329,0.01006,0.00042,0
636.270,0.07959,-0.99951,-0.23486,1.02982,0.00347,0.00041,0
638.062,0.07446,-0.99658,-0.24023,1.02783,0.00199,0.00040,0
640.029,0.07837,-0.99976,-0.24194,1.03160,0.00377,0.00040,0
641.764,0.07739,-1.00024,-0.24365,1.03240,0.00080,0.00037,0
643.485,0.08325,-0.99512,-0.23657,1.02623,0.00616,0.00040,0
645.103,0.08008,-1.00098,-0.23413,1.03111,0.00487,0.00041,0
646.764,0.07910,-0.99707,-0.23389,1.02719,0.00392,0.00039,0
648.422,0.07495,-1.00195,-0.24121,1.03330,0.00612,0.00042,0
650.096,0.07983,-0.99780,-0.24341,1.03016,0.00314,0.00042,0
651.799,0.07739,-0.99854,-0.24536,1.03115,0.00099,0.00041,0
653.579,0.07178,-1.00049,-0.23486,1.03019,0.00096,0.00040,0
655.250,0.08203,-0.99658,-0.24512,1.02956,0.00063,0.00036,0
656.811,0.07788,-0.99829,-0.24341,1.03048,0.00093,0.00034,0
658.352,0.08203,-0.98975,-0.23486,1.02053,0.00995,0.00044,0
659.886,0.07837,-0.99121,-0.24048,1.02297,0.00244,0.00044,0
661.445,0.08105,-0.99976,-0.24048,1.03146,0.00849,0.00051,0
663.007,0.08081,-0.99878,-0.23999,1.03038,0.00108,0.00051,0
664.568,0.08154,-0.99707,-0.24194,1.02924,0.00114,0.00051,0
666.129,0.08423,-0.99609,-0.24219,1.02857,0.00067,0.00050,0
667.678,0.08447,-0.99707,-0.23804,1.02857,0.00000,0.00049,0
669.234,0.07739,-0.99365,-0.23413,1.02379,0.00477,0.00051,0
670.768,0.07788,-0.99438,-0.23706,1.02521,0.00142,0.00051,0
672.522,0.07983,-0.99341,-0.24268,1.02573,0.00052,0.00049,0
674.284,0.07300,-0.99463,-0.24365,1.02664,0.00090,0.00047,0
676.003,0.07910,-0.99536,-0.24878,1.02902,0.00239,0.00037,0
677.654,0.07788,-0.99268,-0.23755,1.02367,0.00536,0.00039,0
679.457,0.08130,-0.99805,-0.25342,1.03292,0.00925,0.00047,0
681.161,0.07910,-0.99390,-0.23901,1.02529,0.00763,0.00051,0
682.924,0.08105,-0.99585,-0.24365,1.02842,0.00313,0.00052,0
684.575,0.07910,-0.99829,-0.23877,1.02949,0.00107,0.00048,0
686.414,0.07422,-0.99341,-0.23633,1.02383,0.00567,0.00049,0
688.001,0.08472,-1.00464,-0.24121,1.03666,0.01283,0.00064,0
689.540,0.08228,-1.00244,-0.24365,1.03490,0.00175,0.00061,0
691.087,0.07642,-0.99487,-0.23779,1.02575,0.00916,0.00068,0
692.647,0.07617,-0.99927,-0.23828,1.03010,0.00436,0.00070,0
694.232,0.07910,-0.99512,-0.23682,1.02596,0.00414,0.00072,0
695.767,0.08350,-0.99585,-0.23706,1.02708,0.00111,0.00072,0
697.349,0.08472,-0.99463,-0.24316,1.02742,0.00034,0.00072,0
698.891,0.08179,-1.00024,-0.24048,1.03199,0.00457,0.00064,0
700.462,0.08081,-0.99902,-0.24536,1.03188,0.00011,0.00063,0
701.990,0.07959,-0.99463,-0.23779,1.02575,0.00613,0.00060,0
703.770,0.07837,-0.99121,-0.23853,1.02251,0.00324,0.00061,0
705.526,0.08252,-0.99438,-0.24023,1.02632,0.00380,0.00062,0
707.219,0.07788,-0.99756,-0.22803,1.02625,0.00007,0.00062,0
708.947,0.07886,-0.99585,-0.24048,1.02750,0.00126,0.00062,0
710.680,0.07617,-0.99951,-0.24072,1.03091,0.00340,0.00061,0
712.505,0.08105,-0.99609,-0.24390,1.02872,0.00219,0.00061,0
714.229,0.08008,-0.99829,-0.23828,1.02945,0.00074,0.00061,0
716.019,0.08252,-0.99243,-0.23657,1.02357,0.00588,0.00065,0
717.777,0.08105,-0.99121,-0.23633,1.02221,0.00136,0.00064,0
719.386,0.08130,-0.99585,-0.23755,1.02701,0.00480,0.00064,0
720.939,0.08130,-0.99365,-0.24536,1.02672,0.00029,0.00055,0
722.492,0.07910,-0.99658,-0.24194,1.02858,0.00186,0.00050,0
724.043,0.08618,-0.99438,-0.23657,1.02577,0.00281,0.00050,0
725.617,0.08447,-0.99268,-0.24341,1.02557,0.00020,0.00049,0
727.152,0.08057,-0.99658,-0.24829,1.03020,0.00463,0.00048,0
728.675,0.07983,-1.00024,-0.23511,1.03060,0.00040,0.00032,0
730.218,0.08618,-1.00244,-0.23608,1.03347,0.00287,0.00032,0
731.751,0.08154,-0.99780,-0.24756,1.03128,0.00218,0.00025,0
733.318,0.08154,-0.99072,-0.24268,1.02327,0.00802,0.00029,0
735.018,0.07739,-0.99463,-0.23364,1.02463,0.00136,0.00028,0
736.802,0.08130,-0.99512,-0.23853,1.02653,0.00190,0.00028,0
738.535,0.08008,-0.99390,-0.24487,1.02675,0.00022,0.00028,0
740.243,0.07935,-0.99658,-0.23804,1.02768,0.00094,0.00026,0
741.884,0.08203,-0.99585,-0.24390,1.02856,0.00087,0.00026,0
743.622,0.07886,-0.99731,-0.23535,1.02774,0.00082,0.00022,0
745.233,0.08105,-0.99683,-0.24902,1.03065,0.00291,0.00022,0
746.785,0.08228,-0.99463,-0.24438,1.02751,0.00314,0.00021,0
748.331,0.08423,-0.99854,-0.24121,1.03070,0.00319,0.00022,0
749.869,0.08008,-0.99878,-0.23804,1.02987,0.00083,0.00022,0
751.561,0.08081,-0.99585,-0.23047,1.02536,0.00451,0.00023,0
753.109,0.07959,-0.99609,-0.24121,1.02797,0.00261,0.00023,0
754.711,0.07886,-1.00073,-0.24878,1.03420,0.00623,0.00027,0
756.287,0.08252,-1.00269,-0.24316,1.03504,0.00084,0.00024,0
757.853,0.07837,-0.99976,-0.24780,1.03299,0.00206,0.00024,0
759.439,0.08130,-0.99634,-0.23804,1.02760,0.00539,0.00025,0
761.205,0.07935,-0.99487,-0.24097,1.02671,0.00089,0.00025,0
763.014,0.07837,-1.00049,-0.24414,1.03282,0.00611,0.00028,0
764.730,0.08423,-0.99902,-0.24194,1.03135,0.00147,0.00028,0
766.567,0.08252,-0.99805,-0.23682,1.02907,0.00228,0.00028,0
768.286,0.07739,-0.99731,-0.23999,1.02870,0.00037,0.00026,0
770.061,0.07739,-1.00171,-0.23779,1.03245,0.00375,0.00027,0
771.963,0.08447,-0.99487,-0.24316,1.02764,0.00481,0.00029,0
773.605,0.08008,-0.99731,-0.24585,1.03029,0.00265,0.00029,0
775.162,0.07983,-0.99170,-0.25024,1.02590,0.00439,0.00025,0
776.749,0.07739,-0.99561,-0.23779,1.02653,0.00063,0.00024,0
778.329,0.08105,-0.99438,-0.23853,1.02580,0.00073,0.00024,0
779.867,0.08032,-0.99463,-0.23462,1.02508,0.00072,0.00024,0
781.388,0.07495,-0.99341,-0.24023,1.02479,0.00029,0.00024,0
782.982,0.07520,-0.99561,-0.24243,1.02745,0.00266,0.00025,0
784.523,0.07861,-1.00049,-0.23486,1.03069,0.00324,0.00026,0
786.082,0.07837,-0.99780,-0.23462,1.02801,0.00268,0.00026,0
787.651,0.07642,-0.99658,-0.23975,1.02786,0.00015,0.00025,0
789.181,0.07666,-0.99976,-0.24463,1.03210,0.00424,0.00025,0
790.921,0.08569,-0.99463,-0.24219,1.02727,0.00483,0.00028,0
792.650,0.07959,-0.99561,-0.24097,1.02744,0.00017,0.00026,0
794.472,0.08130,-0.99536,-0.23901,1.02688,0.00056,0.00025,0
796.239,0.08496,-0.99561,-0.23877,1.02736,0.00048,0.00021,0
797.974,0.08154,-0.99438,-0.24243,1.02675,0.00060,0.00021,0
799.774,0.08105,-0.99976,-0.24438,1.03238,0.00562,0.00024,0
801.528,0.07983,-0.99951,-0.24438,1.03205,0.00033,0.00021,0
803.079,0.08057,-0.99780,-0.23926,1.02925,0.00280,0.00022,0
804.612,0.08154,-0.99756,-0.24438,1.03029,0.00104,0.00018,0
806.153,0.08252,-0.99658,-0.24585,1.02977,0.00052,0.00018,0
807.717,0.08081,-1.00049,-0.24634,1.03353,0.00376,0.00019,0
809.273,0.08325,-0.99585,-0.24805,1.02965,0.00388,0.00020,0
810.871,0.08081,-0.99829,-0.24536,1.03117,0.00153,0.00019,0
812.409,0.08154,-1.00195,-0.23755,1.03295,0.00178,0.00017,0
813.938,0.07739,-0.99683,-0.23901,1.02800,0.00495,0.00019,0
815.489,0.07593,-1.00439,-0.23779,1.03495,0.00695,0.00022,0
817.000,0.07495,-0.99634,-0.24365,1.02843,0.00652,0.00026,0
818.797,0.07935,-1.00024,-0.23755,1.03112,0.00269,0.00027,0
820.519,0.08057,-0.99878,-0.24219,1.03088,0.00025,0.00027,0
822.340,0.08643,-0.99805,-0.24341,1.03093,0.00005,0.00027,0
824.051,0.08203,-0.99438,-0.23486,1.02503,0.00590,0.00029,0
825.827,0.08081,-1.00342,-0.23608,1.03398,0.00895,0.00036,0
827.540,0.08252,-0.99023,-0.24463,1.02334,0.01064,0.00047,0
829.086,0.07983,-0.99146,-0.24390,1.02413,0.00079,0.00047,0
830.602,0.08203,-0.99512,-0.23828,1.02653,0.00240,0.00046,0
832.225,0.07910,-0.99072,-0.23633,1.02159,0.00494,0.00046,0
833.754,0.07886,-0.99438,-0.23730,1.02535,0.00376,0.00047,0
835.315,0.08374,-0.99878,-0.23682,1.02988,0.00454,0.00049,0
836.839,0.07373,-0.99902,-0.24707,1.03176,0.00188,0.00050,0
838.358,0.08179,-0.99683,-0.23242,1.02683,0.00493,0.00052,0
839.895,0.07935,-0.99780,-0.24097,1.02955,0.00272,0.00050,0
841.459,0.07910,-0.99756,-0.23218,1.02727,0.00228,0.00050,0
843.001,0.07812,-0.99561,-0.23950,1.02698,0.00029,0.00049,0
844.655,0.08008,-0.99780,-0.23804,1.02892,0.00194,0.00050,0
846.574,0.07983,-0.99609,-0.23755,1.02713,0.00179,0.00050,0
848.340,0.07959,-0.99438,-0.24316,1.02677,0.00036,0.00048,0
850.157,0.07788,-0.99487,-0.24121,1.02665,0.00012,0.00047,0
851.945,0.08057,-0.99731,-0.24438,1.02998,0.00332,0.00048,0
853.708,0.07544,-0.99731,-0.23169,1.02665,0.00333,0.00049,0
855.467,0.08057,-0.99805,-0.23804,1.02920,0.00255,0.00047,0
857.040,0.07910,-0.99805,-0.24121,1.02982,0.00063,0.00042,0
858.597,0.08179,-1.00220,-0.24194,1.03423,0.00440,0.00040,0
860.154,0.08643,-1.00098,-0.23755,1.03240,0.00183,0.00039,0
861.728,0.08105,-0.99585,-0.24146,1.02790,0.00450,0.00041,0
863.390,0.07446,-0.99585,-0.23779,1.02655,0.00135,0.00042,0
864.964,0.07568,-0.99658,-0.24658,1.02942,0.00287,0.00039,0
866.492,0.07495,-0.99731,-0.24268,1.02915,0.00027,0.00031,0
868.075,0.07886,-0.99487,-0.23755,1.02588,0.00327,0.00021,0
869.629,0.07617,-0.99463,-0.24438,1.02704,0.00117,0.00021,0
871.182,0.08350,-0.99756,-0.23389,1.02801,0.00097,0.00020,0
872.797,0.08130,-0.99658,-0.24487,1.02944,0.00143,0.00018,0
874.528,0.08057,-0.99731,-0.23975,1.02889,0.00056,0.00017,0
876.323,0.08008,-0.99512,-0.24561,1.02810,0.00078,0.00015,0
878.103,0.07690,-0.99878,-0.24268,1.03071,0.00261,0.00015,0
879.837,0.07935,-0.99658,-0.24121,1.02842,0.00229,0.00013,0
881.644,0.08130,-0.99902,-0.24194,1.03111,0.00269,0.00013,0
883.144,0.07935,-0.99561,-0.23486,1.02601,0.00511,0.00015,0
884.625,0.08032,-0.99878,-0.24170,1.03074,0.00474,0.00017,0
886.107,0.07642,-0.99561,-0.24780,1.02882,0.00192,0.00017,0
887.610,0.07812,-0.99609,-0.24121,1.02786,0.00097,0.00017,0
889.114,0.07544,-0.99731,-0.23682,1.02782,0.00004,0.00017,0
890.613,0.08008,-0.99316,-0.24072,1.02505,0.00276,0.00018,0
892.125,0.08032,-0.99927,-0.22925,1.02837,0.00332,0.00018,0
893.641,0.08081,-0.99756,-0.23584,1.02824,0.00013,0.00017,0
895.139,0.08228,-0.99683,-0.24463,1.02970,0.00146,0.00016,0
896.641,0.08276,-1.00073,-0.24390,1.03334,0.00365,0.00018,0
898.416,0.07690,-0.99829,-0.24048,1.02972,0.00362,0.00017,0
900.223,0.07886,-0.99854,-0.24658,1.03155,0.00183,0.00017,0
902.023,0.07764,-0.99487,-0.24097,1.02658,0.00497,0.00017,0
903.677,0.07910,-0.99341,-0.23730,1.02442,0.00216,0.00018,0
905.462,0.07788,-0.99707,-0.23901,1.02827,0.00385,0.00018,0
907.032,0.07739,-0.99536,-0.24487,1.02796,0.00031,0.00018,0
908.527,0.07471,-0.99854,-0.24048,1.02980,0.00184,0.00018,0
910.013,0.08008,-1.00098,-0.24219,1.03297,0.00317,0.00018,0
911.515,0.07812,-0.99878,-0.24438,1.03121,0.00176,0.00019,0
913.019,0.07983,-0.99463,-0.24854,1.02831,0.00289,0.00019,0
914.509,0.08301,-0.99731,-0.23950,1.02902,0.00071,0.00019,0
916.025,0.07910,-0.99048,-0.24194,1.02266,0.00636,0.00023,0
917.529,0.08423,-0.99219,-0.23901,1.02404,0.00138,0.00023,0
919.036,0.07593,-0.99438,-0.24341,1.02655,0.00251,0.00023,0
920.528,0.07910,-0.99683,-0.23950,1.02824,0.00169,0.00022,0
922.011,0.07324,-0.99341,-0.23877,1.02432,0.00392,0.00021,0
923.500,0.07593,-0.99829,-0.23340,1.02802,0.00370,0.00021,0
924.986,0.08252,-0.99902,-0.23999,1.03075,0.00273,0.00021,0
926.485,0.08350,-0.99854,-0.23389,1.02895,0.00180,0.00021,0
928.065,0.08350,-0.99463,-0.23608,1.02567,0.00329,0.00022,0
929.912,0.07959,-0.99731,-0.23877,1.02858,0.00291,0.00022,0
931.790,0.08545,-1.00024,-0.24756,1.03396,0.00538,0.00024,0
933.503,0.08447,-0.99536,-0.23120,1.02535,0.00862,0.00032,0
935.232,0.08472,-0.99683,-0.24341,1.02961,0.00426,0.00033,0
936.910,0.07397,-0.99951,-0.23950,1.03046,0.00086,0.00032,0
938.417,0.07690,-0.99146,-0.23560,1.02196,0.00850,0.00038,0
939.917,0.08374,-0.99829,-0.23218,1.02835,0.00639,0.00042,0
941.421,0.08228,-0.99585,-0.23584,1.02670,0.00165,0.00039,0
942.930,0.07812,-0.99438,-0.24121,1.02620,0.00050,0.00039,0
944.426,0.07861,-0.99780,-0.24023,1.02932,0.00312,0.00038,0
945.912,0.08130,-0.99902,-0.23950,1.03054,0.00122,0.00039,0
947.398,0.07959,-0.99243,-0.25000,1.02653,0.00402,0.00040,0
948.900,0.07397,-0.99292,-0.23462,1.02294,0.00358,0.00040,0
950.393,0.08203,-0.99951,-0.23584,1.03023,0.00729,0.00045,0
951.891,0.07983,-1.00269,-0.24390,1.03501,0.00478,0.00047,0
953.384,0.08032,-0.99805,-0.23584,1.02867,0.00633,0.00050,0
954.896,0.08252,-0.99121,-0.23975,1.02313,0.00555,0.00050,0
956.399,0.07520,-0.99683,-0.24731,1.02980,0.00667,0.00054,0
957.880,0.07959,-0.99609,-0.24072,1.02785,0.00194,0.00054,0
959.389,0.07446,-1.00024,-0.23901,1.03110,0.00324,0.00054,0
960.885,0.07935,-0.99756,-0.23804,1.02863,0.00247,0.00053,0
962.390,0.08447,-0.99512,-0.23706,1.02645,0.00218,0.00052,0
963.933,0.07666,-0.99463,-0.24023,1.02610,0.00035,0.00052,0
965.669,0.07861,-0.99414,-0.23901,1.02549,0.00061,0.00051,0
967.436,0.07812,-0.99365,-0.24268,1.02584,0.00035,0.00050,0
969.143,0.08154,-0.99585,-0.23560,1.02658,0.00075,0.00050,0
970.853,0.08716,-0.99683,-0.23657,1.02821,0.00163,0.00047,0
972.863,0.07935,-0.99829,-0.24292,1.03048,0.00227,0.00040,0
974.349,0.08276,-0.99609,-0.24243,1.02851,0.00197,0.00039,0
975.842,0.08057,-0.99341,-0.24585,1.02654,0.00196,0.00039,0
977.328,0.08398,-0.99194,-0.24707,1.02569,0.00085,0.00032,0
978.816,0.08374,-0.99854,-0.24170,1.03078,0.00508,0.00030,0
980.311,0.07642,-0.99634,-0.24487,1.02883,0.00195,0.00030,0
981.793,0.07666,-0.99536,-0.24414,1.02773,0.00110,0.00030,0
983.285,0.07715,-0.99219,-0.25098,1.02634,0.00139,0.00030,0
984.787,0.07910,-0.99097,-0.24097,1.02291,0.00344,0.00031,0
986.275,0.07642,-0.99829,-0.24658,1.03113,0.00822,0.00036,0
987.790,0.07983,-0.99756,-0.24829,1.03109,0.00004,0.00035,0
989.290,0.08398,-1.00220,-0.24536,1.03521,0.00412,0.00031,0
990.805,0.07373,-0.99316,-0.23560,1.02338,0.01182,0.00043,0
992.316,0.07593,-0.99658,-0.23291,1.02625,0.00286,0.00040,0
993.814,0.07935,-0.99951,-0.24683,1.03259,0.00634,0.00040,0
995.328,0.08105,-0.99585,-0.23926,1.02739,0.00520,0.00039,0
997.034,0.07617,-0.99243,-0.23682,1.02313,0.00426,0.00040,0
998.860,0.08398,-0.99927,-0.23608,1.03021,0.00707,0.00044,0
1000.490,0.08447,-0.99219,-0.23242,1.02254,0.00766,0.00049,0
1002.209,0.08154,-0.99585,-0.24170,1.02800,0.00546,0.00052,0
1004.034,0.07910,-0.99097,-0.23535,1.02160,0.00640,0.00056,0
1005.590,0.08032,-0.99731,-0.24683,1.03054,0.00894,0.00064,0
1007.082,0.08008,-0.99219,-0.24463,1.02503,0.00551,0.00067,0
1008.565,0.07617,-1.00317,-0.23926,1.03412,0.00909,0.00075,0
1010.054,0.07471,-0.99731,-0.24414,1.02948,0.00464,0.00077,0
1011.539,0.07861,-0.99805,-0.24243,1.03007,0.00060,0.00077,0
1013.029,0.07983,-0.99512,-0.24561,1.02808,0.00199,0.00077,0
1014.529,0.07886,-0.99927,-0.23462,1.02947,0.00138,0.00076,0
1016.015,0.08032,-1.00244,-0.24121,1.03418,0.00471,0.00078,0
1017.512,0.07104,-0.99878,-0.23975,1.02960,0.00457,0.00078,0
1019.007,0.07959,-0.99243,-0.23584,1.02317,0.00644,0.00082,0
1020.493,0.08130,-0.99731,-0.23682,1.02826,0.00510,0.00084,0
1021.970,0.08057,-0.99683,-0.23877,1.02818,0.00008,0.00084,0
1023.445,0.07520,-0.99756,-0.24194,1.02923,0.00104,0.00083,0
1024.928,0.07861,-1.00195,-0.24683,1.03490,0.00567,0.00079,0
1026.406,0.07812,-0.99390,-0.24878,1.02753,0.00736,0.00085,0
1027.945,0.07935,-0.99805,-0.23950,1.02944,0.00191,0.00084,0
1029.783,0.07642,-0.99487,-0.24121,1.02654,0.00290,0.00070,0
1031.569,0.07715,-0.99829,-0.24658,1.03118,0.00464,0.00072,0
1033.289,0.08789,-0.99463,-0.23877,1.02666,0.00453,0.00070,0
1035.103,0.08179,-0.99805,-0.24316,1.03049,0.00384,0.00069,0
1036.687,0.07959,-1.00146,-0.24146,1.03323,0.00274,0.00067,0
1038.204,0.08081,-0.99854,-0.23315,1.02857,0.00466,0.00065,0
1039.708,0.08032,-0.99512,-0.24438,1.02783,0.00074,0.00059,0
1041.202,0.08032,-0.99097,-0.23462,1.02152,0.00630,0.00060,0
1042.698,0.07812,-0.99634,-0.24414,1.02878,0.00726,0.00061,0
1044.192,0.08154,-0.99731,-0.25244,1.03199,0.00321,0.00054,0
1045.702,0.08179,-0.99756,-0.23950,1.02916,0.00283,0.00052,0
1047.188,0.08423,-0.99390,-0.24072,1.02610,0.00307,0.00044,0
1048.677,0.07690,-0.99463,-0.24487,1.02721,0.00112,0.00042,0
1050.165,0.07910,-1.00122,-0.24438,1.03365,0.00643,0.00047,0
1051.658,0.07593,-0.99902,-0.23779,1.02974,0.00391,0.00048,0
1053.150,0.07715,-0.99878,-0.23633,1.02925,0.00048,0.00047,0
1054.636,0.07886,-0.99829,-0.24438,1.03079,0.00154,0.00045,0
1056.144,0.08130,-0.99854,-0.24707,1.03186,0.00107,0.00044,0
1057.623,0.07910,-0.99292,-0.24219,1.02509,0.00677,0.00044,0
1059.109,0.07666,-0.99756,-0.24854,1.03091,0.00582,0.00045,0
1060.592,0.07617,-1.00146,-0.24194,1.03309,0.00218,0.00045,0
1062.097,0.07422,-0.99658,-0.24805,1.02967,0.00342,0.00046,0
1063.604,0.07739,-0.99854,-0.24194,1.03034,0.00067,0.00043,0
1065.441,0.08569,-0.99805,-0.23730,1.02944,0.00090,0.00038,0
1067.154,0.08350,-0.99512,-0.23975,1.02699,0.00245,0.00038,0
1068.923,0.08276,-0.99658,-0.24097,1.02864,0.00165,0.00037,0
1070.592,0.08374,-0.99243,-0.24365,1.02533,0.00331,0.00036,0
1072.367,0.07861,-0.99365,-0.24463,1.02634,0.00101,0.00034,0
1073.854,0.07617,-0.99561,-0.24268,1.02758,0.00124,0.00033,0
1075.339,0.07812,-0.99707,-0.24170,1.02892,0.00134,0.00033,0
1076.896,0.08423,-0.99805,-0.23755,1.02938,0.00046,0.00030,0
1078.388,0.07642,-0.99976,-0.24341,1.03179,0.00241,0.00031,0
1079.890,0.08008,-1.00122,-0.25171,1.03548,0.00368,0.00028,0
1081.405,0.07935,-0.99634,-0.23926,1.02773,0.00775,0.00029,0
1082.903,0.08008,-0.99658,-0.23462,1.02695,0.00078,0.00028,0
1084.404,0.07812,-0.99829,-0.23633,1.02885,0.00190,0.00028,0
1085.895,0.08472,-0.99292,-0.24121,1.02530,0.00355,0.00028,0
1087.395,0.07520,-0.99707,-0.24243,1.02887,0.00357,0.00029,0
1088.878,0.07837,-1.00024,-0.24365,1.03247,0.00360,0.00026,0
1090.364,0.08081,-1.00171,-0.23975,1.03316,0.00069,0.00025,0
1091.880,0.07495,-0.99658,-0.23657,1.02701,0.00615,0.00029,0
1093.377,0.08179,-0.99829,-0.24097,1.03021,0.00320,0.00029,0
1094.902,0.08179,-0.99756,-0.23291,1.02765,0.00257,0.00030,0
1096.477,0.08008,-0.99512,-0.24170,1.02718,0.00047,0.00025,0
1098.311,0.08228,-0.99512,-0.24292,1.02764,0.00046,0.00022,0
1100.042,0.07910,-0.99536,-0.24854,1.02897,0.00133,0.00022,0
1101.864,0.07935,-0.99487,-0.24414,1.02746,0.00151,0.00021,0
1103.515,0.07959,-0.99683,-0.23608,1.02749,0.00003,0.00021,0
1105.208,0.08350,-0.99976,-0.24072,1.03171,0.00422,0.00022,0
1106.748,0.08252,-0.99634,-0.23315,1.02658,0.00514,0.00024,0
1108.341,0.08130,-0.99561,-0.24707,1.02902,0.00244,0.00025,0
1109.918,0.07861,-0.99341,-0.24243,1.02558,0.00344,0.00025,0
1111.437,0.07300,-0.99731,-0.24170,1.02878,0.00320,0.00026,0
1112.998,0.07983,-1.00049,-0.24316,1.03270,0.00393,0.00027,0
1114.536,0.07959,-0.99976,-0.24243,1.03180,0.00090,0.00027,0
1116.084,0.08032,-0.99512,-0.24121,1.02708,0.00472,0.00029,0
1117.608,0.07642,-0.99927,-0.23779,1.03001,0.00293,0.00030,0
1119.156,0.07837,-0.99365,-0.24634,1.02673,0.00328,0.00029,0
1120.699,0.07642,-0.99487,-0.24512,1.02747,0.00074,0.00023,0
1122.216,0.07886,-0.99561,-0.24121,1.02744,0.00003,0.00023,0
1123.745,0.08008,-0.99170,-0.24878,1.02556,0.00188,0.00023,0
1125.260,0.07544,-0.99463,-0.24609,1.02739,0.00184,0.00022,0
1126.793,0.07520,-0.99341,-0.24414,1.02573,0.00167,0.00021,0
1128.385,0.08423,-0.99902,-0.24707,1.03256,0.00683,0.00025,0
1130.146,0.08374,-0.99292,-0.23779,1.02443,0.00814,0.00031,0
1131.913,0.08154,-0.99292,-0.24390,1.02568,0.00126,0.00028,0
1133.833,0.07959,-1.00024,-0.24390,1.03262,0.00694,0.00031,0
1135.481,0.08350,-1.00146,-0.24438,1.03423,0.00161,0.00031,0
1137.210,0.07837,-0.99878,-0.24048,1.03031,0.00392,0.00033,0
1138.774,0.08301,-0.99609,-0.23633,1.02710,0.00320,0.00034,0
1140.313,0.07788,-0.99707,-0.24390,1.02942,0.00231,0.00034,0
1141.851,0.07886,-0.99878,-0.23975,1.03017,0.00076,0.00034,0
1143.389,0.07788,-0.99829,-0.24194,1.03014,0.00003,0.00034,0
1144.918,0.08057,-0.99414,-0.24487,1.02702,0.00312,0.00033,0
1146.442,0.07520,-0.99854,-0.24512,1.03093,0.00391,0.00032,0
1147.982,0.07837,-0.99609,-0.23779,1.02708,0.00385,0.00033,0
1149.503,0.08179,-0.99707,-0.23608,1.02790,0.00082,0.00032,0
1151.040,0.08130,-0.99951,-0.23267,1.02945,0.00155,0.00031,0
1152.606,0.08179,-0.99683,-0.23389,1.02716,0.00229,0.00030,0
1154.141,0.08252,-1.00073,-0.24365,1.03327,0.00611,0.00033,0
1155.692,0.08423,-0.99951,-0.24463,1.03245,0.00081,0.00031,0
1157.244,0.07495,-0.99658,-0.23975,1.02775,0.00470,0.00033,0
1158.780,0.07642,-0.99487,-0.23999,1.02626,0.00149,0.00032,0
1160.333,0.07739,-0.99951,-0.23804,1.03038,0.00412,0.00033,0
1161.856,0.07910,-0.99756,-0.24316,1.02981,0.00057,0.00033,0
1163.432,0.07910,-0.99634,-0.23389,1.02647,0.00334,0.00034,0
1165.041,0.07617,-0.99756,-0.23877,1.02856,0.00209,0.00034,0
1166.837,0.08203,-0.99683,-0.24072,1.02876,0.00020,0.00034,0
1168.532,0.07959,-0.99634,-0.24756,1.02971,0.00096,0.00029,0
1170.259,0.08276,-0.99829,-0.23730,1.02944,0.00027,0.00023,0
1171.957,0.08179,-0.99316,-0.23706,1.02433,0.00511,0.00025,0
1173.789,0.08447,-0.99292,-0.24463,1.02609,0.00176,0.00021,0
1175.363,0.08325,-0.99536,-0.24170,1.02766,0.00157,0.00021,0
1176.886,0.08203,-0.99243,-0.24097,1.02456,0.00311,0.00020,0
1178.395,0.07861,-0.99585,-0.23926,1.02720,0.00264,0.00020,0
1179.938,0.08008,-0.99561,-0.24146,1.02759,0.00039,0.00019,0
1181.473,0.07739,-0.99805,-0.23926,1.02924,0.00165,0.00020,0
1183.103,0.07812,-0.99878,-0.24585,1.03155,0.00232,0.00020,0
1184.646,0.08057,-0.99731,-0.24805,1.03085,0.00070,0.00019,0
1186.170,0.07935,-0.99634,-0.24634,1.02940,0.00145,0.00018,0
1187.705,0.07617,-0.99634,-0.23511,1.02653,0.00287,0.00017,0
1189.224,0.07568,-0.99292,-0.23267,1.02262,0.00391,0.00019,0
1190.758,0.08325,-0.99731,-0.24097,1.02938,0.00676,0.00023,0
1192.313,0.08374,-0.99438,-0.23804,1.02590,0.00348,0.00024,0
1193.858,0.08228,-0.99805,-0.23193,1.02794,0.00204,0.00020,0
1195.443,0.08203,-0.99390,-0.23560,1.02473,0.00321,0.00021,0
1197.135,0.08398,-0.99658,-0.24707,1.03018,0.00545,0.00022,0
1198.964,0.08228,-1.00024,-0.24438,1.03295,0.00277,0.00023,0
1200.655,0.07617,-0.99731,-0.24365,1.02947,0.00348,0.00022,0
1202.496,0.08130,-0.99707,-0.24170,1.02916,0.00030,0.00022,0
1204.167,0.08179,-0.99634,-0.23853,1.02775,0.00141,0.00021,0
1205.910,0.08130,-1.00146,-0.23975,1.03297,0.00522,0.00023,0
1207.582,0.07959,-0.99927,-0.23901,1.03053,0.00243,0.00024,0
1209.150,0.07690,-0.99268,-0.24048,1.02428,0.00625,0.00028,0
1210.678,0.07642,-0.99878,-0.23584,1.02909,0.00481,0.00030,0
1212.213,0.07788,-0.99829,-0.23560,1.02867,0.00042,0.00028,0
1213.749,0.08130,-1.00122,-0.24048,1.03290,0.00423,0.00029,0
1215.286,0.08032,-0.99585,-0.23853,1.02716,0.00574,0.00032,0
1216.856,0.07666,-0.99658,-0.23853,1.02759,0.00043,0.00031,0
1218.400,0.08228,-0.99658,-0.23511,1.02724,0.00035,0.00030,0
1219.963,0.07935,-0.99438,-0.23584,1.02505,0.00219,0.00031,0
1221.535,0.08032,-0.99731,-0.23633,1.02808,0.00303,0.00032,0
1223.098,0.07788,-0.99365,-0.24829,1.02716,0.00091,0.00031,0
1224.650,0.07910,-1.00391,-0.24292,1.03590,0.00874,0.00039,0
1226.207,0.08472,-1.00098,-0.24561,1.03414,0.00176,0.00039,0
1227.774,0.08179,-0.99609,-0.24243,1.02843,0.00572,0.00041,0
1229.415,0.07642,-0.99707,-0.24561,1.02971,0.00129,0.00040,0
1231.226,0.07861,-0.99561,-0.24561,1.02846,0.00125,0.00036,0
1232.973,0.08252,-0.99731,-0.23999,1.02910,0.00064,0.00034,0
1234.790,0.07544,-1.00024,-0.24683,1.03301,0.00391,0.00035,0
1236.495,0.07983,-0.99585,-0.24854,1.02949,0.00351,0.00036,0
1238.202,0.08081,-0.99536,-0.24463,1.02816,0.00133,0.00033,0
1239.909,0.08081,-0.99805,-0.23901,1.02944,0.00128,0.00032,0
1241.496,0.08228,-0.99780,-0.23779,1.02904,0.00040,0.00031,0
1243.021,0.08521,-0.99927,-0.23877,1.03093,0.00188,0.00031,0
1244.569,0.08496,-0.99243,-0.24609,1.02601,0.00491,0.00034,0
1246.088,0.07983,-0.99194,-0.24316,1.02443,0.00158,0.00031,0
1247.655,0.07788,-1.00098,-0.23853,1.03195,0.00752,0.00036,0
1249.246,0.07935,-0.99902,-0.24634,1.03200,0.00005,0.00032,0
1250.819,0.07837,-0.99316,-0.24243,1.02532,0.00668,0.00034,0
1252.419,0.07642,-0.99219,-0.24097,1.02389,0.00144,0.00035,0
1253.962,0.07568,-0.99878,-0.24512,1.03120,0.00731,0.00038,0
1255.552,0.07739,-0.99756,-0.24536,1.03020,0.00100,0.00035,0
1257.209,0.07690,-0.99414,-0.24023,1.02564,0.00456,0.00037,0
1258.775,0.07910,-0.99902,-0.24536,1.03175,0.00611,0.00041,0
1260.322,0.08081,-0.99707,-0.24146,1.02907,0.00268,0.00041,0
1261.889,0.07422,-0.99731,-0.24170,1.02886,0.00020,0.00040,0
1263.413,0.07788,-0.99585,-0.24268,1.02795,0.00092,0.00040,0
1264.974,0.08203,-0.99512,-0.24268,1.02756,0.00039,0.00032,0
1266.842,0.08130,-0.99512,-0.23413,1.02552,0.00204,0.00033,0
1268.531,0.08521,-0.99536,-0.23804,1.02697,0.00145,0.00030,0
1270.289,0.08374,-1.00171,-0.24829,1.03541,0.00844,0.00036,0
1271.978,0.08252,-0.99292,-0.24634,1.02634,0.00907,0.00045,0
1273.732,0.07446,-0.99463,-0.23901,1.02565,0.00069,0.00045,0
1275.246,0.07837,-0.99634,-0.23999,1.02783,0.00218,0.00044,0
1276.758,0.08130,-0.99561,-0.23584,1.02638,0.00144,0.00042,0
1278.285,0.07983,-0.99756,-0.23438,1.02783,0.00144,0.00043,0
1279.794,0.07935,-0.99756,-0.24487,1.03023,0.00241,0.00043,0
1281.301,0.08008,-1.00049,-0.23828,1.03158,0.00135,0.00043,0
1282.809,0.07812,-0.99512,-0.23926,1.02645,0.00513,0.00045,0
1284.331,0.08350,-0.99365,-0.23853,1.02529,0.00117,0.00043,0
1285.838,0.08374,-0.99194,-0.23853,1.02365,0.00164,0.00043,0
1287.396,0.07788,-1.00049,-0.24707,1.03348,0.00983,0.00047,0
1288.913,0.07886,-1.00146,-0.24365,1.03369,0.00021,0.00047,0
1290.508,0.08203,-0.99292,-0.23730,1.02417,0.00952,0.00052,0
1292.030,0.07690,-0.99438,-0.23877,1.02554,0.00136,0.00052,0
1293.534,0.07666,-0.99658,-0.23926,1.02776,0.00223,0.00047,0
1295.057,0.08008,-0.99365,-0.23730,1.02473,0.00303,0.00048,0
1296.636,0.08496,-0.99585,-0.24316,1.02862,0.00389,0.00047,0
1298.484,0.08472,-0.99585,-0.24316,1.02860,0.00002,0.00043,0
1300.268,0.07886,-0.99951,-0.24658,1.03249,0.00389,0.00044,0
1302.051,0.08423,-0.99780,-0.24512,1.03092,0.00158,0.00044,0
1303.749,0.08032,-0.99658,-0.23901,1.02799,0.00293,0.00045,0
1305.525,0.07446,-0.99829,-0.24268,1.03006,0.00207,0.00046,0
1307.065,0.07690,-0.99854,-0.23975,1.02979,0.00027,0.00045,0
1308.595,0.08032,-0.99683,-0.23730,1.02783,0.00196,0.00045,0
1310.128,0.08350,-1.00391,-0.24243,1.03613,0.00831,0.00045,0
1311.668,0.08252,-0.99976,-0.24316,1.03221,0.00393,0.00038,0
1313.917,0.08228,-0.99390,-0.24463,1.02686,0.00535,0.00041,0
1315.483,0.07886,-1.00220,-0.24609,1.03498,0.00812,0.00047,0
1317.623,0.08447,-0.99829,-0.24438,1.03123,0.00374,0.00049,0
1319.217,0.08008,-0.99609,-0.23584,1.02676,0.00447,0.00050,0
1320.856,0.08032,-0.99463,-0.23975,1.02626,0.00050,0.00050,0
1322.545,0.07837,-0.99707,-0.23999,1.02854,0.00227,0.00050,0
1324.300,0.07935,-0.99585,-0.23804,1.02697,0.00156,0.00048,0
1325.952,0.08203,-0.99658,-0.23877,1.02806,0.00109,0.00048,0
1327.594,0.07837,-0.99731,-0.23608,1.02787,0.00020,0.00047,0
1329.214,0.07568,-1.00049,-0.23926,1.03148,0.00361,0.00039,0
1330.904,0.07764,-1.00000,-0.24146,1.03166,0.00018,0.00039,0
1332.592,0.08447,-1.00024,-0.24243,1.03267,0.00100,0.00030,0
1334.384,0.07886,-1.00000,-0.24146,1.03176,0.00091,0.00030,0
1336.112,0.08154,-0.99707,-0.23779,1.02827,0.00348,0.00031,0
1337.864,0.07861,-0.99438,-0.24292,1.02664,0.00163,0.00030,0
1339.524,0.07959,-0.98999,-0.23193,1.01991,0.00673,0.00033,0
1341.216,0.08276,-1.00171,-0.24731,1.03510,0.01520,0.00056,0
1342.860,0.08008,-0.99731,-0.24805,1.03081,0.00429,0.00057,0
1344.398,0.08350,-1.00171,-0.24731,1.03516,0.00435,0.00058,0
1345.904,0.07544,-0.99609,-0.24902,1.02952,0.00564,0.00061,0
1347.435,0.08008,-0.99756,-0.24048,1.02925,0.00026,0.00060,0
1348.953,0.08154,-0.99951,-0.24048,1.03126,0.00201,0.00061,0
1350.470,0.07593,-0.99609,-0.24609,1.02885,0.00241,0.00061,0
1351.993,0.07690,-0.99878,-0.24023,1.03014,0.00129,0.00054,0
1353.521,0.08008,-0.99878,-0.23999,1.03032,0.00018,0.00052,0
1355.051,0.07837,-1.00024,-0.24536,1.03288,0.00255,0.00050,0
1356.590,0.08276,-0.99683,-0.24023,1.02870,0.00418,0.00045,0
1358.119,0.08521,-0.99854,-0.24268,1.03113,0.00243,0.00045,0
1359.626,0.08105,-0.99243,-0.23657,1.02345,0.00767,0.00048,0
1361.154,0.07886,-0.99927,-0.24414,1.03168,0.00822,0.00055,0
1362.713,0.07617,-0.99609,-0.24121,1.02771,0.00397,0.00056,0
1364.234,0.08057,-1.00049,-0.24487,1.03317,0.00546,0.00059,0
1365.950,0.07642,-0.99634,-0.24170,1.02808,0.00509,0.00061,0
1367.644,0.07520,-1.00269,-0.24438,1.03477,0.00669,0.00066,0
1369.434,0.08374,-0.98926,-0.24561,1.02272,0.01205,0.00079,0
1371.132,0.07544,-0.99390,-0.24316,1.02599,0.00326,0.00080,0
1372.803,0.08252,-1.00073,-0.24536,1.03367,0.00768,0.00086,0
1374.536,0.08057,-1.00244,-0.24365,1.03477,0.00110,0.00086,0
1376.285,0.07739,-0.99902,-0.25269,1.03339,0.00138,0.00085,0
1377.822,0.07861,-0.99951,-0.25171,1.03371,0.00033,0.00085,0
1379.355,0.07910,-0.99609,-0.24023,1.02770,0.00601,0.00084,0
1380.868,0.08130,-0.99438,-0.24121,1.02645,0.00126,0.00061,0
1382.392,0.08228,-0.99561,-0.23633,1.02657,0.00013,0.00059,0
1383.932,0.08179,-0.99341,-0.23315,1.02367,0.00290,0.00058,0
1385.469,0.07910,-0.99976,-0.23145,1.02924,0.00557,0.00058,0
1387.020,0.07715,-0.99780,-0.23901,1.02893,0.00031,0.00058,0
1388.555,0.07959,-0.99292,-0.23999,1.02461,0.00432,0.00059,0
1390.109,0.07471,-0.99585,-0.23193,1.02523,0.00062,0.00059,0
1391.659,0.07886,-0.99487,-0.23047,1.02426,0.00097,0.00059,0
1393.199,0.07910,-0.99365,-0.24365,1.02614,0.00188,0.00059,0
1394.760,0.07788,-0.99463,-0.24341,1.02694,0.00079,0.00059,0
1396.314,0.08130,-0.99731,-0.24194,1.02946,0.00252,0.00057,0
1398.176,0.08130,-0.99805,-0.23950,1.02960,0.00014,0.00057,0
1399.894,0.08057,-0.99780,-0.22949,1.02702,0.00258,0.00052,0
1401.984,0.08008,-1.00122,-0.23999,1.03269,0.00567,0.00048,0
1403.856,0.07959,-0.99756,-0.24146,1.02945,0.00325,0.00048,0
1405.564,0.07861,-0.99634,-0.23779,1.02733,0.00211,0.00045,0
1407.332,0.07959,-0.99878,-0.24414,1.03126,0.00393,0.00044,0
1409.013,0.07739,-0.99243,-0.24243,1.02454,0.00672,0.00044,0
1410.564,0.08105,-0.99194,-0.23975,1.02372,0.00082,0.00030,0
1412.126,0.07739,-0.99609,-0.24463,1.02861,0.00489,0.00031,0
1413.662,0.07959,-0.99463,-0.23926,1.02609,0.00252,0.00026,0
1415.210,0.08032,-0.99463,-0.24414,1.02730,0.00121,0.00026,0
1416.748,0.08374,-0.99243,-0.23975,1.02441,0.00289,0.00026,0
1418.331,0.08154,-0.99268,-0.24390,1.02545,0.00104,0.00026,0
1419.848,0.07715,-0.99390,-0.24194,1.02583,0.00038,0.00023,0
1421.383,0.07520,-0.99268,-0.23682,1.02330,0.00253,0.00023,0
1422.912,0.07739,-0.99243,-0.24780,1.02582,0.00253,0.00024,0
1424.442,0.08105,-0.99854,-0.23730,1.02954,0.00372,0.00024,0
1425.994,0.07935,-0.99365,-0.23462,1.02405,0.00549,0.00024,0
1427.557,0.07642,-0.99585,-0.24292,1.02789,0.00384,0.00026,0
1429.149,0.07690,-0.99316,-0.24170,1.02504,0.00285,0.00025,0
1430.935,0.08276,-0.99585,-0.23828,1.02730,0.00226,0.00025,0
1432.622,0.08325,-0.99780,-0.24072,1.02980,0.00250,0.00026,0
1434.411,0.08179,-0.99268,-0.23950,1.02443,0.00537,0.00028,0
1436.275,0.07812,-0.99341,-0.23560,1.02395,0.00048,0.00028,0
1437.984,0.08130,-1.00391,-0.24194,1.03584,0.01190,0.00042,0
1439.683,0.07739,-0.99463,-0.24487,1.02725,0.00860,0.00049,0
1441.392,0.08130,-1.00024,-0.24316,1.03258,0.00533,0.00051,0
1442.927,0.07983,-0.99829,-0.24487,1.03098,0.00160,0.00048,0
1444.451,0.08081,-0.99707,-0.23584,1.02776,0.00322,0.00048,0
1445.966,0.08032,-0.99683,-0.24561,1.02977,0.00201,0.00048,0
1447.502,0.08032,-0.99756,-0.24121,1.02945,0.00033,0.00047,0
1449.079,0.08374,-1.00024,-0.23926,1.03186,0.00242,0.00043,0
1450.768,0.08276,-0.99878,-0.24805,1.03244,0.00058,0.00043,0
1452.416,0.07886,-1.00098,-0.24194,1.03282,0.00037,0.00040,0
1454.029,0.07983,-0.99536,-0.24463,1.02809,0.00473,0.00042,0
1455.713,0.08057,-0.99585,-0.24390,1.02844,0.00036,0.00042,0
1457.279,0.07812,-0.99121,-0.24316,1.02359,0.00485,0.00043,0
1458.851,0.08203,-0.99683,-0.23755,1.02802,0.00443,0.00045,0
1460.399,0.07910,-1.00073,-0.23999,1.03214,0.00412,0.00047,0
1461.949,0.07910,-0.99463,-0.24121,1.02651,0.00563,0.00050,0
1463.536,0.07812,-0.99438,-0.23486,1.02473,0.00178,0.00049,0
1465.137,0.08447,-1.00098,-0.23755,1.03224,0.00751,0.00053,0
1466.882,0.08130,-1.00049,-0.23853,1.03174,0.00050,0.00050,0
1468.661,0.07422,-0.99634,-0.24341,1.02832,0.00342,0.00050,0
1470.515,0.07837,-0.99707,-0.23828,1.02814,0.00018,0.00049,0
1472.230,0.08179,-0.99902,-0.24097,1.03092,0.00278,0.00050,0
1473.965,0.07788,-0.99707,-0.24121,1.02878,0.00214,0.00049,0
1475.751,0.07349,-0.99731,-0.23584,1.02745,0.00133,0.00047,0
1477.401,0.07129,-0.99756,-0.24048,1.02861,0.00116,0.00047,0
1478.947,0.08032,-0.99780,-0.24805,1.03130,0.00270,0.00033,0
1480.525,0.07935,-0.99365,-0.23853,1.02496,0.00635,0.00030,0
1482.078,0.08057,-0.99121,-0.23755,1.02246,0.00250,0.00028,0
1483.648,0.07764,-1.00073,-0.23950,1.03192,0.00946,0.00037,0
1485.201,0.07886,-1.00195,-0.24634,1.03480,0.00288,0.00036,0
1486.758,0.07861,-0.99536,-0.23901,1.02667,0.00813,0.00043,0
1488.398,0.07910,-0.99512,-0.24634,1.02820,0.00153,0.00043,0
1489.991,0.07715,-0.98853,-0.24292,1.02085,0.00735,0.00048,0
1491.569,0.07886,-1.00098,-0.23779,1.03185,0.01100,0.00060,0
1493.124,0.08179,-0.99854,-0.23926,1.03005,0.00180,0.00060,0
1494.730,0.07837,-0.99609,-0.24170,1.02799,0.00206,0.00058,0
1496.269,0.07300,-0.99878,-0.25000,1.03218,0.00419,0.00060,0
1498.053,0.07739,-0.99927,-0.24390,1.03151,0.00067,0.00058,0
1499.760,0.08105,-0.99780,-0.24902,1.03160,0.00009,0.00056,0
1501.597,0.08350,-0.99780,-0.24438,1.03068,0.00091,0.00054,0
1503.373,0.08521,-0.99756,-0.24243,1.03012,0.00056,0.00051,0
1505.142,0.08228,-0.99097,-0.25220,1.02586,0.00426,0.00052,0
1506.812,0.07568,-0.99316,-0.24731,1.02629,0.00043,0.00047,0
1508.508,0.07935,-0.99976,-0.23975,1.03116,0.00487,0.00049,0
1510.205,0.07520,-0.99731,-0.24365,1.02940,0.00176,0.00048,0
1511.954,0.07959,-0.99512,-0.23755,1.02617,0.00323,0.00049,0
1513.565,0.07812,-0.99707,-0.24097,1.02875,0.00258,0.00049,0
1515.138,0.08179,-0.99658,-0.23682,1.02759,0.00115,0.00049,0
1516.722,0.07690,-0.99219,-0.23315,1.02211,0.00548,0.00052,0
1521.827,0.07861,-0.99561,-0.23828,1.02674,0.00463,0.00054,0
1523.446,0.08130,-0.99805,-0.23755,1.02914,0.00241,0.00054,0
1525.028,0.07568,-0.99609,-0.23657,1.02659,0.00255,0.00050,0
1526.687,0.07983,-0.99805,-0.24707,1.03127,0.00467,0.00052,0
1528.379,0.07617,-0.99927,-0.24390,1.03142,0.00015,0.00043,0
1530.037,0.07910,-0.99365,-0.24829,1.02725,0.00416,0.00044,0
1531.678,0.08545,-0.99194,-0.23682,1.02339,0.00386,0.00039,0
1534.298,0.07788,-1.00073,-0.23926,1.03188,0.00849,0.00045,0
1536.100,0.07715,-0.99390,-0.23779,1.02485,0.00702,0.00045,0
1538.222,0.07300,-0.99561,-0.23950,1.02661,0.00175,0.00033,0
1539.892,0.07153,-0.99927,-0.23950,1.03006,0.00345,0.00034,0
1541.563,0.08032,-1.00024,-0.24170,1.03216,0.00211,0.00034,0
1543.192,0.08350,-0.99927,-0.23926,1.03090,0.00126,0.00033,0
1544.781,0.07642,-0.99487,-0.23315,1.02468,0.00622,0.00036,0
1549.415,0.08350,-0.99365,-0.23462,1.02438,0.00030,0.00036,0
1550.953,0.08496,-0.99756,-0.23877,1.02925,0.00486,0.00039,0
1552.668,0.07837,-0.99756,-0.24292,1.02970,0.00045,0.00039,0
1554.217,0.07715,-0.99731,-0.23096,1.02661,0.00309,0.00038,0
1555.772,0.07812,-0.99609,-0.23950,1.02746,0.00085,0.00038,0
1557.324,0.08154,-0.99585,-0.24146,1.02794,0.00049,0.00035,0
1558.860,0.07642,-0.99219,-0.23657,1.02286,0.00508,0.00038,0
1560.429,0.08179,-0.99780,-0.24878,1.03160,0.00874,0.00044,0
1561.960,0.07593,-0.99609,-0.24390,1.02833,0.00327,0.00045,0
1563.491,0.07812,-1.00488,-0.23633,1.03525,0.00693,0.00049,0
1565.048,0.07715,-1.00073,-0.23926,1.03182,0.00343,0.00048,0
1566.588,0.07642,-0.99731,-0.23853,1.02828,0.00354,0.00047,0
1568.139,0.08179,-0.99878,-0.23755,1.02989,0.00161,0.00046,0
1569.672,0.08057,-0.99805,-0.23804,1.02920,0.00069,0.00046,0
1571.211,0.08179,-0.99365,-0.23901,1.02526,0.00394,0.00045,0
1572.742,0.07397,-0.99634,-0.24292,1.02819,0.00293,0.00046,0
1574.274,0.08130,-0.98999,-0.24121,1.02219,0.00600,0.00048,0
1575.858,0.07910,-0.99341,-0.24902,1.02719,0.00500,0.00049,0
1577.387,0.07983,-0.99268,-0.23438,1.02309,0.00411,0.00043,0
1578.914,0.07812,-0.99585,-0.24023,1.02739,0.00430,0.00040,0
1580.454,0.08057,-0.99658,-0.23779,1.02772,0.00033,0.00040,0
1581.985,0.08252,-0.99243,-0.24390,1.02529,0.00243,0.00039,0
1583.522,0.08301,-0.99829,-0.24390,1.03100,0.00571,0.00042,0
1585.142,0.07690,-0.99438,-0.24268,1.02645,0.00455,0.00044,0
1586.677,0.07471,-0.99585,-0.24243,1.02765,0.00120,0.00040,0
1588.429,0.07690,-0.99976,-0.24854,1.03305,0.00540,0.00043,0
1589.957,0.07715,-0.99683,-0.23682,1.02747,0.00558,0.00044,0
1591.474,0.07666,-0.99707,-0.24487,1.02956,0.00209,0.00044,0
1593.008,0.07568,-0.99487,-0.24536,1.02747,0.00208,0.00044,0
1594.527,0.07764,-0.99634,-0.23901,1.02754,0.00007,0.00044,0
1596.052,0.07910,-0.99219,-0.23975,1.02380,0.00374,0.00045,0
1597.587,0.07300,-0.99683,-0.24390,1.02882,0.00502,0.00045,0
1599.096,0.08057,-0.99878,-0.24585,1.03174,0.00292,0.00038,0
1600.705,0.07959,-0.99487,-0.23999,1.02650,0.00524,0.00040,0
1602.222,0.08008,-0.99512,-0.23901,1.02655,0.00005,0.00035,0
1603.778,0.08228,-0.99463,-0.23584,1.02551,0.00103,0.00034,0
1605.317,0.08179,-1.00366,-0.24121,1.03548,0.00996,0.00043,0
1606.848,0.07861,-0.99634,-0.23853,1.02750,0.00797,0.00049,0
1608.445,0.08203,-0.99463,-0.23926,1.02628,0.00122,0.00049,0
1609.971,0.08130,-0.99609,-0.23950,1.02770,0.00142,0.00048,0
1611.712,0.08130,-0.99731,-0.24292,1.02969,0.00198,0.00047,0
1613.264,0.07788,-0.99536,-0.23633,1.02599,0.00369,0.00045,0
1614.831,0.07739,-0.99854,-0.24780,1.03173,0.00574,0.00046,0
1616.422,0.08472,-0.99463,-0.24780,1.02853,0.00320,0.00045,0
1617.962,0.08130,-0.99634,-0.23926,1.02788,0.00065,0.00043,0
1619.560,0.08301,-1.00049,-0.23779,1.03170,0.00382,0.00045,0
1621.394,0.08130,-0.99951,-0.23169,1.02923,0.00247,0.00045,0
1622.946,0.07666,-1.00244,-0.24194,1.03407,0.00484,0.00044,0
1624.630,0.07642,-0.99609,-0.23779,1.02693,0.00714,0.00047,0
1626.281,0.07715,-0.99829,-0.23047,1.02745,0.00052,0.00047,0
1627.853,0.08496,-0.99170,-0.24121,1.02414,0.00331,0.00045,0
1629.400,0.08105,-0.99243,-0.24438,1.02529,0.00114,0.00042,0
1630.926,0.08325,-0.99902,-0.24390,1.03173,0.00644,0.00046,0
1632.591,0.07544,-0.99341,-0.24341,1.02557,0.00616,0.00049,0
1634.114,0.08398,-0.99805,-0.23389,1.02852,0.00295,0.00050,0
1635.715,0.08496,-0.99243,-0.23364,1.02310,0.00542,0.00051,0
1637.233,0.08228,-0.99512,-0.23877,1.02666,0.00357,0.00050,0
1638.770,0.07666,-0.99512,-0.23950,1.02640,0.00026,0.00049,0
1640.420,0.07812,-1.00049,-0.23682,1.03110,0.00470,0.00049,0
1641.950,0.07910,-0.99731,-0.23901,1.02860,0.00250,0.00049,0
1643.475,0.07642,-0.99536,-0.23755,1.02616,0.00244,0.00050,0
1644.997,0.08179,-1.00000,-0.24268,1.03227,0.00611,0.00044,0
1646.562,0.07544,-1.00000,-0.23682,1.03042,0.00185,0.00038,0
1648.144,0.07715,-0.99878,-0.23706,1.02942,0.00100,0.00038,0
1649.695,0.07715,-0.99438,-0.23828,1.02544,0.00398,0.00039,0
1651.315,0.08081,-0.99561,-0.24097,1.02753,0.00209,0.00039,0
1652.855,0.08374,-0.99634,-0.23926,1.02808,0.00055,0.00038,0
1654.388,0.08154,-0.99976,-0.24170,1.03178,0.00371,0.00036,0
1655.900,0.08130,-0.99585,-0.24243,1.02815,0.00363,0.00036,0
1657.403,0.08228,-0.99854,-0.23877,1.02998,0.00182,0.00036,0
1658.912,0.07349,-1.00073,-0.24146,1.03207,0.00209,0.00035,0
1660.438,0.07764,-0.99805,-0.23608,1.02852,0.00355,0.00036,0
1661.955,0.08643,-0.99585,-0.24194,1.02846,0.00007,0.00034,0
1663.454,0.08179,-0.99951,-0.23462,1.02993,0.00148,0.00029,0
1664.969,0.08228,-0.99780,-0.24072,1.02972,0.00021,0.00029,0
1666.493,0.07959,-0.99731,-0.23853,1.02853,0.00120,0.00028,0
1668.006,0.08008,-1.00220,-0.24463,1.03472,0.00620,0.00032,0
1669.548,0.07959,-0.99854,-0.23682,1.02931,0.00541,0.00030,0
1671.060,0.08545,-0.99683,-0.23315,1.02729,0.00202,0.00027,0
1672.632,0.08276,-0.99951,-0.24609,1.03268,0.00539,0.00029,0
1674.143,0.08081,-0.99829,-0.24390,1.03083,0.00186,0.00026,0
1675.674,0.07837,-0.99072,-0.24243,1.02296,0.00787,0.00031,0
1677.209,0.07910,-0.99487,-0.24316,1.02721,0.00425,0.00033,0
1678.728,0.08032,-1.00366,-0.24194,1.03553,0.00832,0.00038,0
1680.404,0.08057,-0.99951,-0.23975,1.03102,0.00452,0.00039,0
1681.916,0.08057,-0.99609,-0.24194,1.02822,0.00280,0.00039,0
1683.435,0.07935,-0.99023,-0.23901,1.02176,0.00646,0.00040,0
1684.974,0.08130,-1.00220,-0.24121,1.03402,0.01226,0.00055,0
1686.482,0.07935,-1.00000,-0.23828,1.03105,0.00296,0.00055,0
1688.030,0.08179,-0.99438,-0.24341,1.02700,0.00405,0.00055,0
1689.536,0.08154,-0.99854,-0.23901,1.02998,0.00297,0.00056,0
1691.070,0.07642,-0.99658,-0.24731,1.02965,0.00033,0.00056,0
1692.732,0.07300,-0.99512,-0.24194,1.02671,0.00295,0.00055,0
1694.281,0.07764,-0.99976,-0.23706,1.03041,0.00370,0.00055,0
1695.874,0.07642,-0.99658,-0.24414,1.02889,0.00151,0.00055,0
1697.420,0.08105,-0.99927,-0.24341,1.03167,0.00278,0.00056,0
1698.976,0.08228,-0.99512,-0.24268,1.02758,0.00410,0.00056,0
1700.643,0.07837,-0.99756,-0.24780,1.03086,0.00328,0.00057,0
1702.196,0.08130,-0.99390,-0.24976,1.02802,0.00284,0.00058,0
1703.758,0.08105,-0.99585,-0.24072,1.02773,0.00028,0.00058,0
1705.286,0.08081,-0.99780,-0.24121,1.02972,0.00199,0.00058,0
1706.786,0.07788,-0.99585,-0.24121,1.02760,0.00212,0.00055,0
1708.333,0.07861,-0.99463,-0.23389,1.02478,0.00282,0.00052,0
1709.829,0.08008,-0.99243,-0.23779,1.02366,0.00112,0.00052,0
1711.339,0.07983,-0.99536,-0.24268,1.02762,0.00396,0.00051,0
1712.839,0.08203,-0.99219,-0.24951,1.02636,0.00126,0.00051,0
1714.357,0.07764,-0.99243,-0.24585,1.02537,0.00099,0.00045,0
1715.851,0.07568,-0.99585,-0.23462,1.02591,0.00054,0.00043,0
1717.336,0.08447,-0.99487,-0.23706,1.02621,0.00030,0.00036,0
1718.815,0.07690,-1.00049,-0.24780,1.03358,0.00738,0.00039,0
1720.355,0.07812,-0.99414,-0.24854,1.02771,0.00587,0.00042,0
1721.839,0.08398,-0.99268,-0.24048,1.02484,0.00287,0.00039,0
1723.342,0.07788,-0.99951,-0.24097,1.03109,0.00626,0.00027,0
1724.846,0.07983,-0.99243,-0.24658,1.02572,0.00538,0.00029,0
1726.364,0.07959,-0.99341,-0.23755,1.02451,0.00121,0.00028,0
1727.858,0.08008,-0.99707,-0.23560,1.02765,0.00314,0.00028,0
1729.420,0.08179,-0.99634,-0.23633,1.02724,0.00041,0.00028,0
1730.905,0.08105,-0.99146,-0.23438,1.02200,0.00524,0.00030,0
1732.411,0.07983,-0.99341,-0.24341,1.02590,0.00390,0.00030,0
1733.901,0.08423,-0.99902,-0.24316,1.03164,0.00573,0.00033,0
1735.397,0.08325,-1.00073,-0.24512,1.03367,0.00204,0.00033,0
1736.892,0.08179,-0.99658,-0.24683,1.02995,0.00373,0.00033,0
1738.374,0.07788,-0.99536,-0.24146,1.02719,0.00276,0.00032,0
1739.870,0.07642,-0.99585,-0.24121,1.02749,0.00031,0.00031,0
1741.351,0.07715,-0.99536,-0.24341,1.02759,0.00010,0.00031,0
1742.830,0.07544,-0.99512,-0.24414,1.02740,0.00019,0.00031,0
1744.319,0.08032,-0.99731,-0.24121,1.02921,0.00181,0.00031,0
1745.802,0.07812,-0.99561,-0.24487,1.02825,0.00096,0.00030,0
1747.291,0.07642,-1.00000,-0.24341,1.03203,0.00378,0.00032,0
1748.769,0.07812,-1.00024,-0.23926,1.03142,0.00061,0.00030,0
1750.251,0.08228,-1.00073,-0.24072,1.03256,0.00114,0.00030,0
1751.735,0.08203,-0.99512,-0.24512,1.02814,0.00442,0.00032,0
1753.213,0.08057,-0.99487,-0.24292,1.02727,0.00087,0.00032,0
1754.703,0.07861,-0.99878,-0.23828,1.02981,0.00255,0.00033,0
1756.208,0.07471,-0.99854,-0.23511,1.02856,0.00126,0.00027,0
1757.681,0.07642,-0.99512,-0.23511,1.02536,0.00319,0.00025,0
1759.173,0.07910,-0.99365,-0.23779,1.02477,0.00060,0.00024,0
1760.663,0.07690,-0.99390,-0.24072,1.02552,0.00075,0.00020,0
1762.156,0.07642,-0.99414,-0.23926,1.02538,0.00014,0.00017,0
1763.703,0.07153,-0.99829,-0.23291,1.02759,0.00222,0.00018,0
1765.194,0.07788,-0.99365,-0.23511,1.02405,0.00354,0.00018,0
1766.685,0.08643,-0.99609,-0.24292,1.02892,0.00487,0.00020,0
1768.163,0.08618,-0.99658,-0.23999,1.02869,0.00024,0.00017,0
1769.643,0.07886,-0.99561,-0.24414,1.02813,0.00056,0.00016,0
1771.123,0.07935,-0.99561,-0.23877,1.02691,0.00122,0.00013,0
1772.600,0.08228,-0.99878,-0.24268,1.03113,0.00422,0.00014,0
1774.077,0.07788,-0.99878,-0.24072,1.03033,0.00080,0.00013,0
1775.546,0.07959,-0.99512,-0.24072,1.02691,0.00342,0.00013,0
1777.112,0.07642,-1.00073,-0.23853,1.03160,0.00469,0.00015,0
1778.605,0.08545,-0.99756,-0.24414,1.03055,0.00105,0.00016,0
1780.092,0.08032,-0.99902,-0.24292,1.03127,0.00072,0.00016,0
1781.582,0.07886,-0.99609,-0.23901,1.02740,0.00387,0.00017,0
1783.051,0.07910,-0.99438,-0.23999,1.02599,0.00141,0.00017,0
1784.573,0.07422,-0.99683,-0.24756,1.02978,0.00380,0.00017,0
1786.067,0.07983,-0.99341,-0.24365,1.02596,0.00382,0.00018,0
1787.667,0.08569,-0.99780,-0.24219,1.03034,0.00438,0.00020,0
1789.154,0.07349,-0.99561,-0.23999,1.02675,0.00359,0.00019,0
1790.630,0.08105,-0.99976,-0.23047,1.02917,0.00242,0.00020,0
1792.144,0.08008,-0.99927,-0.24243,1.03137,0.00220,0.00020,0
1793.628,0.08203,-1.00000,-0.24365,1.03252,0.00115,0.00020,0
1795.103,0.07373,-0.99365,-0.23926,1.02471,0.00781,0.00025,0
1796.595,0.07910,-0.99707,-0.24634,1.03009,0.00538,0.00028,0
1798.068,0.07837,-0.99878,-0.24707,1.03187,0.00177,0.00028,0
1799.562,0.08203,-0.99438,-0.24146,1.02656,0.00530,0.00031,0
1801.141,0.08472,-0.99487,-0.24146,1.02725,0.00069,0.00030,0
1802.608,0.07983,-0.99658,-0.24536,1.02944,0.00219,0.00030,0
1804.084,0.08130,-0.99316,-0.24634,1.02648,0.00296,0.00028,0
1805.552,0.08105,-0.99683,-0.24365,1.02937,0.00289,0.00029,0
1807.021,0.08081,-0.99976,-0.25293,1.03442,0.00505,0.00031,0
1808.553,0.07617,-0.99609,-0.23804,1.02697,0.00745,0.00037,0
1810.023,0.07617,-0.99756,-0.23828,1.02845,0.00148,0.00035,0
1811.511,0.07690,-0.99731,-0.24170,1.02906,0.00062,0.00035,0
1812.996,0.07642,-1.00049,-0.24194,1.03216,0.00310,0.00035,0
1814.491,0.08081,-0.99463,-0.23926,1.02619,0.00597,0.00036,0
1815.984,0.08740,-0.99854,-0.23950,1.03057,0.00438,0.00038,0
1817.466,0.07764,-0.99707,-0.24048,1.02859,0.00197,0.00039,0
1818.953,0.07397,-0.99536,-0.24316,1.02730,0.00129,0.00037,0
1820.453,0.08179,-0.99829,-0.23950,1.02987,0.00257,0.00038,0
1821.937,0.07812,-0.99805,-0.24023,1.02952,0.00035,0.00036,0
1823.428,0.08130,-0.99634,-0.23926,1.02788,0.00164,0.00035,0
1824.900,0.08154,-0.99634,-0.23730,1.02745,0.00043,0.00033,0
1826.375,0.08252,-1.00464,-0.23608,1.03530,0.00785,0.00038,0
1827.854,0.07642,-1.00073,-0.24146,1.03228,0.00302,0.00038,0
1829.405,0.08301,-0.99658,-0.24072,1.02860,0.00368,0.00039,0
1830.889,0.07642,-0.99854,-0.23828,1.02941,0.00081,0.00039,0
1832.375,0.08130,-0.99854,-0.22998,1.02790,0.00152,0.00033,0
1833.854,0.08008,-0.99731,-0.22974,1.02656,0.00134,0.00031,0
1835.341,0.07788,-0.99585,-0.24146,1.02766,0.00110,0.00030,0
1836.822,0.07642,-0.99365,-0.24268,1.02571,0.00195,0.00028,0
1838.302,0.08203,-1.00171,-0.24170,1.03372,0.00801,0.00034,0
1839.809,0.07886,-0.99829,-0.23755,1.02919,0.00453,0.00036,0
1841.302,0.07568,-1.00464,-0.23804,1.03522,0.00603,0.00039,0
1842.780,0.07202,-0.99683,-0.23975,1.02778,0.00745,0.00043,0
1844.328,0.08081,-0.99951,-0.23828,1.03069,0.00292,0.00042,0
1845.807,0.08081,-0.99658,-0.24316,1.02900,0.00170,0.00036,0
1847.285,0.07837,-0.99756,-0.23657,1.02822,0.00078,0.00036,0
1848.777,0.08105,-0.99268,-0.24170,1.02489,0.00333,0.00037,0
1850.268,0.08472,-0.99463,-0.24780,1.02853,0.00364,0.00038,0
1851.748,0.08472,-0.99756,-0.24536,1.03078,0.00225,0.00035,0
1853.242,0.08008,-1.00122,-0.24023,1.03275,0.00197,0.00033,0
1854.742,0.07935,-0.99707,-0.23779,1.02810,0.00465,0.00035,0
1856.236,0.07812,-0.99658,-0.24292,1.02873,0.00063,0.00035,0
1857.736,0.08032,-0.99365,-0.24365,1.02624,0.00249,0.00035,0
1859.213,0.07910,-0.99365,-0.24292,1.02597,0.00027,0.00035,0
1860.699,0.07471,-0.99805,-0.24146,1.02955,0.00358,0.00036,0
1862.184,0.07812,-0.99414,-0.25244,1.02866,0.00089,0.00036,0
1863.714,0.07373,-0.99878,-0.24976,1.03217,0.00351,0.00031,0
1865.197,0.07642,-0.99121,-0.23560,1.02169,0.01048,0.00041,0
1866.697,0.08301,-0.99536,-0.23267,1.02556,0.00387,0.00041,0
1868.191,0.07788,-0.99292,-0.23682,1.02374,0.00182,0.00041,0
1869.683,0.08081,-0.99048,-0.24487,1.02349,0.00024,0.00041,0
1871.163,0.08081,-0.99316,-0.24194,1.02540,0.00190,0.00041,0
1872.658,0.07983,-0.99585,-0.24292,1.02815,0.00276,0.00042,0
1874.148,0.07642,-0.99463,-0.24219,1.02654,0.00162,0.00042,0
1875.670,0.07788,-0.99878,-0.24780,1.03200,0.00547,0.00038,0
1877.156,0.07593,-0.99438,-0.23730,1.02512,0.00688,0.00041,0
1878.633,0.08228,-0.99707,-0.23877,1.02856,0.00343,0.00039,0
1880.136,0.08057,-0.99805,-0.23218,1.02786,0.00070,0.00033,0
1881.607,0.07983,-0.99536,-0.24609,1.02844,0.00058,0.00032,0
1883.080,0.07764,-0.99292,-0.24951,1.02673,0.00171,0.00032,0
1884.559,0.07886,-0.99902,-0.23950,1.03035,0.00362,0.00034,0
1886.028,0.07764,-0.99927,-0.23804,1.03016,0.00020,0.00032,0
1887.499,0.07739,-0.99854,-0.23706,1.02920,0.00095,0.00031,0
1888.969,0.07861,-0.99170,-0.24292,1.02404,0.00516,0.00033,0
1890.442,0.07935,-0.99365,-0.24121,1.02558,0.00154,0.00033,0
1891.922,0.08032,-0.99805,-0.23877,1.02935,0.00376,0.00032,0
1893.406,0.08130,-0.99512,-0.24072,1.02704,0.00231,0.00033,0
1894.887,0.08130,-0.99561,-0.24902,1.02949,0.00245,0.00033,0
1896.377,0.08154,-0.99512,-0.24365,1.02775,0.00174,0.00033,0
1897.856,0.08081,-0.99805,-0.24048,1.02979,0.00203,0.00032,0
1899.344,0.08032,-0.99658,-0.24170,1.02861,0.00117,0.00032,0
1900.822,0.07642,-0.99585,-0.23730,1.02658,0.00203,0.00032,0
1902.297,0.07520,-0.99609,-0.23779,1.02684,0.00026,0.00021,0
1903.776,0.07959,-0.99829,-0.24268,1.03044,0.00360,0.00020,0
1905.244,0.07837,-0.99536,-0.23950,1.02677,0.00368,0.00021,0
1906.716,0.08594,-0.99805,-0.22827,1.02742,0.00065,0.00021,0
1908.198,0.07959,-0.99634,-0.23779,1.02741,0.00001,0.00021,0
1909.667,0.08545,-1.00049,-0.24341,1.03321,0.00580,0.00024,0
1911.137,0.07837,-0.99878,-0.24512,1.03140,0.00181,0.00024,0
1912.607,0.08057,-0.99854,-0.23877,1.02984,0.00156,0.00021,0
1914.078,0.08350,-0.99585,-0.24097,1.02798,0.00186,0.00017,0
1915.562,0.08203,-0.99487,-0.24365,1.02755,0.00043,0.00016,0
1917.102,0.07568,-0.99951,-0.23389,1.02930,0.00174,0.00016,0
1918.577,0.08423,-1.00073,-0.23682,1.03181,0.00252,0.00016,0
1920.026,0.07324,-1.00073,-0.24316,1.03245,0.00064,0.00016,0
1921.496,0.07495,-1.00000,-0.23486,1.02994,0.00251,0.00015,0
1922.971,0.07837,-0.99756,-0.24585,1.03039,0.00045,0.00015,0
1924.446,0.08057,-0.99976,-0.24194,1.03177,0.00137,0.00016,0
1925.918,0.07812,-0.99634,-0.23706,1.02713,0.00464,0.00015,0
1927.387,0.07788,-0.99536,-0.23730,1.02622,0.00091,0.00015,0
1928.927,0.07739,-0.99756,-0.24097,1.02916,0.00295,0.00014,0
1930.447,0.07861,-0.99829,-0.23291,1.02811,0.00105,0.00014,0
1931.963,0.08179,-0.99463,-0.24976,1.02876,0.00065,0.00013,0
1933.448,0.08228,-0.99609,-0.24634,1.02940,0.00063,0.00013,0
1934.923,0.07178,-0.99561,-0.23291,1.02500,0.00439,0.00015,0
1936.396,0.07495,-0.99243,-0.23804,1.02333,0.00167,0.00015,0
1937.870,0.07983,-0.99658,-0.24854,1.03020,0.00688,0.00019,0
1939.349,0.07983,-0.99976,-0.24072,1.03142,0.00122,0.00019,0
1940.834,0.07910,-1.00171,-0.24707,1.03476,0.00333,0.00019,0
1942.320,0.08154,-0.99683,-0.24292,1.02923,0.00552,0.00021,0
1943.795,0.07837,-0.99829,-0.24438,1.03075,0.00152,0.00021,0
1945.279,0.08228,-0.99951,-0.24146,1.03155,0.00080,0.00021,0
1946.770,0.07886,-0.99609,-0.23511,1.02650,0.00505,0.00020,0
1948.251,0.08008,-0.99561,-0.23877,1.02696,0.00047,0.00020,0
1949.734,0.08203,-0.99707,-0.24390,1.02974,0.00278,0.00020,0
1951.218,0.07983,-0.99243,-0.23608,1.02324,0.00649,0.00024,0
1952.704,0.07886,-0.99731,-0.24243,1.02938,0.00614,0.00028,0
1954.208,0.08008,-1.00049,-0.23975,1.03192,0.00254,0.00028,0
1955.691,0.07788,-0.99365,-0.24243,1.02576,0.00616,0.00031,0
1957.194,0.07471,-0.99316,-0.24487,1.02563,0.00013,0.00031,0
1958.699,0.07861,-0.99390,-0.25244,1.02846,0.00283,0.00032,0
1960.196,0.08423,-0.99463,-0.25098,1.02926,0.00079,0.00032,0
1961.694,0.07666,-0.99512,-0.24243,1.02709,0.00217,0.00032,0
1963.191,0.07739,-0.99634,-0.24243,1.02832,0.00124,0.00030,0
1964.699,0.08496,-0.99609,-0.24463,1.02921,0.00088,0.00030,0
1966.187,0.08691,-0.99658,-0.23901,1.02852,0.00068,0.00029,0
1967.698,0.08105,-0.99463,-0.24243,1.02695,0.00157,0.00029,0
1969.176,0.07788,-0.99438,-0.24609,1.02734,0.00039,0.00029,0
1970.663,0.07959,-0.99951,-0.23755,1.03043,0.00309,0.00030,0
1972.146,0.07715,-0.99438,-0.23389,1.02443,0.00600,0.00032,0
1973.626,0.08032,-1.00171,-0.24683,1.03479,0.01036,0.00042,0
1975.097,0.08472,-0.99731,-0.23730,1.02865,0.00614,0.00041,0
1976.573,0.07959,-1.00049,-0.23584,1.03099,0.00233,0.00042,0
1978.049,0.08057,-0.99683,-0.24414,1.02945,0.00154,0.00041,0
1979.523,0.07666,-0.99658,-0.23657,1.02714,0.00230,0.00038,0
1980.998,0.07373,-0.99780,-0.23975,1.02885,0.00171,0.00038,0
1982.470,0.08032,-0.99634,-0.24097,1.02821,0.00064,0.00038,0
1983.945,0.08130,-0.99561,-0.23950,1.02723,0.00098,0.00036,0
1985.412,0.08643,-0.99316,-0.23730,1.02477,0.00246,0.00036,0
1986.880,0.08398,-0.99854,-0.23828,1.03000,0.00523,0.00038,0
1988.354,0.08398,-0.99731,-0.24170,1.02962,0.00039,0.00034,0
1989.820,0.07837,-1.00098,-0.23926,1.03215,0.00254,0.00031,0
1991.290,0.07739,-0.99683,-0.24683,1.02984,0.00231,0.00031,0
1992.771,0.07886,-0.99561,-0.24658,1.02871,0.00113,0.00027,0
1994.239,0.07935,-0.99268,-0.24243,1.02493,0.00379,0.00029,0
1995.714,0.08350,-0.99536,-0.23560,1.02627,0.00134,0.00028,0
1997.180,0.08154,-0.99854,-0.23804,1.02975,0.00348,0.00029,0
1998.670,0.07935,-0.99463,-0.24585,1.02763,0.00212,0.00029,0
2000.145,0.08032,-0.99512,-0.24023,1.02685,0.00078,0.00029,0
2001.613,0.07690,-0.99585,-0.23975,1.02718,0.00033,0.00029,0
2003.083,0.07739,-0.99585,-0.24390,1.02820,0.00101,0.00029,0
2004.599,0.07715,-0.99756,-0.23950,1.02880,0.00060,0.00029,0
2006.064,0.07910,-0.99756,-0.23682,1.02833,0.00047,0.00029,0
2007.552,0.07446,-0.99292,-0.23462,1.02298,0.00535,0.00031,0
2009.021,0.07886,-0.99756,-0.23828,1.02865,0.00567,0.00031,0
2010.501,0.08252,-0.99780,-0.23926,1.02940,0.00075,0.00020,0
2011.976,0.07471,-1.00098,-0.23853,1.03171,0.00231,0.00017,0
2013.440,0.08374,-0.99561,-0.23706,1.02686,0.00485,0.00018,0
2014.909,0.07812,-0.99731,-0.23853,1.02841,0.00155,0.00018,0
2016.352,0.08301,-0.99487,-0.24487,1.02792,0.00049,0.00018,0
2017.821,0.08203,-0.99585,-0.24268,1.02827,0.00035,0.00018,0
2019.377,0.08472,-0.99805,-0.23462,1.02875,0.00048,0.00018,0
2020.934,0.08228,-0.99463,-0.23462,1.02523,0.00351,0.00019,0
2022.434,0.07568,-0.99585,-0.23901,1.02692,0.00169,0.00018,0
2023.913,0.07837,-0.99634,-0.23926,1.02766,0.00073,0.00016,0
2025.383,0.08032,-0.99414,-0.24341,1.02665,0.00100,0.00016,0
2026.858,0.08130,-0.99780,-0.23999,1.02947,0.00282,0.00016,0
2028.347,0.08154,-0.99536,-0.24219,1.02764,0.00183,0.00016,0
2029.907,0.08228,-0.99487,-0.24316,1.02746,0.00018,0.00016,0
2031.382,0.07715,-0.99927,-0.25146,1.03331,0.00585,0.00018,0
2032.852,0.08081,-0.99878,-0.24902,1.03252,0.00078,0.00018,0
2034.326,0.07935,-0.99951,-0.23511,1.02985,0.00267,0.00017,0
2035.784,0.07642,-0.99463,-0.24365,1.02688,0.00297,0.00017,0
2037.251,0.08228,-0.99438,-0.23779,1.02573,0.00116,0.00018,0
2038.725,0.08618,-0.99365,-0.23926,1.02568,0.00005,0.00018,0
2040.203,0.08105,-0.99536,-0.24365,1.02795,0.00227,0.00018,0
2041.675,0.08081,-0.99561,-0.24756,1.02910,0.00115,0.00018,0
2043.157,0.08398,-0.99268,-0.24048,1.02484,0.00426,0.00020,0
2044.637,0.07935,-0.99658,-0.23633,1.02729,0.00245,0.00018,0
2046.123,0.07739,-0.99048,-0.24341,1.02288,0.00441,0.00016,0
2047.841,0.07666,-0.99609,-0.23560,1.02644,0.00356,0.00017,0
2049.364,0.08154,-0.99683,-0.24194,1.02900,0.00256,0.00018,0
2050.853,0.07764,-1.00171,-0.23633,1.03213,0.00313,0.00016,0
2052.373,0.08521,-0.99463,-0.23828,1.02632,0.00582,0.00019,0
2053.848,0.08862,-0.99658,-0.24487,1.03004,0.00373,0.00021,0
2055.334,0.07910,-0.99341,-0.23511,1.02391,0.00613,0.00024,0
2056.818,0.07861,-0.99121,-0.23999,1.02288,0.00103,0.00025,0
2058.291,0.07715,-0.98901,-0.24536,1.02191,0.00096,0.00023,0
2059.767,0.07788,-0.99487,-0.24438,1.02741,0.00549,0.00026,0
2061.245,0.07715,-0.99756,-0.23975,1.02886,0.00145,0.00026,0
2062.735,0.08521,-0.99170,-0.24805,1.02579,0.00307,0.00027,0
2064.218,0.07935,-1.00171,-0.24023,1.03316,0.00737,0.00032,0
2065.713,0.08032,-0.99438,-0.23975,1.02603,0.00714,0.00037,0
2067.209,0.08325,-0.99634,-0.25098,1.03083,0.00480,0.00039,0
2068.705,0.08350,-0.99219,-0.24707,1.02589,0.00494,0.00038,0
2070.231,0.08105,-0.99683,-0.24219,1.02902,0.00313,0.00039,0
2071.823,0.08350,-0.99731,-0.24194,1.02963,0.00061,0.00038,0
2073.459,0.07764,-0.99292,-0.24194,1.02492,0.00472,0.00039,0
2075.195,0.08105,-0.99683,-0.24268,1.02914,0.00422,0.00041,0
2076.873,0.07837,-0.99048,-0.23779,1.02163,0.00750,0.00047,0
2078.493,0.08105,-0.99463,-0.24390,1.02730,0.00566,0.00049,0
2080.042,0.07788,-0.99170,-0.23975,1.02324,0.00406,0.00051,0
2081.607,0.07642,-0.99536,-0.23853,1.02639,0.00316,0.00050,0
2083.157,0.07593,-0.99976,-0.25049,1.03345,0.00706,0.00055,0
2084.733,0.07910,-0.99731,-0.25000,1.03121,0.00224,0.00053,0
2086.357,0.07788,-0.99316,-0.24316,1.02546,0.00575,0.00055,0
2087.917,0.08130,-0.99805,-0.23950,1.02960,0.00414,0.00056,0
2089.416,0.08228,-0.99902,-0.23901,1.03051,0.00091,0.00055,0
2090.929,0.07983,-1.00098,-0.24878,1.03451,0.00401,0.00053,0
2092.521,0.07666,-0.99731,-0.24219,1.02916,0.00536,0.00055,0
2094.305,0.08081,-0.99658,-0.23999,1.02825,0.00091,0.00051,0
2095.934,0.07715,-0.99536,-0.23901,1.02656,0.00169,0.00051,0
2097.473,0.07373,-0.99585,-0.23608,1.02610,0.00046,0.00051,0
2099.020,0.08057,-1.00098,-0.25269,1.03552,0.00941,0.00057,0
2100.707,0.07812,-0.99878,-0.24365,1.03103,0.00448,0.00059,0
2102.250,0.08032,-0.99731,-0.24023,1.02898,0.00205,0.00059,0
2103.770,0.08252,-0.99609,-0.23633,1.02707,0.00191,0.00053,0
2105.302,0.08423,-0.99463,-0.24463,1.02773,0.00066,0.00048,0
2106.827,0.08521,-0.99683,-0.23877,1.02856,0.00083,0.00046,0
2108.410,0.08423,-0.99561,-0.23926,1.02741,0.00115,0.00044,0
2109.933,0.07983,-0.99683,-0.24707,1.03009,0.00268,0.00044,0
2111.494,0.07935,-0.99780,-0.24390,1.03024,0.00015,0.00044,0
2113.015,0.08350,-0.99585,-0.24072,1.02793,0.00231,0.00042,0
2114.524,0.08447,-0.99292,-0.23364,1.02353,0.00440,0.00042,0
2116.024,0.08301,-0.99658,-0.23853,1.02809,0.00456,0.00038,0
2117.568,0.07739,-0.99438,-0.24072,1.02603,0.00206,0.00036,0
2119.117,0.07715,-0.99365,-0.24097,1.02536,0.00067,0.00034,0
2120.809,0.07788,-0.99658,-0.24365,1.02889,0.00353,0.00034,0
2122.300,0.08105,-0.99683,-0.24023,1.02856,0.00032,0.00029,0
2123.800,0.07788,-0.99585,-0.23462,1.02607,0.00249,0.00029,0
2125.305,0.08081,-0.99463,-0.23682,1.02562,0.00045,0.00026,0
2126.786,0.07837,-0.99878,-0.25244,1.03316,0.00754,0.00030,0
2128.273,0.08105,-1.00024,-0.24976,1.03414,0.00097,0.00030,0
2129.750,0.07788,-0.99829,-0.23804,1.02923,0.00491,0.00031,0
2131.232,0.07935,-1.00317,-0.23901,1.03430,0.00507,0.00031,0
2132.826,0.07666,-1.00317,-0.25073,1.03687,0.00257,0.00031,0
2134.317,0.07690,-0.99683,-0.24829,1.03016,0.00671,0.00035,0
2135.809,0.07642,-0.99609,-0.24048,1.02756,0.00260,0.00036,0
2137.292,0.07935,-0.99634,-0.23975,1.02784,0.00029,0.00027,0
2138.779,0.07935,-1.00122,-0.24536,1.03390,0.00605,0.00029,0
2140.268,0.07690,-0.99731,-0.23853,1.02832,0.00557,0.00032,0
2141.748,0.08105,-0.99609,-0.23804,1.02734,0.00098,0.00031,0
2143.235,0.07812,-0.99536,-0.23560,1.02584,0.00150,0.00032,0
2144.716,0.08154,-1.00049,-0.24341,1.03290,0.00705,0.00036,0
2146.201,0.08472,-0.99658,-0.24072,1.02874,0.00416,0.00038,0
2147.728,0.08032,-1.00293,-0.23926,1.03420,0.00546,0.00040,0
2149.226,0.07739,-0.99707,-0.23999,1.02846,0.00574,0.00044,0
2150.716,0.08008,-1.00098,-0.24146,1.03280,0.00433,0.00045,0
2152.204,0.08105,-0.99658,-0.23853,1.02793,0.00487,0.00045,0
2153.691,0.07788,-0.99756,-0.23926,1.02880,0.00087,0.00043,0
2155.173,0.08252,-0.99414,-0.24146,1.02637,0.00244,0.00044,0
2156.652,0.07910,-0.99170,-0.23462,1.02214,0.00423,0.00045,0
2158.141,0.07788,-0.99390,-0.24023,1.02548,0.00334,0.00045,0
2159.706,0.07861,-0.98975,-0.24243,1.02203,0.00345,0.00046,0
2161.226,0.07324,-0.99463,-0.24487,1.02694,0.00491,0.00048,0
2162.714,0.07861,-0.99731,-0.23584,1.02783,0.00089,0.00048,0
2164.188,0.07935,-0.99878,-0.23853,1.02993,0.00210,0.00043,0
2165.669,0.08228,-0.99243,-0.24512,1.02556,0.00437,0.00045,0
2167.155,0.08081,-0.99609,-0.24634,1.02928,0.00372,0.00044,0
2168.639,0.08252,-0.99194,-0.23950,1.02378,0.00550,0.00044,0
2170.125,0.07764,-1.00024,-0.23804,1.03110,0.00733,0.00049,0
2171.598,0.07373,-0.99780,-0.23901,1.02868,0.00243,0.00045,0
2173.208,0.07642,-0.99927,-0.24658,1.03207,0.00340,0.00045,0
2174.686,0.07495,-0.99219,-0.24487,1.02470,0.00737,0.00051,0
2176.171,0.07739,-0.99609,-0.24365,1.02838,0.00367,0.00049,0
2177.669,0.07861,-0.99805,-0.23950,1.02939,0.00101,0.00046,0
2179.184,0.07715,-0.99097,-0.23267,1.02083,0.00855,0.00053,0
2180.710,0.08130,-1.00073,-0.24121,1.03260,0.01176,0.00066,0
2182.231,0.07910,-0.99634,-0.24072,1.02805,0.00454,0.00063,0
2183.784,0.08105,-0.99561,-0.24854,1.02935,0.00130,0.00062,0
2185.303,0.08154,-1.00464,-0.24561,1.03743,0.00808,0.00065,0
2186.843,0.07617,-0.99902,-0.24194,1.03072,0.00671,0.00067,0
2188.408,0.07617,-0.99438,-0.24146,1.02611,0.00461,0.00067,0
2189.932,0.07275,-0.99707,-0.24268,1.02875,0.00264,0.00065,0
2191.446,0.08008,-0.99414,-0.24292,1.02652,0.00224,0.00066,0
2192.939,0.08203,-0.99512,-0.24341,1.02773,0.00122,0.00065,0
2194.436,0.07642,-0.99683,-0.24512,1.02936,0.00163,0.00064,0
2195.943,0.07983,-0.99365,-0.24243,1.02591,0.00345,0.00064,0
2197.463,0.07837,-1.00098,-0.24976,1.03464,0.00873,0.00070,0
2198.949,0.07642,-0.99854,-0.24463,1.03090,0.00374,0.00069,0
2200.473,0.07861,-0.99561,-0.24316,1.02788,0.00302,0.00070,0
2201.956,0.07812,-0.99463,-0.23682,1.02541,0.00247,0.00070,0
2203.479,0.08765,-0.99756,-0.23584,1.02880,0.00338,0.00069,0
2204.984,0.08398,-0.99316,-0.23877,1.02491,0.00389,0.00070,0
2206.460,0.08032,-0.99365,-0.23462,1.02413,0.00078,0.00067,0
2207.981,0.07495,-0.99585,-0.23682,1.02636,0.00223,0.00062,0
2209.531,0.07935,-1.00415,-0.24805,1.03737,0.01101,0.00073,0
2211.081,0.07666,-0.99438,-0.23755,1.02524,0.01214,0.00087,0
2212.661,0.08228,-0.99487,-0.24243,1.02729,0.00205,0.00082,0
2214.152,0.08472,-0.99585,-0.24170,1.02826,0.00097,0.00081,0
2215.723,0.07593,-0.99976,-0.24976,1.03327,0.00502,0.00083,0
2217.220,0.07861,-0.99951,-0.24756,1.03271,0.00056,0.00076,0
2218.688,0.08203,-0.99829,-0.23242,1.02827,0.00444,0.00064,0
2220.160,0.07959,-1.00269,-0.23364,1.03262,0.00435,0.00064,0
2221.622,0.07959,-0.99683,-0.23853,1.02805,0.00457,0.00066,0
2223.082,0.07666,-0.99854,-0.24390,1.03074,0.00269,0.00060,0
2224.613,0.08228,-0.99634,-0.23999,1.02813,0.00261,0.00056,0
2226.103,0.08838,-0.99170,-0.24585,1.02553,0.00260,0.00055,0
2227.569,0.07959,-0.99805,-0.24561,1.03090,0.00537,0.00057,0
2229.029,0.07056,-0.99487,-0.24219,1.02636,0.00454,0.00058,0
2230.496,0.07715,-0.99731,-0.24463,1.02977,0.00342,0.00059,0
2231.963,0.08105,-0.99365,-0.24219,1.02595,0.00382,0.00060,0
2233.530,0.08569,-0.99341,-0.24146,1.02592,0.00003,0.00059,0
2234.997,0.08008,-0.99268,-0.24072,1.02458,0.00134,0.00052,0
2236.463,0.08252,-0.99609,-0.23511,1.02679,0.00220,0.00051,0
2237.936,0.07886,-0.99341,-0.23975,1.02497,0.00182,0.00050,0
2239.375,0.08252,-0.99512,-0.25024,1.02941,0.00445,0.00052,0
2240.842,0.08276,-0.99707,-0.25073,1.03144,0.00203,0.00051,0
2242.309,0.07812,-0.99463,-0.24146,1.02649,0.00494,0.00052,0
2243.778,0.07690,-0.99609,-0.24072,1.02765,0.00116,0.00052,0
2245.265,0.07715,-0.99731,-0.23999,1.02868,0.00103,0.00052,0
2246.766,0.07910,-0.99829,-0.25122,1.03245,0.00377,0.00041,0
2248.250,0.08032,-0.99585,-0.23828,1.02711,0.00534,0.00029,0
2249.766,0.07397,-0.99707,-0.24878,1.03030,0.00319,0.00030,0
2251.247,0.07642,-0.99927,-0.24170,1.03092,0.00062,0.00030,0
2252.738,0.07764,-0.99609,-0.23755,1.02697,0.00395,0.00029,0
2254.244,0.08081,-0.99829,-0.24121,1.03019,0.00323,0.00030,0
2255.770,0.07935,-0.99805,-0.23853,1.02922,0.00098,0.00028,0
2257.283,0.08057,-0.99390,-0.23413,1.02427,0.00494,0.00028,0
2258.808,0.08008,-0.99390,-0.23486,1.02440,0.00013,0.00026,0
2260.394,0.08374,-0.99341,-0.23535,1.02434,0.00007,0.00025,0
2261.942,0.08154,-0.99268,-0.23877,1.02424,0.00010,0.00025,0
2263.408,0.08472,-0.99658,-0.23901,1.02834,0.00410,0.00026,0
2264.866,0.08325,-0.99121,-0.24316,1.02399,0.00435,0.00025,0
2266.321,0.08301,-1.00073,-0.24390,1.03336,0.00937,0.00032,0
2267.782,0.08057,-0.99731,-0.24487,1.03009,0.00327,0.00031,0
2269.240,0.08569,-1.00024,-0.23608,1.03129,0.00120,0.00030,0
2270.697,0.08203,-0.99854,-0.23975,1.03018,0.00111,0.00030,0
2272.151,0.07690,-0.99341,-0.22705,1.02192,0.00826,0.00037,0
2273.607,0.08154,-0.99585,-0.23511,1.02647,0.00455,0.00038,0
2275.082,0.07739,-0.99976,-0.24072,1.03124,0.00477,0.00040,0
2276.576,0.08154,-0.99780,-0.24194,1.02995,0.00129,0.00039,0
2278.094,0.08203,-0.99634,-0.24902,1.03026,0.00031,0.00038,0
2279.565,0.08057,-0.99756,-0.23999,1.02918,0.00108,0.00036,0
2281.022,0.08105,-1.00049,-0.23877,1.03177,0.00259,0.00036,0
2282.477,0.07666,-0.99731,-0.22998,1.02635,0.00542,0.00039,0
2283.935,0.07520,-1.00146,-0.23779,1.03205,0.00570,0.00041,0
2285.384,0.07593,-0.99902,-0.24341,1.03105,0.00100,0.00038,0
2286.839,0.07861,-0.99951,-0.24219,1.03144,0.00039,0.00037,0
2288.378,0.08130,-0.99585,-0.23975,1.02752,0.00391,0.00039,0
2289.885,0.08276,-0.99243,-0.23901,1.02416,0.00337,0.00038,0
2291.342,0.07886,-0.99902,-0.23486,1.02928,0.00513,0.00040,0
2292.799,0.08179,-0.99780,-0.23218,1.02772,0.00157,0.00040,0
2294.255,0.07349,-0.99414,-0.24609,1.02678,0.00094,0.00038,0
2295.741,0.08203,-1.00000,-0.24146,1.03200,0.00522,0.00040,0
2297.279,0.07983,-0.99756,-0.23901,1.02889,0.00311,0.00041,0
2298.737,0.08276,-0.99634,-0.24390,1.02909,0.00019,0.00041,0
2300.196,0.07324,-0.99805,-0.24121,1.02939,0.00030,0.00040,0
2301.652,0.07715,-1.00073,-0.23975,1.03194,0.00255,0.00039,0
2303.109,0.08057,-0.99341,-0.23950,1.02504,0.00690,0.00035,0
2304.610,0.07739,-0.99268,-0.23828,1.02380,0.00124,0.00034,0
2306.067,0.07910,-0.99658,-0.24072,1.02829,0.00449,0.00035,0
2307.526,0.07983,-0.99731,-0.23853,1.02854,0.00025,0.00035,0
2308.981,0.08081,-0.99414,-0.23706,1.02520,0.00334,0.00030,0
2310.445,0.08081,-0.99658,-0.24268,1.02888,0.00368,0.00029,0
2311.913,0.08716,-0.99463,-0.24219,1.02739,0.00149,0.00027,0
2313.393,0.08032,-0.99658,-0.23853,1.02787,0.00048,0.00027,0
2314.873,0.07715,-0.99536,-0.23535,1.02571,0.00216,0.00027,0
2316.464,0.08423,-0.99976,-0.24634,1.03310,0.00738,0.00033,0
2318.019,0.08301,-0.99316,-0.24316,1.02586,0.00723,0.00037,0
2319.478,0.08496,-0.99023,-0.24243,1.02301,0.00285,0.00035,0
2320.936,0.08325,-0.99438,-0.24854,1.02835,0.00534,0.00035,0
2322.419,0.08301,-0.99414,-0.24243,1.02663,0.00171,0.00035,0
2323.874,0.08374,-0.99268,-0.24414,1.02568,0.00095,0.00035,0
2325.330,0.08130,-0.99121,-0.24463,1.02418,0.00150,0.00034,0
2326.787,0.07788,-0.99951,-0.23975,1.03081,0.00663,0.00037,0
2328.239,0.07739,-0.99609,-0.23779,1.02700,0.00380,0.00036,0
2329.693,0.07544,-0.99878,-0.24146,1.03032,0.00331,0.00036,0
2331.145,0.07324,-0.99585,-0.24023,1.02703,0.00329,0.00037,0
2332.668,0.08252,-1.00098,-0.23828,1.03225,0.00522,0.00037,0
2334.179,0.07886,-0.99707,-0.24536,1.02984,0.00241,0.00037,0
2335.631,0.07935,-0.99780,-0.24268,1.02995,0.00011,0.00037,0
2337.083,0.08081,-0.99292,-0.23828,1.02430,0.00565,0.00040,0
2338.536,0.08008,-0.99390,-0.23706,1.02491,0.00061,0.00040,0
2339.997,0.07837,-0.99707,-0.24194,1.02899,0.00408,0.00037,0
2341.455,0.08228,-0.98804,-0.23657,1.01929,0.00970,0.00046,0
2342.914,0.07495,-0.99609,-0.24536,1.02860,0.00931,0.00052,0
2344.375,0.07397,-0.99805,-0.24438,1.03019,0.00159,0.00053,0
2345.832,0.07812,-0.99341,-0.23413,1.02361,0.00658,0.00056,0
2347.262,0.08008,-0.99707,-0.23657,1.02788,0.00426,0.00056,0
2348.720,0.08081,-0.99927,-0.24146,1.03120,0.00332,0.00057,0
2350.185,0.08276,-0.99072,-0.23950,1.02262,0.00858,0.00065,0
2351.642,0.07617,-0.99731,-0.24487,1.02976,0.00714,0.00069,0
2353.097,0.07959,-0.99365,-0.24561,1.02665,0.00311,0.00065,0
2354.556,0.08008,-0.99365,-0.24194,1.02581,0.00083,0.00060,0
2356.011,0.07935,-1.00171,-0.24805,1.03501,0.00920,0.00067,0
2357.473,0.07812,-1.00073,-0.24341,1.03287,0.00214,0.00065,0
2358.946,0.08008,-0.99194,-0.24170,1.02410,0.00877,0.00072,0
2360.417,0.07349,-0.99438,-0.23853,1.02523,0.00113,0.00072,0
2362.008,0.07739,-0.99341,-0.24097,1.02514,0.00009,0.00072,0
2363.517,0.07861,-0.99316,-0.24341,1.02557,0.00043,0.00068,0
2365.042,0.08130,-0.99536,-0.23828,1.02671,0.00113,0.00066,0
2366.512,0.08105,-0.99756,-0.23853,1.02888,0.00217,0.00066,0
2367.969,0.07617,-0.99316,-0.23804,1.02413,0.00475,0.00067,0
2369.426,0.07642,-0.98950,-0.23804,1.02060,0.00353,0.00065,0
2370.850,0.07397,-0.99585,-0.24927,1.02923,0.00864,0.00072,0
2372.387,0.08081,-0.99634,-0.24341,1.02882,0.00042,0.00072,0
2373.844,0.08057,-0.99463,-0.24756,1.02814,0.00068,0.00069,0
2375.325,0.08105,-0.99414,-0.24414,1.02688,0.00125,0.00069,0
2376.808,0.07617,-0.99634,-0.24341,1.02846,0.00158,0.00068,0
2378.284,0.07861,-0.99414,-0.23950,1.02560,0.00286,0.00059,0
2379.752,0.08765,-0.99927,-0.24414,1.03239,0.00679,0.00055,0
2381.306,0.07837,-0.99780,-0.23340,1.02773,0.00466,0.00057,0
2382.766,0.07837,-0.99512,-0.24414,1.02762,0.00011,0.00053,0
2384.225,0.07788,-0.99121,-0.23901,1.02259,0.00503,0.00054,0
2385.691,0.07812,-0.99609,-0.23901,1.02734,0.00475,0.00055,0
2387.149,0.08032,-0.99463,-0.23633,1.02547,0.00187,0.00048,0
2388.618,0.07373,-0.99756,-0.24219,1.02918,0.00371,0.00044,0
2390.203,0.07983,-1.00122,-0.24146,1.03301,0.00383,0.00044,0
2391.732,0.08154,-0.99390,-0.24121,1.02599,0.00702,0.00049,0
2393.316,0.07568,-1.00195,-0.23340,1.03156,0.00557,0.00044,0
2394.779,0.07861,-0.99902,-0.23975,1.03039,0.00117,0.00044,0
2396.239,0.07642,-0.99609,-0.24512,1.02865,0.00174,0.00036,0
2397.703,0.07666,-0.99780,-0.23804,1.02866,0.00001,0.00036,0
2399.237,0.07959,-0.99194,-0.24023,1.02372,0.00495,0.00039,0
2400.880,0.08008,-0.99121,-0.23486,1.02180,0.00192,0.00039,0
2402.432,0.08032,-0.99561,-0.24146,1.02761,0.00581,0.00042,0
2403.985,0.07788,-0.99805,-0.24561,1.03077,0.00316,0.00043,0
2405.533,0.07202,-0.99731,-0.24243,1.02888,0.00189,0.00041,0
2407.167,0.07983,-0.99072,-0.23242,1.02075,0.00813,0.00046,0
2408.797,0.07764,-0.99658,-0.23877,1.02772,0.00698,0.00044,0
2410.306,0.07910,-0.99756,-0.23730,1.02844,0.00072,0.00044,0
2411.770,0.07935,-0.99561,-0.24878,1.02928,0.00084,0.00044,0
2413.310,0.08081,-0.99023,-0.24756,1.02390,0.00538,0.00046,0
2414.772,0.07764,-0.99927,-0.25342,1.03382,0.00992,0.00056,0
2416.234,0.07593,-1.00000,-0.24976,1.03351,0.00031,0.00055,0
2417.690,0.08398,-0.99414,-0.24390,1.02706,0.00645,0.00055,0
2419.147,0.08057,-0.99756,-0.24536,1.03044,0.00338,0.00054,0
2420.638,0.07422,-0.99829,-0.23926,1.02924,0.00120,0.00054,0
2422.199,0.07520,-0.99512,-0.23950,1.02629,0.00295,0.00052,0
2423.733,0.07837,-0.99609,-0.23682,1.02685,0.00056,0.00050,0
2425.297,0.07935,-0.99683,-0.24170,1.02877,0.00192,0.00050,0
2426.818,0.08105,-0.99951,-0.23950,1.03100,0.00222,0.00049,0
2428.517,0.08252,-0.99805,-0.24023,1.02986,0.00113,0.00048,0
2430.193,0.08179,-0.99731,-0.23975,1.02898,0.00088,0.00043,0
2431.804,0.07935,-0.99487,-0.23682,1.02574,0.00324,0.00041,0
2433.498,0.08154,-0.99854,-0.23535,1.02913,0.00339,0.00042,0
2435.034,0.08081,-1.00293,-0.23340,1.03290,0.00376,0.00043,0
2436.998,0.08350,-0.99536,-0.23608,1.02638,0.00652,0.00047,0
2438.683,0.07739,-0.99487,-0.23657,1.02554,0.00084,0.00045,0
2440.172,0.07837,-0.99561,-0.24146,1.02746,0.00192,0.00045,0
2441.630,0.07715,-0.99194,-0.23779,1.02296,0.00450,0.00043,0
2443.105,0.07910,-0.99731,-0.24829,1.03080,0.00784,0.00049,0
2444.613,0.08057,-0.99854,-0.23999,1.03013,0.00067,0.00048,0
2446.218,0.08130,-0.99976,-0.24170,1.03177,0.00164,0.00042,0
2447.743,0.08008,-0.99780,-0.23633,1.02853,0.00324,0.00038,0
2449.318,0.08105,-0.99756,-0.23730,1.02859,0.00006,0.00038,0
2450.777,0.07935,-0.99878,-0.23950,1.03015,0.00156,0.00038,0
2452.233,0.07666,-0.99390,-0.23267,1.02364,0.00651,0.00040,0
2453.690,0.07642,-0.99805,-0.23901,1.02911,0.00547,0.00033,0
2455.299,0.08447,-0.99292,-0.23999,1.02500,0.00411,0.00034,0
2456.892,0.07910,-0.99390,-0.23438,1.02422,0.00078,0.00030,0
2458.393,0.07837,-0.99414,-0.23462,1.02445,0.00024,0.00029,0
2459.989,0.08228,-0.99438,-0.24292,1.02693,0.00247,0.00030,0
2461.755,0.07520,-0.99536,-0.23779,1.02613,0.00080,0.00029,0
2463.427,0.08179,-0.99536,-0.24219,1.02766,0.00153,0.00029,0
2465.108,0.08179,-0.99512,-0.23926,1.02674,0.00092,0.00029,0
2466.578,0.08228,-0.99902,-0.23218,1.02894,0.00220,0.00029,0
2468.039,0.07788,-0.99414,-0.23413,1.02430,0.00464,0.00031,0
2469.470,0.08447,-0.99902,-0.24414,1.03189,0.00758,0.00036,0
2470.928,0.08130,-0.99536,-0.23364,1.02564,0.00624,0.00039,0
2472.416,0.07837,-1.00000,-0.23315,1.02981,0.00416,0.00040,0
2473.878,0.08472,-1.00098,-0.23999,1.03282,0.00302,0.00039,0
2475.340,0.08447,-0.99634,-0.24756,1.03010,0.00272,0.00036,0
2476.799,0.07764,-0.99463,-0.24438,1.02715,0.00295,0.00037,0
2478.281,0.08350,-0.99731,-0.23291,1.02755,0.00040,0.00036,0
2479.742,0.07495,-0.99414,-0.23291,1.02381,0.00374,0.00036,0
2481.742,0.07812,-0.99341,-0.24536,1.02624,0.00243,0.00030,0
2483.403,0.08105,-0.99683,-0.23633,1.02766,0.00142,0.00030,0
2485.004,0.08301,-0.99634,-0.23608,1.02729,0.00037,0.00030,0
2486.714,0.08228,-1.00000,-0.23364,1.03022,0.00294,0.00030,0
2488.679,0.07812,-0.99976,-0.23999,1.03112,0.00090,0.00030,0
2490.676,0.07275,-0.99097,-0.23462,1.02096,0.01016,0.00040,0
2492.152,0.07544,-1.00439,-0.22925,1.03298,0.01203,0.00050,0
2493.617,0.07837,-0.99927,-0.24219,1.03118,0.00180,0.00048,0
2495.097,0.07568,-0.99390,-0.24561,1.02659,0.00459,0.00048,0
2496.555,0.07935,-0.99487,-0.23779,1.02597,0.00062,0.00048,0
2498.014,0.08081,-0.99463,-0.23804,1.02590,0.00007,0.00048,0
2499.470,0.07837,-0.99561,-0.23315,1.02554,0.00036,0.00047,0
2500.927,0.07959,-0.99780,-0.23145,1.02738,0.00184,0.00048,0
2502.383,0.07642,-0.99634,-0.23926,1.02751,0.00013,0.00047,0
2503.841,0.08008,-0.99707,-0.23657,1.02788,0.00037,0.00047,0
2505.388,0.08472,-0.99463,-0.23779,1.02616,0.00171,0.00047,0
2506.880,0.07788,-1.00366,-0.24341,1.03569,0.00953,0.00054,0
2508.896,0.08130,-1.00073,-0.23804,1.03186,0.00383,0.00050,0
2510.874,0.07666,-0.99805,-0.23804,1.02890,0.00296,0.00047,0
2512.821,0.07959,-0.99658,-0.24268,1.02879,0.00011,0.00045,0
2514.351,0.07422,-0.99609,-0.24829,1.02925,0.00047,0.00044,0
2515.820,0.07910,-0.99707,-0.24170,1.02899,0.00026,0.00043,0
2517.314,0.07959,-0.99316,-0.24805,1.02676,0.00223,0.00043,0
2518.772,0.07886,-0.99365,-0.24097,1.02549,0.00127,0.00043,0
2520.228,0.08105,-0.99243,-0.24292,1.02494,0.00055,0.00042,0
2521.690,0.08105,-0.99194,-0.24414,1.02476,0.00018,0.00041,0
2523.146,0.08105,-0.99414,-0.23755,1.02534,0.00058,0.00041,0
2524.631,0.07959,-0.99683,-0.23975,1.02834,0.00300,0.00042,0
2526.184,0.07983,-1.00146,-0.23364,1.03145,0.00312,0.00042,0
2527.644,0.07544,-1.00073,-0.24194,1.03232,0.00087,0.00042,0
2529.104,0.07739,-0.99634,-0.23755,1.02718,0.00514,0.00034,0
2530.561,0.08105,-0.99634,-0.24072,1.02821,0.00102,0.00020,0
2532.022,0.07959,-0.99976,-0.24365,1.03209,0.00389,0.00021,0
2533.478,0.07959,-0.99902,-0.24487,1.03167,0.00042,0.00019,0
2534.938,0.08228,-0.99585,-0.25195,1.03052,0.00115,0.00019,0
2536.440,0.07837,-0.99902,-0.25195,1.03328,0.00276,0.00020,0
2538.004,0.07690,-0.99390,-0.25146,1.02809,0.00519,0.00023,0
2539.465,0.07764,-0.99292,-0.25024,1.02691,0.00119,0.00022,0
2540.921,0.08447,-0.99609,-0.23730,1.02745,0.00054,0.00022,0
2542.713,0.08472,-0.99487,-0.24072,1.02708,0.00037,0.00022,0
2544.769,0.08032,-0.99658,-0.23706,1.02753,0.00045,0.00022,0
2546.603,0.08423,-0.99292,-0.23950,1.02486,0.00267,0.00014,0
2548.313,0.07788,-0.99805,-0.23804,1.02899,0.00413,0.00014,0
2549.801,0.08154,-0.99536,-0.24585,1.02851,0.00048,0.00013,0
2551.263,0.08081,-0.99536,-0.24365,1.02793,0.00058,0.00013,0
2552.721,0.08032,-0.99341,-0.24219,1.02565,0.00228,0.00014,0
2554.178,0.07642,-0.99951,-0.25098,1.03337,0.00772,0.00020,0
2555.636,0.07788,-0.99829,-0.24316,1.03043,0.00294,0.00020,0
2557.092,0.08203,-0.99927,-0.23364,1.02949,0.00093,0.00020,0
2558.562,0.08008,-0.99683,-0.23218,1.02664,0.00286,0.00021,0
2560.019,0.07935,-0.99658,-0.24341,1.02894,0.00230,0.00021,0
2561.478,0.08228,-0.99365,-0.24341,1.02633,0.00261,0.00022,0
2562.936,0.07642,-0.99878,-0.24829,1.03201,0.00568,0.00024,0
2564.459,0.07617,-0.99805,-0.23901,1.02909,0.00292,0.00024,0
2566.017,0.07617,-1.00146,-0.23462,1.03140,0.00231,0.00025,0
2567.475,0.07983,-0.99658,-0.24219,1.02869,0.00271,0.00023,0
2568.933,0.07959,-1.00171,-0.23926,1.03296,0.00427,0.00024,0
2570.388,0.08252,-1.00024,-0.23364,1.03048,0.00248,0.00024,0
2571.856,0.08179,-0.99585,-0.23486,1.02643,0.00405,0.00025,0
2573.665,0.07251,-0.99829,-0.23462,1.02805,0.00162,0.00025,0
2575.588,0.07617,-0.98950,-0.23145,1.01906,0.00899,0.00033,0
2577.722,0.08496,-0.99512,-0.24390,1.02809,0.00903,0.00038,0
2579.511,0.07788,-0.99487,-0.23804,1.02591,0.00217,0.00038,0
2581.038,0.08032,-0.99585,-0.24023,1.02756,0.00165,0.00039,0
2582.502,0.08105,-0.99487,-0.23901,1.02639,0.00117,0.00039,0
2583.971,0.08472,-0.99683,-0.24731,1.03054,0.00415,0.00040,0
2585.428,0.07910,-1.00195,-0.24414,1.03430,0.00376,0.00041,0
2586.885,0.08179,-0.99780,-0.24292,1.03020,0.00410,0.00041,0
2588.415,0.08350,-0.99658,-0.24146,1.02881,0.00139,0.00041,0
2589.968,0.08154,-1.00073,-0.24634,1.03383,0.00502,0.00044,0
2591.429,0.07935,-0.99854,-0.23828,1.02963,0.00419,0.00045,0
2592.887,0.07959,-0.99780,-0.24072,1.02951,0.00012,0.00039,0
2594.345,0.07886,-0.99756,-0.23486,1.02786,0.00165,0.00038,0
2595.803,0.07959,-0.99731,-0.22803,1.02614,0.00172,0.00039,0
2597.345,0.07642,-0.99805,-0.23340,1.02782,0.00168,0.00038,0
2598.805,0.08276,-0.99438,-0.24072,1.02645,0.00137,0.00038,0
2600.260,0.08008,-0.99487,-0.23389,1.02513,0.00132,0.00037,0
2601.718,0.08252,-0.99878,-0.24316,1.03126,0.00613,0.00038,0
2603.175,0.07812,-0.99707,-0.24146,1.02886,0.00240,0.00038,0
2604.650,0.07715,-0.99707,-0.24707,1.03012,0.00126,0.00037,0
2606.791,0.08130,-0.99609,-0.24414,1.02879,0.00132,0.00037,0
2608.843,0.08081,-0.99878,-0.24536,1.03165,0.00285,0.00036,0
2610.799,0.08203,-0.99097,-0.23926,1.02274,0.00891,0.00043,0
2612.498,0.08130,-0.99854,-0.24438,1.03122,0.00848,0.00048,0
2613.974,0.07837,-0.99805,-0.24121,1.02977,0.00145,0.00048,0
2615.438,0.07568,-0.99512,-0.23682,1.02570,0.00406,0.00042,0
2616.895,0.08350,-1.00220,-0.23340,1.03240,0.00669,0.00038,0
2618.351,0.08252,-0.99561,-0.23779,1.02693,0.00547,0.00041,0
2619.810,0.07910,-0.99438,-0.23828,1.02559,0.00134,0.00041,0
2621.303,0.08252,-0.99341,-0.24194,1.02577,0.00018,0.00041,0
2622.761,0.07764,-0.99927,-0.23901,1.03038,0.00461,0.00041,0
2624.217,0.08081,-0.99878,-0.24658,1.03194,0.00155,0.00040,0
2625.674,0.07886,-0.99854,-0.23828,1.02960,0.00234,0.00039,0
2627.132,0.08008,-0.99658,-0.24097,1.02842,0.00117,0.00039,0
2628.638,0.08472,-0.99658,-0.24854,1.03059,0.00217,0.00037,0
2630.224,0.08301,-0.99731,-0.24072,1.02931,0.00129,0.00035,0
2631.768,0.08032,-0.99878,-0.24390,1.03126,0.00195,0.00035,0
2633.335,0.07593,-0.99438,-0.23999,1.02575,0.00551,0.00038,0
2634.794,0.08301,-0.99609,-0.23975,1.02790,0.00215,0.00038,0
2636.251,0.07739,-0.99854,-0.23486,1.02870,0.00080,0.00038,0
2637.718,0.08008,-0.99365,-0.24438,1.02639,0.00231,0.00038,0
2639.176,0.07373,-0.99634,-0.24609,1.02893,0.00253,0.00039,0
2640.656,0.08203,-0.99487,-0.24048,1.02681,0.00212,0.00036,0
2642.681,0.08008,-0.99683,-0.24707,1.03011,0.00330,0.00036,0
2644.379,0.08130,-0.99756,-0.23389,1.02783,0.00228,0.00036,0
2646.345,0.08521,-0.99902,-0.24219,1.03149,0.00366,0.00038,0
2647.963,0.08203,-0.99756,-0.23877,1.02901,0.00247,0.00037,0
2649.447,0.08008,-0.99585,-0.25195,1.03034,0.00133,0.00030,0
2650.910,0.07617,-0.99536,-0.24023,1.02677,0.00357,0.00024,0
2652.432,0.07910,-0.99609,-0.23755,1.02708,0.00031,0.00024,0
2653.930,0.07910,-0.99927,-0.23486,1.02954,0.00246,0.00023,0
2655.387,0.07910,-0.99512,-0.23779,1.02619,0.00335,0.00019,0
2656.852,0.07837,-0.99829,-0.23657,1.02893,0.00274,0.00017,0
2658.311,0.07959,-0.99731,-0.23120,1.02685,0.00208,0.00017,0
2659.771,0.08252,-0.99585,-0.23853,1.02734,0.00048,0.00017,0
2661.275,0.07788,-0.99219,-0.23389,1.02235,0.00498,0.00018,0
2662.738,0.08105,-0.99805,-0.23779,1.02918,0.00683,0.00022,0
2664.195,0.07910,-0.99609,-0.24829,1.02962,0.00043,0.00021,0
2665.653,0.08374,-0.99316,-0.24512,1.02639,0.00323,0.00022,0
2667.121,0.08252,-0.99243,-0.24097,1.02460,0.00179,0.00022,0
2668.578,0.08374,-0.99292,-0.24243,1.02551,0.00092,0.00022,0
2670.036,0.07959,-0.99390,-0.24316,1.02630,0.00079,0.00022,0
2671.491,0.07764,-0.99683,-0.24072,1.02841,0.00211,0.00019,0
2672.957,0.08008,-0.98975,-0.24023,1.02163,0.00679,0.00023,0
2674.689,0.08057,-0.99902,-0.24097,1.03083,0.00920,0.00032,0
2676.872,0.08350,-0.99658,-0.24097,1.02869,0.00213,0.00032,0
2678.699,0.08154,-0.99146,-0.23730,1.02271,0.00598,0.00035,0
2680.529,0.07886,-1.00024,-0.24072,1.03182,0.00911,0.00042,0
2682.001,0.07959,-0.99756,-0.23608,1.02820,0.00362,0.00043,0
2683.464,0.07715,-0.99316,-0.23999,1.02466,0.00354,0.00043,0
2684.922,0.07764,-0.99536,-0.24072,1.02700,0.00234,0.00043,0
2686.379,0.07935,-0.99658,-0.23901,1.02791,0.00091,0.00042,0
2687.838,0.07812,-0.99487,-0.24268,1.02702,0.00089,0.00042,0
2689.307,0.07910,-0.99780,-0.24194,1.02976,0.00274,0.00041,0
2690.765,0.07959,-0.99829,-0.24146,1.03016,0.00040,0.00041,0
2692.223,0.08398,-0.99585,-0.24341,1.02860,0.00156,0.00041,0
2693.679,0.08447,-0.99878,-0.23486,1.02949,0.00089,0.00040,0
2695.136,0.07642,-0.99829,-0.24438,1.03061,0.00111,0.00039,0
2696.595,0.07642,-0.99609,-0.24048,1.02756,0.00305,0.00040,0
2698.048,0.07349,-0.99951,-0.24243,1.03111,0.00356,0.00041,0
2699.503,0.07739,-0.99609,-0.23413,1.02616,0.00495,0.00041,0
2700.958,0.08057,-0.99634,-0.23877,1.02771,0.00155,0.00037,0
2702.413,0.07642,-0.99829,-0.23682,1.02884,0.00113,0.00037,0
2703.876,0.07422,-0.99756,-0.24121,1.02899,0.00015,0.00036,0
2705.644,0.07324,-1.00439,-0.24023,1.03532,0.00633,0.00039,0
2707.451,0.08179,-1.00220,-0.24780,1.03561,0.00029,0.00039,0
2709.644,0.07520,-0.99609,-0.24536,1.02862,0.00699,0.00044,0
2711.386,0.08032,-0.99731,-0.24756,1.03071,0.00209,0.00044,0
2712.924,0.07788,-0.99512,-0.24609,1.02805,0.00267,0.00040,0
2714.391,0.07715,-0.99097,-0.24341,1.02334,0.00471,0.00034,0
2715.856,0.08325,-0.99048,-0.24170,1.02294,0.00040,0.00034,0
2717.343,0.08472,-0.99829,-0.24243,1.03079,0.00786,0.00036,0
2718.803,0.08203,-1.00146,-0.24658,1.03463,0.00384,0.00029,0
2720.258,0.07593,-0.99634,-0.23535,1.02657,0.00806,0.00035,0
2721.714,0.07593,-0.99707,-0.23340,1.02683,0.00027,0.00033,0
2723.171,0.07739,-0.98975,-0.23730,1.02074,0.00610,0.00037,0
2724.666,0.07495,-0.98999,-0.23926,1.02125,0.00051,0.00037,0
2726.210,0.08301,-0.99780,-0.24048,1.02972,0.00848,0.00044,0
2727.669,0.08447,-0.99341,-0.24463,1.02657,0.00316,0.00044,0
2729.124,0.08301,-0.99805,-0.24219,1.03036,0.00379,0.00045,0
2730.580,0.08228,-0.99463,-0.24414,1.02745,0.00291,0.00046,0
2732.039,0.07788,-0.99487,-0.24268,1.02700,0.00045,0.00046,0
2733.495,0.07715,-0.99048,-0.24121,1.02234,0.00466,0.00048,0
2734.952,0.07959,-0.99536,-0.24243,1.02755,0.00521,0.00050,0
2736.383,0.07568,-0.99609,-0.24170,1.02779,0.00024,0.00048,0
2737.839,0.07642,-0.99365,-0.24365,1.02594,0.00185,0.00046,0
2739.297,0.07471,-0.99829,-0.23584,1.02849,0.00255,0.00047,0
2740.753,0.07593,-0.99365,-0.24023,1.02510,0.00339,0.00048,0
2742.820,0.08130,-0.99512,-0.24097,1.02710,0.00200,0.00048,0
2744.841,0.08179,-0.99097,-0.23486,1.02170,0.00540,0.00047,0
2746.811,0.08350,-0.99658,-0.23779,1.02796,0.00626,0.00051,0
2748.702,0.07520,-0.99414,-0.24268,1.02609,0.00187,0.00046,0
2750.179,0.07666,-0.99438,-0.24756,1.02760,0.00151,0.00046,0
2751.641,0.08228,-1.00000,-0.25244,1.03465,0.00705,0.00050,0
2753.101,0.08154,-0.99854,-0.24341,1.03100,0.00364,0.00050,0
2754.562,0.08130,-0.99561,-0.24829,1.02931,0.00169,0.00050,0
2756.024,0.08130,-0.99561,-0.24121,1.02763,0.00168,0.00044,0
2757.486,0.07275,-0.99390,-0.24463,1.02614,0.00149,0.00043,0
2758.947,0.08276,-0.99243,-0.24878,1.02648,0.00034,0.00036,0
2760.407,0.07935,-0.99146,-0.25146,1.02592,0.00056,0.00036,0
2761.868,0.08130,-0.99487,-0.24878,1.02872,0.00280,0.00033,0
2763.328,0.07910,-0.99512,-0.24072,1.02687,0.00185,0.00034,0
2764.787,0.08374,-0.99683,-0.23560,1.02771,0.00084,0.00026,0
2766.247,0.08496,-0.99609,-0.24707,1.02979,0.00208,0.00026,0
2767.706,0.08398,-1.00195,-0.23779,1.03320,0.00341,0.00026,0
2769.165,0.08203,-0.99805,-0.24829,1.03173,0.00147,0.00025,0
2770.626,0.07935,-0.99365,-0.23950,1.02518,0.00655,0.00029,0
2772.085,0.08545,-1.00122,-0.24292,1.03381,0.00862,0.00035,0
2773.603,0.08130,-1.00317,-0.24414,1.03565,0.00184,0.00032,0
2775.428,0.07788,-0.99365,-0.24756,1.02698,0.00867,0.00040,0
2777.154,0.07446,-0.99341,-0.23682,1.02396,0.00303,0.00040,0
2778.877,0.07788,-0.99634,-0.23560,1.02677,0.00282,0.00040,0
2780.530,0.07593,-0.99512,-0.24634,1.02796,0.00119,0.00039,0
2782.006,0.07910,-0.99243,-0.23877,1.02381,0.00415,0.00041,0
2783.466,0.08130,-0.99683,-0.23730,1.02790,0.00409,0.00039,0
2784.926,0.08374,-0.99878,-0.23657,1.02982,0.00192,0.00036,0
2786.386,0.08374,-0.99292,-0.24268,1.02557,0.00425,0.00037,0
2787.847,0.08691,-0.99707,-0.23755,1.02866,0.00309,0.00038,0
2789.317,0.07642,-0.99438,-0.24194,1.02624,0.00241,0.00034,0
2790.777,0.07959,-0.99292,-0.23535,1.02353,0.00271,0.00033,0
2792.236,0.07690,-0.99585,-0.23999,1.02724,0.00371,0.00034,0
2793.695,0.07446,-0.99976,-0.24341,1.03165,0.00441,0.00036,0
2795.155,0.07324,-0.99829,-0.23486,1.02816,0.00349,0.00037,0
2796.615,0.08008,-1.00000,-0.24023,1.03156,0.00341,0.00038,0
2798.073,0.08472,-0.99365,-0.24463,1.02682,0.00474,0.00040,0
2799.568,0.08228,-0.99585,-0.24438,1.02869,0.00187,0.00040,0
2801.031,0.07349,-0.99341,-0.23779,1.02411,0.00458,0.00042,0
2802.491,0.07520,-0.99194,-0.23584,1.02236,0.00175,0.00042,0
2803.951,0.07764,-0.99829,-0.23315,1.02809,0.00573,0.00045,0
2805.463,0.07275,-0.99316,-0.24341,1.02514,0.00295,0.00044,0
2807.280,0.08228,-0.99609,-0.23706,1.02721,0.00207,0.00045,0
2809.046,0.08423,-0.99707,-0.23315,1.02743,0.00021,0.00040,0
2810.727,0.07715,-0.99390,-0.24341,1.02617,0.00125,0.00033,0
2812.498,0.07812,-0.99609,-0.23779,1.02706,0.00089,0.00033,0
2813.972,0.08057,-0.99634,-0.24585,1.02938,0.00232,0.00026,0
2815.438,0.07690,-0.99463,-0.23877,1.02577,0.00361,0.00026,0
2816.896,0.08203,-0.99780,-0.23901,1.02930,0.00353,0.00027,0
2818.356,0.08105,-0.99609,-0.23730,1.02717,0.00213,0.00027,0
2819.818,0.07617,-0.99585,-0.23901,1.02696,0.00021,0.00025,0
2821.277,0.07910,-0.99634,-0.23730,1.02726,0.00030,0.00024,0
2822.738,0.08350,-1.00049,-0.23560,1.03124,0.00398,0.00025,0
2824.195,0.07861,-0.99780,-0.23901,1.02904,0.00220,0.00023,0
2825.655,0.08228,-0.99292,-0.23779,1.02431,0.00473,0.00025,0
2827.115,0.08472,-1.00024,-0.23413,1.03077,0.00646,0.00028,0
2828.573,0.07861,-0.99707,-0.24243,1.02913,0.00164,0.00028,0
2830.032,0.08154,-0.99390,-0.23535,1.02463,0.00450,0.00028,0
2831.491,0.08276,-0.99316,-0.23730,1.02447,0.00016,0.00027,0
2832.951,0.08154,-0.99634,-0.23438,1.02678,0.00231,0.00026,0
2834.410,0.07910,-0.99805,-0.23657,1.02875,0.00197,0.00025,0
2835.869,0.07910,-0.99756,-0.24219,1.02958,0.00083,0.00023,0
2837.330,0.08081,-0.99634,-0.24878,1.03010,0.00052,0.00023,0
2838.793,0.08472,-0.99365,-0.24170,1.02613,0.00397,0.00022,0
2840.252,0.08447,-0.99536,-0.23926,1.02719,0.00106,0.00022,0
2841.765,0.08350,-1.00024,-0.24048,1.03213,0.00494,0.00021,0
2843.585,0.07861,-0.99951,-0.24268,1.03155,0.00058,0.00020,0
2845.273,0.08130,-0.99658,-0.24805,1.03020,0.00135,0.00020,0
2846.952,0.08032,-0.98999,-0.24805,1.02375,0.00645,0.00024,0
2848.650,0.08130,-0.99414,-0.23853,1.02558,0.00183,0.00024,0
2850.196,0.08276,-0.99829,-0.23242,1.02833,0.00274,0.00025,0
2851.661,0.08154,-1.00122,-0.23560,1.03179,0.00347,0.00026,0
2853.119,0.08081,-0.99609,-0.23364,1.02631,0.00548,0.00027,0
2854.579,0.07837,-0.99951,-0.24365,1.03176,0.00545,0.00029,0
2856.040,0.08228,-0.99951,-0.24390,1.03212,0.00036,0.00029,0
2857.499,0.07715,-0.98779,-0.23975,1.01939,0.01273,0.00045,0
2858.959,0.08008,-0.98901,-0.23999,1.02086,0.00147,0.00045,0
2860.419,0.08057,-0.99707,-0.24072,1.02888,0.00802,0.00050,0
2861.878,0.07861,-0.99268,-0.23535,1.02322,0.00566,0.00053,0
2863.338,0.07642,-0.99634,-0.24243,1.02825,0.00503,0.00053,0
2864.796,0.08350,-0.99072,-0.23975,1.02273,0.00552,0.00052,0
2866.255,0.08447,-0.99292,-0.23828,1.02460,0.00187,0.00052,0
2867.714,0.07959,-0.99634,-0.24048,1.02803,0.00343,0.00051,0
2869.173,0.08276,-0.99609,-0.24927,1.03014,0.00211,0.00051,0
2870.633,0.08301,-0.99878,-0.24268,1.03118,0.00105,0.00051,0
2872.096,0.08618,-0.99902,-0.23779,1.03054,0.00064,0.00051,0
2873.616,0.07812,-0.99854,-0.24170,1.03034,0.00021,0.00051,0
2875.463,0.08398,-0.99927,-0.24146,1.03145,0.00111,0.00051,0
2877.127,0.08228,-0.99292,-0.23657,1.02402,0.00743,0.00055,0
2878.827,0.07812,-0.99854,-0.23535,1.02887,0.00484,0.00057,0
2880.535,0.07861,-0.99512,-0.23901,1.02643,0.00243,0.00055,0
2882.010,0.07690,-0.99756,-0.23071,1.02677,0.00034,0.00055,0
2883.469,0.07959,-1.00000,-0.24707,1.03314,0.00637,0.00059,0
2884.927,0.07837,-0.99585,-0.24194,1.02781,0.00533,0.00058,0
2886.385,0.07568,-0.99683,-0.24341,1.02890,0.00109,0.00057,0
2887.844,0.07959,-0.99512,-0.24683,1.02836,0.00055,0.00057,0
2889.303,0.08008,-0.99512,-0.24268,1.02741,0.00095,0.00055,0
2890.763,0.07739,-0.99561,-0.25757,1.03129,0.00389,0.00054,0
2892.223,0.08154,-0.99951,-0.24438,1.03218,0.00089,0.00051,0
2893.683,0.07373,-0.99756,-0.24390,1.02958,0.00260,0.00052,0
2895.152,0.07837,-0.99585,-0.24390,1.02827,0.00131,0.00036,0
2896.611,0.08203,-0.99707,-0.24316,1.02957,0.00129,0.00036,0
2898.071,0.08081,-0.99731,-0.23901,1.02873,0.00083,0.00029,0
2899.533,0.07837,-0.99927,-0.23389,1.02926,0.00053,0.00026,0
2900.996,0.08130,-0.99731,-0.24316,1.02974,0.00048,0.00024,0
2902.455,0.08472,-1.00073,-0.24731,1.03431,0.00457,0.00023,0
2903.914,0.08325,-0.99438,-0.23999,1.02632,0.00800,0.00029,0
2905.403,0.08325,-0.99707,-0.25073,1.03148,0.00516,0.00030,0
2907.150,0.08203,-0.99780,-0.24365,1.03039,0.00109,0.00030,0
2908.915,0.08252,-0.99219,-0.24390,1.02505,0.00534,0.00033,0
2910.571,0.08154,-0.99487,-0.23926,1.02648,0.00143,0.00033,0
2912.289,0.08179,-1.00073,-0.24487,1.03350,0.00702,0.00038,0
2913.773,0.07837,-0.99976,-0.24121,1.03142,0.00207,0.00038,0
2915.232,0.07739,-0.99072,-0.23657,1.02151,0.00991,0.00042,0
2916.691,0.07983,-0.99365,-0.23657,1.02454,0.00303,0.00041,0
2918.150,0.07812,-0.98999,-0.24438,1.02270,0.00184,0.00041,0
2919.611,0.07446,-0.99365,-0.24023,1.02499,0.00229,0.00041,0
2921.071,0.07959,-0.99951,-0.24390,1.03191,0.00692,0.00042,0
2922.529,0.07788,-0.99829,-0.23535,1.02861,0.00330,0.00040,0
2923.988,0.07495,-0.99072,-0.24121,1.02241,0.00620,0.00044,0
2925.447,0.07812,-0.99805,-0.24048,1.02958,0.00716,0.00049,0
2926.906,0.07837,-0.99878,-0.23804,1.02974,0.00016,0.00049,0
2928.366,0.08301,-0.99658,-0.24194,1.02888,0.00086,0.00047,0
2929.824,0.07935,-0.99341,-0.24927,1.02727,0.00161,0.00048,0
2931.282,0.07764,-0.99194,-0.24756,1.02531,0.00196,0.00047,0
2932.741,0.08105,-0.99194,-0.24219,1.02429,0.00102,0.00047,0
2934.199,0.07422,-0.99658,-0.24072,1.02793,0.00363,0.00048,0
2935.660,0.07642,-0.99292,-0.23706,1.02368,0.00424,0.00050,0
2937.118,0.08032,-0.99121,-0.23657,1.02221,0.00147,0.00050,0
2938.575,0.08154,-0.99536,-0.23853,1.02679,0.00457,0.00052,0
2940.037,0.08032,-0.99585,-0.23706,1.02682,0.00004,0.00050,0
2941.549,0.08032,-0.99829,-0.23120,1.02786,0.00103,0.00044,0
2943.237,0.07861,-0.99512,-0.23218,1.02486,0.00299,0.00042,0
2944.993,0.08032,-0.99414,-0.24072,1.02602,0.00116,0.00042,0
2946.627,0.08691,-0.99585,-0.24390,1.02896,0.00294,0.00040,0
2948.364,0.07983,-1.00293,-0.23584,1.03337,0.00442,0.00042,0
2949.835,0.07886,-0.99097,-0.24023,1.02272,0.01066,0.00048,0
2951.366,0.07617,-1.00244,-0.24170,1.03398,0.01126,0.00061,0
2952.825,0.08203,-0.99902,-0.24268,1.03134,0.00263,0.00052,0
2954.283,0.08032,-0.99683,-0.23901,1.02822,0.00312,0.00052,0
2955.744,0.07910,-1.00122,-0.23755,1.03205,0.00383,0.00053,0
2957.204,0.07861,-0.99561,-0.24292,1.02782,0.00423,0.00054,0
2958.665,0.08179,-1.00073,-0.23364,1.03089,0.00307,0.00050,0
2960.124,0.07812,-0.98828,-0.24194,1.02046,0.01043,0.00060,0
2961.583,0.07495,-0.99878,-0.23682,1.02920,0.00874,0.00064,0
2963.043,0.08716,-0.99585,-0.23755,1.02749,0.00171,0.00059,0
2964.511,0.07690,-0.99902,-0.24243,1.03089,0.00340,0.00060,0
2965.970,0.07983,-1.00195,-0.24243,1.03395,0.00306,0.00061,0
2967.428,0.08252,-1.00049,-0.23682,1.03144,0.00251,0.00061,0
2968.886,0.07983,-1.00757,-0.24512,1.04002,0.00858,0.00068,0
2970.345,0.07935,-0.99512,-0.23926,1.02655,0.01348,0.00086,0
2971.811,0.07959,-0.99146,-0.23779,1.02267,0.00387,0.00087,0
2973.289,0.07837,-0.99487,-0.23560,1.02539,0.00271,0.00085,0
2974.959,0.08301,-0.99438,-0.23535,1.02522,0.00016,0.00085,0
2976.771,0.07739,-0.99170,-0.23877,1.02297,0.00225,0.00084,0
2978.424,0.07593,-0.99390,-0.23999,1.02528,0.00231,0.00084,0
2980.114,0.07666,-0.99487,-0.23779,1.02577,0.00049,0.00084,0
2981.596,0.07715,-0.99341,-0.23901,1.02467,0.00110,0.00083,0
2983.057,0.08008,-0.99243,-0.24463,1.02527,0.00060,0.00083,0
2984.515,0.07666,-0.99414,-0.23584,1.02460,0.00067,0.00082,0
2985.974,0.08252,-0.99414,-0.24512,1.02723,0.00263,0.00081,0
2987.433,0.08301,-0.98877,-0.24072,1.02103,0.00620,0.00074,0
2988.891,0.08130,-0.98975,-0.24268,1.02230,0.00127,0.00061,0
2990.352,0.08203,-0.99707,-0.24146,1.02916,0.00686,0.00065,0
2991.813,0.07764,-0.99463,-0.24219,1.02663,0.00253,0.00065,0
2993.272,0.08179,-0.99243,-0.23975,1.02425,0.00238,0.00064,0
2994.733,0.08374,-0.99194,-0.24927,1.02621,0.00196,0.00063,0
2996.192,0.07910,-0.99219,-0.24048,1.02397,0.00223,0.00062,0
2997.650,0.07861,-1.00049,-0.23804,1.03142,0.00744,0.00057,0
2999.108,0.07910,-0.99683,-0.24487,1.02951,0.00191,0.00049,0
3000.569,0.08032,-1.00146,-0.24780,1.03479,0.00528,0.00052,0
3002.033,0.08154,-0.99390,-0.23755,1.02514,0.00965,0.00060,0
3003.493,0.08081,-1.00122,-0.24097,1.03298,0.00784,0.00065,0
3004.960,0.07935,-0.99438,-0.24219,1.02652,0.00645,0.00069,0
3006.625,0.07788,-0.99512,-0.23828,1.02621,0.00032,0.00061,0
3008.474,0.08008,-0.99780,-0.24512,1.03058,0.00438,0.00045,0
3010.157,0.07886,-0.99023,-0.24609,1.02340,0.00719,0.00049,0
3011.855,0.08154,-0.99536,-0.24438,1.02816,0.00476,0.00050,0
3013.350,0.08154,-1.00171,-0.24316,1.03402,0.00586,0.00054,0
3014.807,0.07617,-0.99878,-0.24146,1.03037,0.00365,0.00055,0
3016.266,0.07104,-0.99536,-0.23389,1.02494,0.00543,0.00057,0
3017.724,0.07886,-0.99292,-0.23877,1.02427,0.00067,0.00057,0
3019.184,0.07935,-0.99878,-0.23901,1.03004,0.00578,0.00060,0
3020.641,0.07837,-0.99829,-0.25098,1.03234,0.00229,0.00061,0
3022.099,0.07886,-0.99438,-0.24536,1.02724,0.00510,0.00063,0
3023.558,0.07886,-0.99414,-0.23999,1.02573,0.00151,0.00063,0
3025.018,0.08032,-0.99170,-0.24170,1.02388,0.00185,0.00059,0
3026.478,0.08691,-0.99780,-0.25122,1.03261,0.00872,0.00067,0
3027.940,0.07959,-0.99756,-0.23877,1.02882,0.00379,0.00064,0
3029.399,0.08179,-0.99829,-0.23633,1.02914,0.00032,0.00063,0
3030.857,0.08154,-0.99585,-0.23877,1.02732,0.00182,0.00063,0
3032.316,0.08276,-0.99438,-0.23853,1.02594,0.00138,0.00063,0
3033.774,0.08374,-0.99438,-0.24512,1.02757,0.00163,0.00062,0
3035.233,0.08130,-0.99072,-0.24512,1.02383,0.00374,0.00058,0
3036.693,0.08545,-0.99365,-0.23682,1.02505,0.00122,0.00058,0
3038.151,0.07642,-0.99561,-0.23755,1.02640,0.00135,0.00055,0
3039.611,0.07397,-0.99731,-0.23657,1.02766,0.00125,0.00046,0
3041.077,0.07739,-1.00146,-0.24902,1.03486,0.00720,0.00045,0
3042.716,0.07642,-0.99756,-0.25073,1.03142,0.00344,0.00042,0
3044.532,0.08398,-0.98877,-0.24463,1.02204,0.00938,0.00051,0
3046.213,0.08130,-0.99146,-0.24487,1.02448,0.00244,0.00050,0
3047.931,0.08301,-0.99927,-0.24438,1.03206,0.00758,0.00050,0
3049.419,0.07959,-0.99512,-0.24243,1.02731,0.00475,0.00050,0
3050.880,0.08228,-0.99976,-0.23511,1.03032,0.00301,0.00048,0
3052.406,0.07715,-0.99683,-0.24316,1.02895,0.00137,0.00047,0
3053.865,0.08228,-0.99487,-0.24512,1.02792,0.00103,0.00044,0
3055.324,0.08179,-0.98877,-0.24512,1.02198,0.00595,0.00047,0
3056.781,0.08057,-0.99390,-0.24243,1.02620,0.00423,0.00046,0
3058.241,0.07959,-1.00024,-0.23999,1.03171,0.00550,0.00048,0
3059.702,0.08325,-0.99536,-0.24023,1.02732,0.00439,0.00048,0
3061.160,0.08105,-0.99512,-0.24121,1.02714,0.00018,0.00047,0
3062.621,0.08032,-0.99683,-0.23438,1.02715,0.00002,0.00047,0
3064.080,0.08105,-0.99170,-0.24170,1.02394,0.00321,0.00040,0
3065.538,0.07739,-0.99561,-0.24268,1.02767,0.00373,0.00040,0
3066.998,0.07617,-0.99390,-0.24316,1.02604,0.00163,0.00041,0
3068.467,0.07861,-0.99414,-0.24268,1.02635,0.00031,0.00040,0
3069.942,0.08032,-0.99536,-0.23413,1.02568,0.00067,0.00040,0
3071.402,0.07568,-0.99219,-0.23242,1.02185,0.00382,0.00041,0
3072.860,0.07983,-0.99463,-0.24146,1.02663,0.00477,0.00042,0
3074.514,0.08130,-0.98999,-0.24512,1.02312,0.00351,0.00043,0
3076.329,0.07935,-1.00122,-0.24219,1.03315,0.01003,0.00053,0
3078.017,0.07812,-0.99463,-0.24268,1.02678,0.00637,0.00057,0
3079.724,0.07544,-0.99292,-0.23511,1.02316,0.00362,0.00053,0
3081.276,0.07617,-0.99292,-0.23877,1.02406,0.00090,0.00052,0
3082.741,0.07812,-0.99878,-0.23608,1.02927,0.00521,0.00046,0
3084.201,0.07935,-1.00439,-0.23560,1.03470,0.00543,0.00048,0
3085.659,0.07812,-0.99927,-0.24536,1.03191,0.00279,0.00043,0
3087.118,0.07910,-0.99927,-0.23975,1.03067,0.00125,0.00041,0
3088.575,0.08228,-0.99976,-0.25806,1.03580,0.00513,0.00043,0
3090.035,0.08032,-0.99658,-0.24585,1.02960,0.00620,0.00047,0
3091.495,0.08374,-0.98975,-0.24097,1.02209,0.00750,0.00052,0
3092.954,0.08447,-0.99707,-0.23730,1.02840,0.00630,0.00053,0
3094.413,0.08301,-0.99585,-0.23999,1.02772,0.00068,0.00051,0
3095.873,0.07739,-0.99756,-0.24316,1.02968,0.00196,0.00048,0
3097.332,0.07837,-0.99707,-0.24194,1.02899,0.00069,0.00046,0
3098.791,0.07910,-0.99878,-0.23926,1.03008,0.00108,0.00046,0
3100.252,0.07788,-0.99683,-0.24316,1.02901,0.00107,0.00047,0
3101.710,0.08032,-0.99585,-0.24048,1.02762,0.00139,0.00046,0
3103.167,0.08276,-0.99829,-0.24194,1.03052,0.00290,0.00045,0
3104.628,0.08057,-0.99854,-0.23657,1.02933,0.00119,0.00045,0
3106.254,0.07861,-0.99609,-0.24121,1.02789,0.00144,0.00045,0
3107.986,0.08447,-0.99878,-0.24634,1.03217,0.00428,0.00047,0
3109.761,0.07935,-1.00146,-0.23413,1.03153,0.00065,0.00046,0
3111.548,0.07983,-0.99316,-0.23657,1.02407,0.00746,0.00049,0
3113.122,0.07495,-0.99438,-0.24048,1.02579,0.00172,0.00048,0
3114.600,0.07935,-0.99341,-0.24170,1.02546,0.00033,0.00038,0
3116.063,0.08008,-0.99683,-0.24219,1.02895,0.00348,0.00035,0
3118.744,0.07617,-0.99609,-0.25000,1.02981,0.00086,0.00034,0
3120.246,0.07837,-0.99487,-0.24805,1.02832,0.00149,0.00034,0
3121.724,0.08228,-0.99536,-0.24023,1.02724,0.00108,0.00031,0
3123.210,0.08130,-0.99487,-0.24390,1.02755,0.00031,0.00028,0
3124.733,0.08105,-0.99829,-0.23950,1.02981,0.00226,0.00028,0
3126.212,0.08521,-0.99658,-0.23755,1.02804,0.00177,0.00028,0
3127.680,0.07837,-0.99902,-0.23877,1.03015,0.00211,0.00026,0
3129.166,0.08325,-0.99951,-0.24316,1.03203,0.00188,0.00023,0
3130.631,0.08057,-0.99268,-0.24316,1.02520,0.00683,0.00022,0
3132.088,0.08423,-1.00024,-0.24365,1.03293,0.00774,0.00024,0
3133.545,0.07593,-0.99292,-0.23682,1.02359,0.00934,0.00032,0
3135.000,0.07788,-0.99854,-0.23560,1.02890,0.00531,0.00035,0
3136.474,0.07397,-0.99683,-0.24707,1.02965,0.00075,0.00035,0
3137.950,0.07446,-0.99512,-0.24707,1.02803,0.00162,0.00035,0
3139.435,0.08081,-0.98877,-0.24121,1.02097,0.00706,0.00040,0
3140.914,0.07910,-0.99414,-0.23608,1.02485,0.00388,0.00041,0
3142.378,0.07910,-0.99219,-0.22778,1.02107,0.00378,0.00042,0
3143.843,0.07935,-0.99512,-0.23682,1.02598,0.00491,0.00044,0
3145.308,0.07886,-1.00000,-0.23682,1.03068,0.00470,0.00046,0
3146.769,0.07764,-0.99878,-0.23999,1.03014,0.00054,0.00044,0
3148.233,0.07788,-0.99390,-0.23975,1.02537,0.00477,0.00046,0
3149.699,0.07837,-1.00000,-0.23999,1.03138,0.00601,0.00045,0
3151.166,0.07935,-1.00317,-0.23950,1.03442,0.00304,0.00045,0
3152.627,0.07568,-0.99170,-0.24390,1.02405,0.01036,0.00056,0
3154.172,0.07666,-0.98975,-0.24194,1.02177,0.00228,0.00055,0
3155.650,0.07495,-0.99805,-0.24341,1.03003,0.00826,0.00062,0
3157.121,0.07739,-1.00024,-0.23975,1.03148,0.00145,0.00062,0
3158.581,0.08105,-0.99585,-0.23486,1.02638,0.00511,0.00064,0
3160.046,0.07837,-0.99585,-0.23877,1.02707,0.00069,0.00064,0
3161.515,0.08496,-0.99731,-0.24463,1.03039,0.00332,0.00065,0
3162.975,0.07886,-0.99878,-0.24219,1.03074,0.00036,0.00065,0
3164.432,0.08008,-0.99561,-0.24316,1.02799,0.00275,0.00065,0
3165.890,0.08179,-0.99536,-0.24072,1.02732,0.00068,0.00065,0
3167.348,0.08374,-0.99951,-0.23853,1.03099,0.00367,0.00061,0
3168.805,0.08276,-0.99487,-0.24146,1.02709,0.00389,0.00057,0
3170.263,0.08105,-1.00317,-0.24365,1.03552,0.00842,0.00055,0
3171.721,0.08325,-1.00244,-0.24365,1.03498,0.00054,0.00053,0
3173.178,0.07959,-0.99805,-0.24658,1.03113,0.00385,0.00054,0
3174.637,0.08081,-1.00024,-0.23535,1.03073,0.00040,0.00054,0
3176.131,0.07715,-0.99609,-0.24194,1.02795,0.00278,0.00050,0
3177.592,0.07812,-0.99780,-0.24048,1.02934,0.00139,0.00048,0
3179.053,0.08374,-0.99951,-0.23608,1.03042,0.00108,0.00047,0
3180.516,0.07642,-0.99341,-0.24414,1.02582,0.00460,0.00047,0
3181.975,0.07935,-0.99683,-0.24048,1.02849,0.00267,0.00045,0
3183.435,0.08032,-0.99292,-0.24268,1.02530,0.00319,0.00046,0
3184.893,0.08228,-0.99585,-0.23901,1.02743,0.00213,0.00044,0
3186.352,0.08228,-0.99536,-0.23804,1.02673,0.00070,0.00041,0
3187.824,0.07593,-0.99756,-0.24243,1.02940,0.00267,0.00040,0
3189.294,0.08228,-1.00171,-0.24194,1.03379,0.00439,0.00032,0
3190.750,0.08350,-0.99780,-0.24243,1.03022,0.00357,0.00032,0
3192.211,0.08545,-0.99512,-0.24316,1.02795,0.00227,0.00026,0
3193.672,0.08228,-0.99707,-0.23828,1.02844,0.00049,0.00026,0
3195.128,0.08252,-0.99683,-0.23804,1.02817,0.00027,0.00023,0
3196.586,0.07715,-0.99463,-0.22900,1.02356,0.00461,0.00025,0
3198.046,0.08032,-0.99683,-0.23633,1.02760,0.00404,0.00026,0
3199.505,0.08130,-0.99268,-0.23535,1.02343,0.00417,0.00028,0
3200.963,0.07764,-0.99121,-0.23853,1.02246,0.00097,0.00027,0
3202.422,0.08228,-0.99976,-0.23633,1.03060,0.00814,0.00034,0
3203.881,0.07886,-1.00220,-0.24097,1.03377,0.00317,0.00033,0
3205.356,0.07520,-1.00000,-0.23730,1.03052,0.00325,0.00033,0
3206.813,0.08008,-0.99927,-0.23218,1.02901,0.00151,0.00026,0
3208.273,0.07715,-0.99927,-0.23926,1.03040,0.00140,0.00026,0
3209.732,0.07690,-0.99731,-0.23950,1.02855,0.00186,0.00025,0
3211.191,0.08276,-0.99023,-0.24463,1.02336,0.00519,0.00028,0
3212.650,0.08008,-0.99243,-0.23267,1.02248,0.00088,0.00027,0
3214.109,0.08374,-0.99170,-0.23291,1.02212,0.00036,0.00027,0
3215.570,0.07910,-0.99487,-0.23926,1.02629,0.00417,0.00028,0
3217.028,0.08105,-0.99487,-0.24048,1.02673,0.00044,0.00026,0
3218.487,0.07910,-0.99316,-0.24121,1.02509,0.00164,0.00026,0
3219.947,0.08032,-0.98999,-0.23682,1.02108,0.00401,0.00026,0
3221.405,0.08398,-0.99365,-0.23926,1.02550,0.00441,0.00028,0
3222.866,0.07837,-0.98926,-0.23877,1.02068,0.00482,0.00030,0
3224.323,0.08008,-0.99536,-0.24316,1.02776,0.00708,0.00034,0
3225.782,0.07935,-0.99829,-0.23755,1.02923,0.00147,0.00033,0
3227.242,0.08350,-0.99707,-0.24902,1.03108,0.00186,0.00032,0
3228.701,0.07910,-0.99854,-0.23999,1.03001,0.00107,0.00031,0
3230.160,0.07935,-0.99902,-0.24927,1.03270,0.00269,0.00032,0
3231.619,0.07886,-0.99731,-0.24731,1.03054,0.00216,0.00033,0
3233.078,0.07642,-0.99536,-0.23413,1.02538,0.00516,0.00033,0
3234.538,0.07715,-0.99463,-0.23535,1.02500,0.00038,0.00032,0
3235.995,0.08423,-0.99805,-0.23706,1.02927,0.00426,0.00032,0
3237.453,0.07935,-0.99756,-0.24414,1.03006,0.00079,0.00032,0
3238.912,0.08105,-0.99023,-0.23828,1.02172,0.00834,0.00032,0
3240.370,0.08374,-0.99512,-0.23364,1.02560,0.00388,0.00032,0
3241.830,0.08276,-0.99536,-0.24194,1.02768,0.00208,0.00032,0
3243.288,0.08130,-0.99536,-0.24561,1.02843,0.00075,0.00032,0
3244.746,0.07983,-0.99243,-0.24634,1.02566,0.00277,0.00032,0
3246.206,0.08423,-0.99438,-0.23779,1.02589,0.00023,0.00032,0
3247.665,0.08496,-0.99512,-0.24194,1.02762,0.00174,0.00029,0
3249.125,0.08057,-0.99512,-0.25073,1.02938,0.00175,0.00030,0
3250.585,0.08862,-0.99097,-0.24585,1.02485,0.00453,0.00032,0
3252.145,0.07837,-0.99878,-0.24829,1.03216,0.00731,0.00035,0
3253.605,0.08154,-0.99707,-0.23999,1.02878,0.00338,0.00036,0
3255.065,0.08228,-0.99780,-0.24536,1.03082,0.00203,0.00037,0
3256.523,0.07959,-0.99829,-0.24438,1.03085,0.00003,0.00035,0
3257.983,0.08154,-0.99854,-0.23779,1.02969,0.00115,0.00033,0
3259.442,0.08008,-0.99976,-0.23853,1.03093,0.00124,0.00031,0
3260.902,0.07666,-0.99609,-0.23730,1.02684,0.00409,0.00028,0
3262.360,0.07861,-0.99585,-0.24023,1.02743,0.00059,0.00027,0
3263.834,0.08032,-0.99731,-0.23267,1.02724,0.00019,0.00027,0
3265.294,0.08276,-0.99634,-0.23145,1.02621,0.00103,0.00027,0
3266.754,0.07935,-1.00024,-0.23730,1.03107,0.00486,0.00029,0
3268.210,0.08179,-0.99463,-0.23926,1.02627,0.00480,0.00031,0
3269.668,0.07935,-0.99805,-0.23706,1.02888,0.00261,0.00029,0
3271.126,0.07910,-0.99268,-0.24561,1.02566,0.00322,0.00030,0
3272.586,0.08862,-0.99438,-0.24097,1.02700,0.00133,0.00028,0
3274.055,0.08301,-0.99878,-0.23486,1.02937,0.00238,0.00029,0
3275.514,0.07861,-0.99731,-0.23804,1.02834,0.00104,0.00022,0
3276.972,0.07715,-0.99292,-0.24438,1.02546,0.00288,0.00021,0
3278.431,0.07690,-0.99731,-0.24048,1.02878,0.00332,0.00022,0
3279.891,0.07983,-0.99487,-0.24146,1.02686,0.00191,0.00022,0
3281.350,0.08130,-0.99609,-0.23877,1.02753,0.00067,0.00021,0
3282.810,0.07593,-0.99683,-0.23462,1.02688,0.00066,0.00021,0
3284.268,0.08057,-0.99634,-0.24365,1.02886,0.00198,0.00021,0
3285.727,0.07495,-0.99609,-0.23755,1.02677,0.00209,0.00022,0
3287.187,0.08032,-0.99438,-0.23877,1.02580,0.00097,0.00020,0
3288.645,0.07715,-0.99658,-0.23486,1.02679,0.00099,0.00014,0
3290.105,0.08179,-0.99341,-0.23877,1.02497,0.00182,0.00013,0
3291.564,0.08276,-0.98877,-0.23950,1.02072,0.00424,0.00015,0
3293.023,0.07812,-1.00220,-0.23145,1.03154,0.01081,0.00027,0
3294.485,0.07837,-0.99878,-0.23413,1.02884,0.00269,0.00027,0
3295.945,0.08423,-0.99585,-0.24609,1.02926,0.00041,0.00027,0
3297.404,0.07666,-0.99805,-0.24390,1.03027,0.00101,0.00025,0
3298.863,0.07788,-1.00000,-0.24316,1.03208,0.00181,0.00026,0
3300.323,0.08301,-0.99561,-0.24219,1.02800,0.00409,0.00027,0
3301.783,0.07837,-0.99731,-0.24585,1.03016,0.00216,0.00028,0
3303.241,0.07812,-0.99585,-0.24731,1.02907,0.00109,0.00026,0
3304.700,0.07935,-0.98999,-0.23926,1.02158,0.00749,0.00029,0
3306.159,0.07812,-0.99585,-0.24170,1.02773,0.00616,0.00032,0
3307.616,0.08105,-1.00293,-0.23755,1.03386,0.00613,0.00035,0
3309.076,0.08301,-0.99902,-0.23560,1.02978,0.00408,0.00036,0
3310.534,0.08081,-0.99292,-0.23853,1.02436,0.00542,0.00039,0
3312.015,0.07959,-0.99561,-0.24438,1.02825,0.00388,0.00040,0
3313.523,0.07471,-0.99976,-0.24121,1.03115,0.00291,0.00040,0
3315.003,0.07837,-0.99756,-0.23584,1.02805,0.00310,0.00040,0
3316.490,0.08154,-0.99878,-0.23267,1.02876,0.00071,0.00039,0
3317.977,0.07959,-0.99927,-0.24487,1.03191,0.00315,0.00040,0
3319.438,0.07666,-1.00024,-0.24048,1.03160,0.00031,0.00040,0
3320.900,0.07861,-0.99585,-0.23706,1.02669,0.00491,0.00042,0
3322.357,0.08203,-1.00049,-0.23901,1.03191,0.00522,0.00045,0
3323.818,0.07910,-0.99243,-0.24365,1.02496,0.00695,0.00049,0
3325.273,0.08008,-0.99292,-0.23804,1.02419,0.00077,0.00049,0
3326.732,0.07910,-0.99365,-0.24023,1.02534,0.00115,0.00049,0
3328.191,0.07935,-0.99292,-0.23828,1.02419,0.00115,0.00048,0
3329.648,0.08667,-1.00049,-0.23950,1.03240,0.00821,0.00043,0
3331.106,0.08472,-0.99731,-0.24072,1.02945,0.00295,0.00043,0
3332.563,0.07715,-0.99951,-0.24170,1.03121,0.00176,0.00043,0
3334.021,0.08179,-0.99683,-0.24512,1.02977,0.00144,0.00043,0
3335.479,0.08105,-1.00537,-0.23755,1.03623,0.00646,0.00047,0
3336.935,0.07812,-1.00146,-0.23804,1.03233,0.00390,0.00047,0
3338.393,0.08105,-0.99634,-0.24414,1.02901,0.00331,0.00047,0
3339.853,0.07983,-0.99609,-0.24048,1.02782,0.00119,0.00047,0
3341.322,0.08154,-0.99683,-0.23730,1.02792,0.00011,0.00042,0
3342.779,0.07935,-0.99536,-0.24438,1.02799,0.00007,0.00038,0
3344.236,0.08228,-0.99121,-0.24170,1.02357,0.00442,0.00036,0
3345.695,0.08105,-0.99780,-0.24536,1.03072,0.00715,0.00040,0
3347.152,0.07739,-0.99609,-0.24194,1.02797,0.00275,0.00038,0
3348.610,0.08228,-0.99927,-0.24438,1.03200,0.00403,0.00038,0
3350.144,0.07886,-0.99731,-0.24121,1.02910,0.00291,0.00038,0
3351.607,0.07935,-0.99414,-0.23560,1.02475,0.00434,0.00039,0
3353.066,0.08618,-0.99414,-0.23999,1.02632,0.00157,0.00039,0
3354.525,0.07471,-0.99609,-0.23389,1.02591,0.00041,0.00038,0
3355.985,0.07959,-0.99536,-0.24390,1.02789,0.00199,0.00038,0
3357.443,0.07593,-0.99707,-0.24658,1.02991,0.00202,0.00036,0
3358.901,0.08105,-0.99316,-0.25049,1.02747,0.00244,0.00034,0
3360.360,0.08081,-0.99658,-0.24658,1.02981,0.00234,0.00030,0
3361.819,0.08081,-0.99585,-0.24829,1.02951,0.00030,0.00030,0
3363.277,0.07886,-0.99878,-0.24634,1.03173,0.00222,0.00030,0
3364.735,0.07861,-0.99487,-0.23486,1.02524,0.00649,0.00034,0
3366.192,0.07910,-0.99805,-0.24341,1.03034,0.00510,0.00030,0
3367.649,0.07495,-0.99609,-0.24438,1.02837,0.00197,0.00030,0
3369.106,0.08276,-0.99341,-0.23535,1.02426,0.00411,0.00031,0
3370.563,0.07422,-0.99829,-0.23730,1.02879,0.00453,0.00033,0
3372.070,0.07690,-0.99609,-0.24121,1.02776,0.00102,0.00029,0
3373.531,0.08057,-0.99292,-0.24243,1.02526,0.00251,0.00028,0
3374.989,0.08569,-0.98877,-0.24512,1.02230,0.00296,0.00028,0
3376.466,0.07910,-0.99658,-0.23730,1.02750,0.00520,0.00030,0
3377.923,0.08228,-0.99219,-0.24268,1.02474,0.00275,0.00031,0
3379.380,0.08081,-1.00146,-0.24316,1.03373,0.00898,0.00039,0
3380.837,0.07544,-1.00171,-0.23950,1.03270,0.00102,0.00037,0
3382.294,0.07861,-0.99976,-0.23975,1.03110,0.00160,0.00032,0
3383.752,0.08179,-0.99341,-0.25146,1.02800,0.00310,0.00032,0
3385.208,0.08252,-0.99561,-0.23804,1.02699,0.00101,0.00031,0
3386.666,0.08179,-0.99536,-0.23535,1.02607,0.00091,0.00030,0
3388.124,0.07910,-0.99683,-0.23950,1.02824,0.00217,0.00029,0
3389.582,0.07690,-0.99927,-0.24902,1.03270,0.00446,0.00031,0
3391.041,0.07275,-0.99487,-0.24341,1.02680,0.00590,0.00034,0
3392.497,0.07715,-0.99829,-0.24390,1.03054,0.00375,0.00035,0
3393.955,0.07202,-0.99414,-0.23804,1.02478,0.00577,0.00038,0
3395.413,0.08203,-0.99585,-0.23779,1.02713,0.00235,0.00038,0
3396.870,0.08154,-0.99414,-0.23706,1.02526,0.00187,0.00038,0
3398.328,0.08081,-0.99756,-0.23511,1.02807,0.00281,0.00038,0
3399.787,0.08032,-0.99829,-0.23706,1.02919,0.00112,0.00038,0
3401.246,0.07617,-0.99634,-0.24341,1.02846,0.00073,0.00034,0
3402.705,0.07666,-0.99292,-0.23755,1.02381,0.00465,0.00033,0
3404.163,0.07739,-0.99292,-0.23462,1.02319,0.00062,0.00033,0
3405.621,0.07593,-0.99609,-0.24023,1.02746,0.00427,0.00033,0
3407.080,0.07959,-0.99927,-0.24609,1.03220,0.00473,0.00033,0
3408.537,0.07520,-0.99561,-0.24658,1.02844,0.00376,0.00035,0
3409.995,0.07812,-0.99487,-0.25415,1.02979,0.00135,0.00034,0
3411.452,0.08081,-0.99390,-0.24512,1.02686,0.00293,0.00034,0
3412.910,0.08325,-0.99585,-0.23462,1.02650,0.00037,0.00032,0
3414.368,0.08789,-0.99365,-0.24072,1.02617,0.00033,0.00031,0
3415.840,0.08667,-0.99292,-0.24194,1.02564,0.00053,0.00023,0
3417.298,0.08252,-0.99902,-0.24194,1.03121,0.00557,0.00026,0
3418.755,0.07739,-0.99463,-0.24072,1.02627,0.00494,0.00028,0
3420.213,0.07642,-0.99902,-0.23804,1.02983,0.00356,0.00028,0
3421.670,0.07837,-0.99805,-0.23218,1.02769,0.00214,0.00029,0
3423.129,0.07935,-0.99536,-0.23511,1.02582,0.00187,0.00029,0
3424.581,0.07666,-1.00220,-0.24268,1.03401,0.00818,0.00035,0
3426.035,0.08057,-0.99609,-0.24048,1.02787,0.00613,0.00037,0
3427.495,0.07666,-0.99707,-0.23926,1.02824,0.00036,0.00033,0
3428.954,0.08252,-1.00293,-0.23657,1.03375,0.00552,0.00035,0
3430.412,0.07690,-0.99536,-0.23438,1.02547,0.00828,0.00039,0
3431.870,0.07715,-1.00220,-0.24097,1.03364,0.00817,0.00045,0
3433.328,0.08057,-0.99609,-0.24414,1.02874,0.00491,0.00047,0
3434.787,0.08179,-0.99927,-0.24023,1.03099,0.00225,0.00047,0
3436.243,0.07861,-0.99731,-0.24268,1.02942,0.00157,0.00047,0
3437.701,0.07910,-1.00049,-0.24194,1.03236,0.00294,0.00047,0
3439.161,0.08228,-1.00122,-0.23901,1.03264,0.00028,0.00045,0
3440.617,0.08301,-0.99805,-0.23853,1.02951,0.00313,0.00046,0
3442.075,0.07471,-0.99756,-0.24243,1.02931,0.00020,0.00044,0
3443.548,0.08008,-0.99829,-0.23730,1.02923,0.00008,0.00042,0
3445.006,0.08105,-0.99707,-0.23950,1.02863,0.00060,0.00041,0
3446.465,0.07544,-1.00098,-0.23877,1.03182,0.00319,0.00042,0
3447.923,0.08008,-0.99316,-0.23950,1.02477,0.00705,0.00046,0
3449.436,0.07886,-0.99609,-0.24146,1.02797,0.00320,0.00047,0
3450.896,0.08350,-0.99512,-0.24609,1.02849,0.00052,0.00047,0
3452.355,0.07910,-0.99780,-0.23999,1.02930,0.00081,0.00047,0
3453.813,0.07764,-0.99585,-0.24268,1.02793,0.00137,0.00044,0
3455.271,0.07520,-0.99854,-0.23706,1.02904,0.00111,0.00042,0
3456.729,0.07764,-0.99878,-0.23901,1.02991,0.00087,0.00040,0
3458.187,0.08472,-0.99121,-0.23853,1.02302,0.00689,0.00045,0
3459.646,0.07935,-0.99243,-0.23486,1.02293,0.00009,0.00044,0
3461.104,0.08154,-0.99561,-0.23950,1.02725,0.00432,0.00040,0
3462.562,0.08325,-0.99731,-0.24023,1.02921,0.00196,0.00036,0
3464.021,0.07861,-0.99854,-0.23682,1.02924,0.00003,0.00036,0
3465.478,0.08130,-0.99829,-0.24048,1.03006,0.00082,0.00033,0
3466.936,0.08569,-0.99683,-0.24536,1.03015,0.00009,0.00026,0
3468.394,0.08325,-0.99731,-0.24219,1.02967,0.00048,0.00020,0
3469.851,0.07690,-0.99121,-0.24927,1.02496,0.00471,0.00019,0
3471.309,0.07568,-0.99463,-0.24878,1.02806,0.00310,0.00020,0
3472.768,0.08325,-0.99658,-0.23950,1.02833,0.00027,0.00020,0
3474.226,0.08057,-0.99902,-0.24097,1.03083,0.00249,0.00019,0
3475.686,0.08008,-0.99927,-0.23755,1.03023,0.00059,0.00019,0
3477.143,0.08350,-0.99829,-0.24219,1.03064,0.00040,0.00018,0
3478.601,0.07959,-0.99658,-0.24463,1.02925,0.00139,0.00019,0
3480.061,0.07495,-1.00269,-0.24707,1.03539,0.00614,0.00022,0
3481.518,0.07764,-1.00293,-0.24463,1.03525,0.00015,0.00022,0
3482.977,0.07910,-0.99927,-0.24854,1.03275,0.00250,0.00022,0
3484.434,0.08374,-0.99854,-0.24805,1.03228,0.00046,0.00017,0
3485.892,0.07861,-0.99365,-0.24365,1.02611,0.00618,0.00020,0
3487.349,0.07764,-0.99023,-0.24487,1.02301,0.00309,0.00021,0
3488.807,0.07959,-0.99585,-0.23730,1.02682,0.00381,0.00022,0
3490.265,0.08179,-0.99658,-0.23584,1.02737,0.00055,0.00022,0
3491.724,0.07788,-0.99341,-0.23755,1.02438,0.00299,0.00023,0
3493.181,0.08203,-0.99438,-0.23315,1.02464,0.00026,0.00023,0
3494.639,0.07910,-0.99805,-0.23877,1.02925,0.00461,0.00020,0
3496.108,0.07275,-0.99609,-0.23633,1.02633,0.00293,0.00021,0
3497.567,0.07935,-0.99780,-0.24634,1.03082,0.00449,0.00021,0
3499.024,0.08203,-1.00024,-0.23877,1.03161,0.00080,0.00021,0
3500.507,0.07837,-0.99609,-0.24878,1.02968,0.00194,0.00021,0
3501.965,0.08545,-1.00171,-0.24219,1.03411,0.00443,0.00023,0
3503.423,0.08130,-1.00024,-0.23438,1.03055,0.00356,0.00024,0
3504.881,0.07959,-0.99780,-0.23340,1.02782,0.00273,0.00025,0
3506.339,0.07935,-0.99561,-0.23413,1.02584,0.00198,0.00023,0
3507.797,0.08130,-0.99561,-0.23633,1.02649,0.00066,0.00022,0
3509.255,0.07666,-0.99292,-0.23584,1.02342,0.00308,0.00023,0
3510.714,0.08203,-0.99634,-0.24390,1.02903,0.00561,0.00026,0
3512.171,0.08154,-0.99731,-0.23511,1.02789,0.00114,0.00026,0
3513.629,0.07935,-1.00146,-0.23755,1.03231,0.00442,0.00028,0
3515.087,0.08008,-1.00342,-0.24146,1.03516,0.00286,0.00028,0
3516.545,0.08130,-1.00073,-0.23999,1.03231,0.00285,0.00025,0
3518.003,0.08154,-0.98975,-0.24268,1.02232,0.00999,0.00035,0
3519.460,0.08105,-0.99194,-0.24707,1.02546,0.00314,0.00036,0
3520.918,0.08008,-0.99902,-0.23413,1.02921,0.00375,0.00037,0
3522.375,0.07812,-0.99658,-0.24243,1.02862,0.00060,0.00033,0
3523.831,0.07861,-0.99854,-0.25244,1.03295,0.00433,0.00034,0
3525.284,0.07446,-0.99341,-0.25122,1.02738,0.00556,0.00036,0
3526.740,0.08594,-0.99463,-0.24194,1.02723,0.00015,0.00036,0
3528.198,0.08154,-0.99683,-0.24292,1.02923,0.00200,0.00035,0
3529.655,0.07471,-0.99072,-0.24829,1.02409,0.00514,0.00038,0
3531.112,0.07739,-0.99316,-0.24121,1.02496,0.00087,0.00036,0
3532.569,0.08276,-0.99829,-0.24512,1.03127,0.00631,0.00039,0
3534.035,0.08203,-1.00171,-0.24292,1.03400,0.00273,0.00038,0
3535.493,0.07764,-1.00122,-0.24609,1.03394,0.00006,0.00038,0
3536.949,0.07642,-0.99902,-0.23828,1.02989,0.00405,0.00039,0
3538.406,0.08008,-0.99121,-0.23267,1.02130,0.00859,0.00045,0
3539.868,0.08032,-0.99536,-0.23657,1.02624,0.00494,0.00046,0
3541.346,0.07568,-0.99854,-0.24146,1.03010,0.00386,0.00046,0
3542.804,0.08154,-0.99731,-0.23486,1.02784,0.00226,0.00047,0
3544.260,0.07983,-0.99707,-0.24023,1.02871,0.00087,0.00047,0
3545.717,0.07642,-0.99512,-0.24512,1.02771,0.00100,0.00046,0
3547.212,0.08179,-0.98901,-0.23877,1.02071,0.00700,0.00047,0
3548.668,0.08130,-0.99463,-0.23755,1.02583,0.00512,0.00050,0
3550.127,0.07715,-0.99683,-0.24902,1.03035,0.00452,0.00050,0
3551.585,0.07812,-1.00073,-0.24878,1.03415,0.00379,0.00051,0
3553.042,0.08276,-0.99609,-0.24316,1.02868,0.00547,0.00053,0
3554.500,0.07837,-0.99731,-0.23828,1.02838,0.00030,0.00043,0
3555.958,0.07764,-0.99829,-0.23169,1.02776,0.00061,0.00042,0
3557.416,0.07617,-0.99707,-0.22705,1.02543,0.00233,0.00041,0
3558.874,0.07886,-0.99170,-0.24243,1.02394,0.00149,0.00041,0
3560.329,0.07739,-0.99902,-0.24341,1.03116,0.00721,0.00045,0
3561.787,0.08008,-0.99097,-0.23950,1.02264,0.00852,0.00049,0
3563.244,0.07959,-0.98950,-0.24878,1.02340,0.00076,0.00049,0
3564.700,0.07300,-0.99365,-0.23682,1.02409,0.00069,0.00048,0
3566.157,0.07959,-0.99756,-0.24463,1.03019,0.00611,0.00050,0
3567.615,0.07593,-0.99561,-0.24048,1.02705,0.00315,0.00050,0
3569.072,0.08057,-0.99292,-0.23608,1.02378,0.00327,0.00048,0
3570.528,0.08228,-0.99341,-0.24146,1.02564,0.00186,0.00047,0
3571.986,0.08057,-0.99951,-0.24487,1.03222,0.00658,0.00051,0
3573.443,0.07837,-0.99585,-0.24023,1.02741,0.00481,0.00052,0
3574.900,0.07568,-0.99463,-0.23828,1.02557,0.00184,0.00045,0
3576.356,0.07666,-0.99243,-0.23657,1.02311,0.00245,0.00043,0
3577.813,0.08374,-0.99219,-0.23389,1.02282,0.00030,0.00042,0
3579.270,0.08057,-0.99170,-0.23608,1.02259,0.00022,0.00041,0
3580.726,0.08057,-0.99072,-0.23877,1.02227,0.00032,0.00041,0
3582.183,0.07739,-0.99390,-0.24072,1.02556,0.00329,0.00042,0
3583.640,0.07959,-0.99243,-0.23706,1.02345,0.00211,0.00038,0
3585.096,0.08423,-0.99487,-0.24390,1.02779,0.00434,0.00037,0
3586.553,0.08569,-0.99854,-0.24487,1.03169,0.00390,0.00036,0
3588.010,0.07959,-0.99609,-0.24561,1.02901,0.00268,0.00036,0
3589.467,0.07715,-0.99609,-0.23950,1.02738,0.00163,0.00033,0
3590.925,0.07471,-1.00195,-0.23608,1.03210,0.00472,0.00035,0
3592.381,0.07642,-0.99878,-0.23779,1.02954,0.00256,0.00036,0
3593.838,0.08008,-0.99658,-0.23608,1.02729,0.00225,0.00036,0
3595.295,0.08350,-0.99390,-0.24463,1.02696,0.00033,0.00036,0
3596.751,0.08350,-0.99707,-0.23584,1.02798,0.00102,0.00031,0
3598.208,0.08276,-1.00098,-0.24146,1.03301,0.00503,0.00026,0
3599.665,0.07861,-0.99780,-0.24390,1.03018,0.00283,0.00027,0
3601.122,0.07715,-0.99512,-0.24756,1.02835,0.00184,0.00027,0
3602.580,0.08447,-0.99780,-0.24438,1.03076,0.00242,0.00024,0
3604.037,0.07812,-0.99536,-0.23950,1.02675,0.00401,0.00024,0
3605.494,0.08032,-0.99658,-0.24707,1.02989,0.00314,0.00024,0
3606.951,0.07275,-0.99707,-0.24902,1.03027,0.00038,0.00024,0
3608.407,0.07910,-1.00146,-0.24780,1.03470,0.00443,0.00022,0
3609.864,0.08105,-0.99756,-0.24756,1.03101,0.00369,0.00021,0
3611.322,0.08252,-0.99268,-0.24146,1.02495,0.00606,0.00024,0
3612.779,0.08496,-0.99512,-0.24072,1.02734,0.00239,0.00024,0
3614.236,0.08423,-0.99243,-0.22583,1.02128,0.00606,0.00028,0
3615.694,0.08545,-0.99829,-0.23633,1.02944,0.00815,0.00034,0
3617.151,0.08740,-0.99805,-0.23682,1.02947,0.00004,0.00034,0
3618.607,0.08203,-1.00024,-0.24292,1.03258,0.00311,0.00034,0
3620.070,0.08081,-0.99829,-0.24341,1.03071,0.00187,0.00034,0
3621.526,0.08643,-0.99194,-0.23828,1.02382,0.00689,0.00037,0
3622.982,0.08105,-0.99731,-0.23486,1.02780,0.00398,0.00037,0
3624.439,0.08057,-0.99561,-0.23730,1.02666,0.00114,0.00036,0
3625.896,0.07910,-0.99756,-0.24316,1.02981,0.00315,0.00037,0
3627.353,0.08545,-0.99512,-0.23950,1.02709,0.00272,0.00036,0
3628.809,0.08203,-0.99951,-0.25195,1.03404,0.00694,0.00040,0
3630.266,0.08374,-0.99463,-0.24146,1.02694,0.00710,0.00044,0
3631.724,0.08374,-0.99707,-0.24585,1.03034,0.00340,0.00045,0
3633.181,0.08032,-0.99316,-0.24487,1.02606,0.00429,0.00047,0
3634.637,0.07935,-0.99316,-0.23804,1.02437,0.00169,0.00045,0
3636.110,0.07642,-0.99023,-0.24927,1.02398,0.00039,0.00044,0
3637.572,0.08252,-0.99683,-0.24097,1.02885,0.00487,0.00046,0
3639.037,0.07739,-0.99731,-0.24048,1.02881,0.00004,0.00046,0
3640.511,0.07959,-0.99561,-0.24634,1.02871,0.00010,0.00044,0
3641.968,0.07959,-0.99536,-0.24683,1.02859,0.00012,0.00043,0
3643.426,0.07959,-0.99756,-0.23462,1.02786,0.00073,0.00043,0
3644.914,0.08057,-0.99829,-0.23779,1.02938,0.00152,0.00041,0
3646.371,0.07959,-0.99609,-0.24194,1.02814,0.00124,0.00040,0
3647.849,0.08276,-0.99390,-0.24634,1.02731,0.00083,0.00036,0
3649.308,0.07666,-0.99121,-0.24316,1.02348,0.00383,0.00037,0
3650.767,0.07861,-0.99512,-0.24194,1.02712,0.00364,0.00035,0
3652.223,0.08228,-0.99634,-0.24292,1.02882,0.00170,0.00029,0
3653.681,0.07861,-0.99463,-0.24268,1.02682,0.00200,0.00029,0
3655.138,0.07544,-0.99658,-0.22974,1.02550,0.00132,0.00028,0
3656.596,0.07886,-0.99561,-0.23462,1.02591,0.00041,0.00028,0
3658.054,0.08691,-0.99634,-0.23853,1.02817,0.00226,0.00024,0
3659.511,0.08301,-0.99585,-0.24072,1.02789,0.00028,0.00022,0
3660.968,0.08203,-1.00073,-0.24146,1.03271,0.00482,0.00024,0
3662.425,0.07788,-0.99805,-0.24585,1.03083,0.00189,0.00024,0
3663.886,0.07642,-0.99927,-0.23975,1.03046,0.00036,0.00023,0
3665.341,0.08105,-0.99683,-0.24780,1.03036,0.00010,0.00018,0
3666.799,0.08154,-0.99976,-0.23682,1.03065,0.00029,0.00013,0
3668.255,0.07593,-0.99780,-0.24902,1.03121,0.00056,0.00012,0
3669.712,0.07861,-0.99292,-0.24512,1.02574,0.00546,0.00013,0
3671.169,0.07617,-0.99097,-0.23901,1.02223,0.00352,0.00014,0
3672.625,0.08301,-0.99902,-0.23999,1.03079,0.00857,0.00021,0
3674.083,0.07715,-1.00122,-0.24829,1.03443,0.00364,0.00020,0
3675.541,0.07910,-0.99976,-0.24683,1.03281,0.00162,0.00021,0
3676.998,0.08447,-0.99365,-0.24292,1.02640,0.00641,0.00025,0
3678.455,0.07812,-0.99585,-0.24268,1.02796,0.00157,0.00025,0
3679.914,0.07227,-0.99609,-0.24927,1.02935,0.00138,0.00025,0
3681.370,0.08105,-0.99756,-0.24097,1.02945,0.00010,0.00025,0
3682.829,0.08032,-1.00244,-0.24561,1.03521,0.00577,0.00028,0
3684.285,0.08203,-0.99683,-0.24072,1.02876,0.00646,0.00032,0
3685.742,0.07935,-0.99585,-0.24121,1.02771,0.00104,0.00031,0
3687.199,0.07886,-0.99292,-0.24463,1.02565,0.00207,0.00030,0
3688.655,0.07910,-0.99268,-0.23242,1.02259,0.00306,0.00031,0
3690.112,0.08228,-0.99463,-0.24390,1.02740,0.00481,0.00032,0
3691.570,0.08325,-1.00269,-0.24487,1.03551,0.00811,0.00039,0
3693.027,0.08276,-0.99561,-0.24414,1.02844,0.00707,0.00044,0
3694.484,0.08228,-0.99487,-0.24146,1.02706,0.00138,0.00043,0
3695.943,0.08301,-1.00024,-0.24292,1.03266,0.00561,0.00047,0
3697.416,0.07886,-0.99146,-0.24170,1.02353,0.00913,0.00053,0
3698.873,0.07959,-0.99463,-0.23975,1.02621,0.00267,0.00053,0
3700.328,0.08179,-0.99390,-0.24561,1.02705,0.00085,0.00053,0
3701.786,0.07764,-0.99829,-0.24121,1.02995,0.00289,0.00054,0
3703.243,0.08130,-0.99121,-0.24097,1.02332,0.00663,0.00058,0
3704.706,0.08130,-0.99658,-0.23901,1.02806,0.00475,0.00060,0
3706.171,0.08057,-0.99219,-0.24561,1.02530,0.00276,0.00058,0
3707.634,0.08594,-0.99512,-0.23975,1.02719,0.00189,0.00057,0
3709.091,0.07788,-0.99878,-0.23926,1.02999,0.00279,0.00051,0
3710.549,0.08203,-0.99585,-0.23926,1.02747,0.00252,0.00050,0
3712.008,0.08228,-0.99097,-0.24072,1.02310,0.00437,0.00052,0
3713.466,0.07837,-0.99829,-0.25146,1.03245,0.00935,0.00056,0
3714.924,0.08374,-1.00122,-0.23999,1.03298,0.00053,0.00056,0
3716.381,0.07715,-0.99414,-0.23853,1.02526,0.00772,0.00062,0
3717.838,0.07544,-0.99097,-0.24219,1.02292,0.00234,0.00063,0
3719.296,0.07788,-0.99609,-0.24976,1.02988,0.00696,0.00064,0
3720.753,0.08081,-0.99731,-0.23926,1.02879,0.00109,0.00060,0
3722.211,0.07715,-0.99463,-0.24512,1.02729,0.00150,0.00060,0
3723.668,0.07935,-0.99023,-0.24243,1.02256,0.00473,0.00062,0
3725.126,0.07935,-0.99731,-0.24170,1.02925,0.00669,0.00065,0
3726.583,0.08057,-1.00220,-0.24365,1.03453,0.00528,0.00066,0
3728.041,0.08105,-0.99561,-0.24268,1.02796,0.00658,0.00064,0
3729.499,0.07910,-0.99805,-0.23755,1.02897,0.00102,0.00059,0
3730.956,0.08105,-0.99487,-0.23682,1.02588,0.00310,0.00060,0
3732.413,0.07739,-0.99902,-0.24219,1.03087,0.00499,0.00059,0
3733.871,0.07593,-1.00244,-0.23828,1.03317,0.00230,0.00051,0
3735.328,0.07471,-0.99463,-0.24658,1.02746,0.00571,0.00054,0
3736.786,0.08105,-0.99585,-0.23877,1.02728,0.00018,0.00054,0
3738.243,0.07837,-0.99683,-0.24023,1.02836,0.00108,0.00053,0
3739.701,0.07642,-0.99927,-0.23975,1.03046,0.00211,0.00049,0
3741.159,0.07764,-0.99292,-0.24609,1.02590,0.00456,0.00049,0
3742.653,0.08203,-0.99683,-0.24194,1.02904,0.00314,0.00049,0
3744.107,0.08154,-1.00024,-0.24731,1.03359,0.00454,0.00051,0
3745.560,0.07935,-0.99683,-0.24219,1.02889,0.00470,0.00052,0
3747.016,0.08423,-0.99780,-0.24487,1.03086,0.00197,0.00052,0
3748.480,0.08252,-0.99707,-0.24561,1.03018,0.00067,0.00050,0
3749.938,0.08130,-0.99512,-0.24097,1.02710,0.00309,0.00042,0
3751.397,0.07715,-1.00098,-0.23950,1.03212,0.00502,0.00045,0
3752.855,0.07642,-0.99243,-0.24219,1.02441,0.00771,0.00045,0
3754.312,0.08057,-0.99512,-0.23682,1.02608,0.00167,0.00044,0
3755.772,0.07910,-0.99829,-0.23608,1.02887,0.00280,0.00040,0
3757.229,0.07373,-0.98975,-0.23853,1.02075,0.00812,0.00047,0
3758.688,0.08423,-0.99731,-0.23657,1.02844,0.00770,0.00052,0
3760.140,0.07837,-0.99878,-0.24487,1.03134,0.00290,0.00051,0
3761.593,0.08179,-0.99634,-0.23828,1.02769,0.00365,0.00048,0
3763.051,0.08423,-0.99976,-0.22656,1.02856,0.00087,0.00045,0
3764.516,0.07935,-0.99585,-0.23926,1.02726,0.00130,0.00041,0
3765.978,0.07983,-0.99707,-0.24243,1.02922,0.00196,0.00041,0
3767.439,0.08057,-0.99585,-0.23877,1.02724,0.00198,0.00041,0
3768.901,0.07886,-0.99463,-0.24414,1.02719,0.00005,0.00038,0
3770.361,0.08154,-0.99609,-0.24780,1.02969,0.00250,0.00038,0
3771.823,0.07812,-0.99438,-0.24194,1.02637,0.00332,0.00036,0
3773.284,0.07935,-0.99780,-0.24512,1.03053,0.00416,0.00038,0
3774.745,0.07764,-0.99756,-0.24316,1.02970,0.00083,0.00038,0
3776.208,0.07861,-0.99219,-0.23901,1.02359,0.00611,0.00041,0
3777.669,0.07837,-0.99316,-0.24341,1.02556,0.00196,0.00040,0
3779.131,0.07642,-0.99341,-0.23682,1.02410,0.00146,0.00039,0
3780.593,0.08472,-0.99829,-0.24170,1.03062,0.00652,0.00041,0
3782.064,0.08325,-0.99268,-0.24731,1.02640,0.00422,0.00040,0
3783.524,0.08154,-0.98901,-0.23755,1.02041,0.00600,0.00044,0
3784.984,0.08228,-1.00073,-0.23730,1.03177,0.01136,0.00057,0
3786.445,0.08496,-0.99561,-0.24292,1.02833,0.00344,0.00057,0
3787.906,0.08081,-0.99536,-0.24829,1.02904,0.00071,0.00054,0
3789.375,0.08008,-0.99805,-0.24585,1.03100,0.00196,0.00049,0
3790.837,0.08203,-0.99292,-0.24146,1.02514,0.00585,0.00052,0
3792.297,0.07886,-0.99658,-0.23901,1.02787,0.00273,0.00052,0
3793.758,0.07910,-0.99194,-0.23438,1.02232,0.00555,0.00048,0
3795.217,0.08350,-0.98486,-0.23535,1.01603,0.00629,0.00046,0
3796.678,0.08032,-1.00098,-0.23608,1.03157,0.01554,0.00070,0
3798.140,0.07886,-1.00122,-0.24536,1.03386,0.00229,0.00069,0
3799.602,0.08081,-0.99316,-0.24268,1.02557,0.00829,0.00076,0
3801.062,0.07690,-0.99683,-0.24463,1.02928,0.00371,0.00077,0
3802.523,0.07593,-0.99292,-0.23901,1.02410,0.00518,0.00079,0
3803.986,0.07715,-0.99463,-0.23926,1.02591,0.00180,0.00079,0
3805.445,0.08057,-0.99609,-0.25171,1.03056,0.00465,0.00081,0
3806.908,0.08252,-0.99829,-0.24902,1.03219,0.00163,0.00081,0
3808.368,0.08228,-0.99854,-0.23999,1.03026,0.00192,0.00080,0
3809.829,0.08618,-0.99756,-0.24756,1.03142,0.00116,0.00079,0
3811.289,0.08057,-0.99414,-0.23877,1.02558,0.00584,0.00082,0
3812.745,0.07422,-0.99536,-0.24146,1.02691,0.00133,0.00078,0
3814.202,0.07788,-0.99194,-0.23828,1.02313,0.00378,0.00079,0
3815.663,0.07471,-0.99536,-0.23608,1.02570,0.00257,0.00080,0
3817.124,0.07910,-0.99463,-0.24243,1.02680,0.00110,0.00076,0
3818.586,0.07617,-1.00269,-0.24927,1.03601,0.00921,0.00082,0
3820.048,0.07910,-0.99927,-0.24805,1.03263,0.00338,0.00080,0
3821.509,0.08374,-0.99585,-0.23584,1.02682,0.00581,0.00071,0
3822.969,0.07983,-0.99609,-0.24805,1.02961,0.00280,0.00070,0
3824.430,0.07617,-0.99536,-0.24829,1.02869,0.00093,0.00070,0
3825.896,0.07861,-0.99609,-0.23633,1.02676,0.00193,0.00070,0
3827.361,0.08032,-0.99854,-0.23755,1.02954,0.00278,0.00067,0
3828.822,0.08008,-0.99829,-0.24146,1.03019,0.00065,0.00067,0
3830.283,0.08350,-0.99683,-0.24536,1.02997,0.00022,0.00064,0
3831.744,0.07788,-0.99292,-0.24023,1.02453,0.00544,0.00063,0
3833.204,0.07471,-0.99512,-0.23999,1.02637,0.00184,0.00039,0
3834.666,0.07861,-0.99585,-0.23975,1.02731,0.00094,0.00038,0
3836.126,0.07959,-0.99805,-0.22974,1.02723,0.00008,0.00032,0
3837.587,0.08105,-0.99707,-0.23901,1.02852,0.00128,0.00030,0
3839.051,0.08276,-1.00195,-0.23364,1.03216,0.00364,0.00029,0
3840.550,0.07910,-1.00293,-0.24487,1.03542,0.00326,0.00030,0
3842.012,0.07837,-0.99683,-0.23828,1.02790,0.00751,0.00033,0
3843.474,0.08032,-0.99219,-0.24512,1.02517,0.00273,0.00034,0
3844.935,0.07837,-0.99536,-0.24561,1.02821,0.00304,0.00034,0
3846.395,0.07886,-1.00488,-0.23682,1.03542,0.00721,0.00039,0
3847.854,0.08057,-0.99561,-0.23730,1.02666,0.00876,0.00044,0
3849.316,0.07324,-1.00098,-0.23755,1.03138,0.00472,0.00046,0
3851.261,0.08130,-0.99658,-0.23999,1.02829,0.00309,0.00045,0
3852.820,0.07935,-1.00586,-0.23999,1.03713,0.00884,0.00052,0
3854.289,0.08008,-0.99048,-0.23267,1.02058,0.01655,0.00080,0
3855.748,0.07910,-0.99829,-0.24146,1.03012,0.00953,0.00080,0
3857.204,0.08228,-0.99585,-0.24146,1.02800,0.00212,0.00079,0
3858.662,0.07983,-0.98853,-0.24121,1.02066,0.00735,0.00081,0
3860.126,0.08276,-0.99023,-0.24585,1.02365,0.00299,0.00082,0
3861.583,0.07837,-1.00146,-0.24512,1.03400,0.01035,0.00092,0
3863.040,0.08154,-0.99585,-0.24707,1.02928,0.00472,0.00094,0
3864.497,0.07959,-0.99609,-0.25146,1.03042,0.00115,0.00093,0
3865.953,0.07959,-0.99683,-0.24438,1.02943,0.00100,0.00094,0
3867.411,0.08398,-0.99390,-0.24023,1.02596,0.00347,0.00095,0
3868.869,0.08374,-0.99951,-0.24048,1.03144,0.00548,0.00095,0
3870.325,0.08130,-0.99170,-0.25073,1.02613,0.00531,0.00097,0
3871.784,0.07837,-0.99512,-0.24927,1.02885,0.00272,0.00098,0
3873.242,0.08057,-0.99829,-0.25293,1.03298,0.00413,0.00100,0
3874.700,0.07910,-0.99536,-0.25513,1.03058,0.00240,0.00100,0
3876.158,0.07617,-0.99756,-0.24878,1.03093,0.00035,0.00099,0
3877.615,0.07983,-0.99731,-0.24561,1.03021,0.00072,0.00098,0
3879.114,0.08545,-0.99438,-0.24170,1.02690,0.00331,0.00093,0
3880.611,0.07935,-0.99707,-0.24414,1.02959,0.00269,0.00093,0
3882.072,0.07886,-0.99609,-0.24146,1.02797,0.00162,0.00092,0
3883.533,0.07202,-0.99243,-0.24243,1.02415,0.00382,0.00089,0
3884.996,0.07861,-0.99780,-0.23926,1.02909,0.00495,0.00083,0
3886.453,0.07715,-0.99561,-0.24463,1.02812,0.00098,0.00081,0
3887.911,0.08057,-0.99438,-0.24146,1.02645,0.00167,0.00081,0
3889.385,0.07642,-0.99341,-0.24023,1.02490,0.00155,0.00073,0
3890.841,0.07324,-0.99536,-0.23486,1.02531,0.00042,0.00046,0
3892.298,0.08179,-1.00073,-0.23804,1.03190,0.00659,0.00041,0
3893.754,0.08301,-0.99634,-0.24438,1.02922,0.00267,0.00041,0
3895.213,0.07471,-1.00024,-0.24536,1.03260,0.00338,0.00037,0
3896.674,0.07617,-0.99854,-0.24146,1.03013,0.00247,0.00037,0
3898.132,0.08447,-0.99731,-0.23389,1.02785,0.00228,0.00027,0
3899.591,0.08545,-0.99585,-0.23706,1.02724,0.00061,0.00024,0
3901.047,0.08252,-0.99438,-0.24268,1.02689,0.00035,0.00024,0
3902.505,0.08325,-0.99536,-0.24658,1.02882,0.00193,0.00024,0
3903.964,0.08081,-0.99219,-0.23706,1.02331,0.00551,0.00026,0
3905.489,0.07690,-0.99634,-0.24170,1.02812,0.00481,0.00026,0
3907.063,0.08301,-1.00220,-0.24683,1.03548,0.00736,0.00028,0
3908.655,0.08130,-0.99805,-0.25098,1.03233,0.00315,0.00028,0
3910.163,0.07764,-0.99634,-0.23950,1.02766,0.00467,0.00029,0
3911.648,0.07422,-0.99756,-0.23828,1.02830,0.00065,0.00028,0
3913.140,0.07959,-0.99536,-0.24512,1.02818,0.00012,0.00028,0
3914.703,0.07837,-0.99927,-0.24121,1.03095,0.00277,0.00029,0
3916.252,0.07300,-0.99609,-0.24512,1.02840,0.00255,0.00029,0
3917.809,0.07495,-0.99609,-0.24146,1.02768,0.00073,0.00028,0
3919.301,0.07959,-0.99487,-0.24121,1.02679,0.00089,0.00028,0
3920.787,0.07837,-0.99463,-0.24341,1.02697,0.00019,0.00026,0
3922.268,0.08032,-0.99829,-0.23877,1.02959,0.00261,0.00025,0
3923.726,0.08252,-0.99414,-0.24316,1.02677,0.00282,0.00025,0
3925.184,0.08716,-0.99414,-0.23438,1.02511,0.00166,0.00025,0
3926.691,0.08350,-0.98853,-0.23828,1.02026,0.00485,0.00027,0
3928.149,0.07715,-0.99609,-0.24146,1.02784,0.00758,0.00033,0
3929.606,0.07324,-0.99927,-0.24585,1.03167,0.00383,0.00030,0
3931.066,0.08374,-0.99658,-0.24170,1.02889,0.00278,0.00030,0
3932.560,0.08032,-0.99243,-0.24658,1.02576,0.00313,0.00030,0
3934.125,0.07959,-0.99976,-0.24023,1.03129,0.00553,0.00033,0
3935.600,0.08081,-0.99976,-0.24121,1.03161,0.00032,0.00032,0
3937.066,0.08105,-1.00000,-0.24194,1.03204,0.00043,0.00032,0
3938.541,0.07837,-0.99780,-0.24170,1.02965,0.00239,0.00033,0
3940.153,0.07617,-0.99609,-0.23901,1.02720,0.00245,0.00033,0
3941.628,0.07690,-0.99512,-0.24292,1.02722,0.00002,0.00030,0
3943.098,0.07935,-0.99121,-0.24341,1.02374,0.00348,0.00029,0
3944.566,0.08813,-0.98950,-0.24194,1.02246,0.00128,0.00023,0
3946.031,0.08301,-0.99536,-0.24146,1.02759,0.00513,0.00025,0
3947.593,0.07910,-1.00122,-0.23535,1.03155,0.00396,0.00025,0
3949.061,0.08057,-0.99414,-0.24487,1.02702,0.00453,0.00027,0
3950.533,0.08032,-0.99170,-0.24561,1.02481,0.00221,0.00027,0
3952.002,0.07861,-0.99976,-0.24023,1.03121,0.00640,0.00030,0
3953.464,0.07910,-0.99976,-0.23999,1.03120,0.00002,0.00030,0
3954.924,0.07983,-1.00024,-0.24414,1.03270,0.00150,0.00030,0
3956.382,0.08032,-0.99561,-0.24463,1.02836,0.00434,0.00032,0
3957.840,0.07935,-0.99902,-0.24780,1.03235,0.00399,0.00033,0
3959.326,0.08252,-0.99780,-0.24365,1.03043,0.00192,0.00033,0
3960.786,0.07666,-0.99512,-0.24121,1.02680,0.00363,0.00033,0
3962.245,0.07520,-0.99512,-0.23950,1.02629,0.00051,0.00033,0
3963.701,0.07690,-0.99341,-0.23926,1.02470,0.00159,0.00031,0
3965.155,0.08228,-0.99707,-0.24463,1.02993,0.00523,0.00028,0
3966.630,0.08032,-0.99487,-0.24780,1.02841,0.00152,0.00027,0
3968.090,0.07861,-0.99731,-0.23584,1.02783,0.00058,0.00026,0
3969.550,0.08252,-1.00073,-0.24048,1.03252,0.00469,0.00027,0
3971.009,0.08374,-0.99438,-0.24219,1.02687,0.00565,0.00027,0
3972.467,0.07959,-0.99707,-0.23950,1.02852,0.00164,0.00028,0
3973.926,0.07715,-0.99854,-0.23901,1.02964,0.00112,0.00028,0
3975.386,0.07495,-1.00146,-0.24072,1.03271,0.00308,0.00028,0
3976.845,0.07886,-0.99585,-0.23413,1.02604,0.00668,0.00032,0
3978.304,0.08032,-0.99536,-0.24707,1.02871,0.00267,0.00033,0
3979.760,0.08008,-0.99683,-0.24585,1.02981,0.00111,0.00032,0
3981.214,0.08423,-0.99927,-0.24219,1.03164,0.00183,0.00032,0
3982.671,0.07715,-0.99390,-0.23877,1.02508,0.00656,0.00034,0
3984.131,0.07617,-0.99390,-0.24316,1.02604,0.00096,0.00032,0
3985.590,0.07031,-0.99780,-0.24170,1.02906,0.00302,0.00031,0
3987.049,0.07642,-0.99780,-0.24268,1.02973,0.00066,0.00030,0
3988.508,0.08154,-1.00415,-0.23389,1.03425,0.00452,0.00028,0
3989.967,0.07495,-0.99951,-0.24512,1.03185,0.00239,0.00029,0
3991.426,0.08057,-1.00073,-0.23999,1.03226,0.00040,0.00029,0
3992.884,0.07544,-0.99536,-0.24585,1.02805,0.00421,0.00029,0
3994.343,0.08008,-0.99463,-0.24512,1.02751,0.00053,0.00027,0
3995.802,0.07593,-0.99976,-0.23340,1.02944,0.00193,0.00027,0
3997.261,0.07520,-0.99609,-0.23120,1.02533,0.00411,0.00027,0
3998.721,0.08032,-0.99878,-0.24463,1.03143,0.00610,0.00031,0
4000.179,0.07617,-0.99951,-0.24756,1.03253,0.00109,0.00031,0
4001.637,0.08032,-0.99927,-0.24072,1.03099,0.00154,0.00029,0
4003.097,0.08252,-0.99805,-0.24194,1.03026,0.00072,0.00028,0
4004.555,0.07642,-0.99390,-0.23877,1.02503,0.00524,0.00031,0
4006.014,0.08228,-0.99170,-0.23730,1.02301,0.00202,0.00029,0
4007.474,0.08618,-0.99438,-0.24097,1.02679,0.00378,0.00028,0
4008.932,0.08057,-0.99316,-0.23389,1.02351,0.00328,0.00028,0
4010.391,0.08374,-0.99805,-0.23682,1.02917,0.00566,0.00031,0
4011.850,0.07617,-0.99829,-0.24316,1.03030,0.00113,0.00031,0
4013.309,0.07910,-0.99268,-0.23853,1.02399,0.00631,0.00030,0
4014.769,0.08301,-0.99463,-0.24414,1.02751,0.00352,0.00031,0
4016.227,0.08203,-0.99585,-0.23950,1.02752,0.00001,0.00031,0
4017.686,0.07910,-0.99609,-0.23828,1.02725,0.00028,0.00030,0
4019.145,0.07568,-0.99536,-0.24146,1.02702,0.00023,0.00026,0
4020.604,0.08154,-0.99780,-0.24243,1.03006,0.00304,0.00027,0
4022.063,0.08179,-0.99512,-0.24390,1.02783,0.00224,0.00026,0
4023.521,0.07373,-0.99585,-0.23853,1.02667,0.00116,0.00026,0
4024.980,0.07812,-0.99438,-0.24805,1.02783,0.00116,0.00024,0
4026.439,0.08252,-0.99902,-0.24268,1.03138,0.00355,0.00025,0
4027.894,0.08008,-0.99707,-0.24146,1.02901,0.00237,0.00026,0
4029.353,0.07861,-0.99805,-0.24487,1.03065,0.00164,0.00024,0
4030.812,0.07983,-0.99927,-0.24072,1.03095,0.00030,0.00024,0
4032.271,0.08203,-0.99951,-0.24927,1.03339,0.00244,0.00024,0
4033.730,0.08057,-1.00098,-0.24487,1.03364,0.00025,0.00023,0
4035.188,0.07910,-0.99463,-0.24609,1.02767,0.00597,0.00023,0
4036.646,0.07861,-0.99561,-0.23877,1.02685,0.00082,0.00023,0
4038.176,0.08398,-0.99463,-0.24048,1.02673,0.00012,0.00022,0
4039.636,0.08203,-0.99658,-0.24121,1.02863,0.00191,0.00023,0
4041.095,0.08398,-0.99756,-0.23511,1.02832,0.00031,0.00020,0
4042.554,0.07739,-0.99878,-0.24365,1.03098,0.00265,0.00020,0
4044.010,0.07812,-0.99780,-0.24097,1.02946,0.00152,0.00019,0
4045.468,0.07983,-0.99731,-0.23804,1.02843,0.00102,0.00018,0
4046.926,0.07935,-0.99805,-0.23657,1.02877,0.00033,0.00015,0
4048.385,0.08325,-0.99536,-0.24585,1.02865,0.00012,0.00015,0
4049.844,0.08130,-1.00049,-0.24731,1.03380,0.00516,0.00013,0
4051.316,0.07983,-1.00244,-0.25000,1.03622,0.00242,0.00013,0
4052.775,0.08105,-1.00000,-0.24561,1.03290,0.00332,0.00014,0
4054.234,0.08374,-0.99780,-0.24097,1.02990,0.00301,0.00015,0
4055.693,0.07739,-0.99707,-0.23706,1.02778,0.00211,0.00015,0
4057.152,0.07959,-0.99512,-0.23755,1.02617,0.00161,0.00014,0
4058.611,0.07300,-0.99023,-0.24658,1.02308,0.00309,0.00015,0
4060.071,0.07886,-0.99487,-0.24731,1.02818,0.00510,0.00017,0
4061.526,0.08545,-1.00024,-0.24463,1.03326,0.00508,0.00020,0
4062.982,0.08203,-0.99585,-0.24609,1.02908,0.00418,0.00020,0
4064.441,0.08179,-0.99805,-0.24341,1.03055,0.00147,0.00020,0
4065.901,0.07690,-0.99414,-0.23193,1.02373,0.00682,0.00024,0
4067.360,0.07642,-0.99878,-0.24023,1.03010,0.00637,0.00028,0
4068.818,0.08008,-1.00024,-0.24390,1.03266,0.00256,0.00028,0
4070.278,0.07471,-0.99805,-0.23120,1.02720,0.00546,0.00031,0
4071.736,0.07593,-1.00073,-0.23633,1.03106,0.00386,0.00029,0
4073.198,0.07861,-0.99756,-0.23926,1.02886,0.00220,0.00030,0
4074.663,0.08740,-0.98877,-0.24927,1.02344,0.00541,0.00033,0
4076.115,0.08276,-0.99463,-0.24585,1.02790,0.00446,0.00034,0
4077.569,0.07959,-0.99438,-0.24243,1.02660,0.00130,0.00035,0
4079.024,0.07715,-0.99438,-0.23877,1.02556,0.00105,0.00034,0
4080.483,0.08154,-0.99365,-0.24316,1.02622,0.00066,0.00034,0
4081.943,0.07983,-0.99634,-0.23511,1.02681,0.00059,0.00034,0
4083.401,0.07861,-0.99634,-0.24878,1.02993,0.00312,0.00035,0
4084.859,0.08130,-0.99536,-0.23901,1.02688,0.00305,0.00036,0
4086.319,0.07861,-0.99976,-0.24170,1.03156,0.00468,0.00035,0
4087.777,0.08081,-0.99268,-0.24805,1.02638,0.00517,0.00037,0
4089.235,0.08545,-0.99316,-0.23779,1.02480,0.00158,0.00036,0
4090.695,0.08057,-0.99487,-0.23535,1.02550,0.00070,0.00035,0
4092.153,0.08325,-0.99512,-0.23657,1.02623,0.00073,0.00035,0
4093.611,0.08105,-0.99170,-0.24023,1.02360,0.00264,0.00036,0
4095.069,0.07422,-0.99731,-0.24390,1.02938,0.00579,0.00038,0
4096.528,0.07959,-0.99780,-0.24170,1.02974,0.00036,0.00035,0
4097.987,0.08398,-0.99316,-0.23755,1.02463,0.00511,0.00035,0
4099.445,0.08154,-0.99878,-0.24438,1.03147,0.00685,0.00038,0
4100.903,0.08057,-0.99756,-0.24829,1.03115,0.00033,0.00038,0
4102.363,0.08301,-0.99805,-0.24170,1.03025,0.00090,0.00034,0
4103.822,0.08521,-0.99463,-0.24097,1.02694,0.00330,0.00031,0
4105.280,0.07593,-0.99902,-0.24292,1.03093,0.00399,0.00031,0
4106.740,0.08008,-0.99658,-0.23901,1.02797,0.00297,0.00029,0
4108.199,0.07910,-0.99902,-0.24219,1.03100,0.00303,0.00029,0
4109.658,0.08203,-0.99365,-0.23511,1.02438,0.00662,0.00033,0
4111.117,0.07959,-0.99219,-0.23706,1.02321,0.00116,0.00030,0
4112.577,0.07788,-0.99292,-0.23853,1.02413,0.00092,0.00028,0
4114.035,0.07324,-0.99731,-0.24048,1.02851,0.00438,0.00030,0
4115.495,0.07935,-0.99609,-0.24146,1.02801,0.00050,0.00030,0
4116.954,0.08325,-0.99487,-0.24292,1.02748,0.00053,0.00030,0
4118.415,0.08130,-0.99780,-0.24097,1.02970,0.00222,0.00030,0
4119.873,0.08252,-0.99780,-0.23291,1.02794,0.00176,0.00029,0
4121.332,0.08179,-0.99219,-0.23730,1.02344,0.00450,0.00031,0
4122.792,0.08472,-0.99390,-0.24268,1.02660,0.00315,0.00029,0
4124.249,0.07983,-0.99512,-0.23730,1.02613,0.00046,0.00027,0
4125.708,0.08032,-1.00049,-0.24243,1.03257,0.00644,0.00031,0
4127.167,0.08154,-0.99487,-0.23779,1.02614,0.00643,0.00035,0
4128.625,0.08398,-0.99243,-0.24634,1.02599,0.00015,0.00035,0
4130.105,0.07568,-0.99561,-0.23462,1.02567,0.00032,0.00034,0
4131.564,0.07568,-0.99463,-0.24878,1.02806,0.00239,0.00031,0
4133.027,0.07715,-0.99902,-0.23706,1.02966,0.00160,0.00031,0
4134.483,0.07959,-0.99878,-0.23901,1.03006,0.00040,0.00029,0
4135.938,0.07886,-0.99854,-0.24780,1.03184,0.00178,0.00024,0
4137.452,0.08032,-0.99292,-0.24683,1.02629,0.00555,0.00028,0
4138.911,0.08472,-0.99194,-0.23633,1.02322,0.00307,0.00028,0
4140.371,0.08130,-0.99609,-0.23926,1.02765,0.00443,0.00029,0
4141.830,0.08228,-0.99878,-0.23657,1.02971,0.00206,0.00028,0
4143.288,0.07690,-0.99902,-0.24829,1.03228,0.00258,0.00028,0
4144.748,0.07544,-0.99609,-0.24829,1.02934,0.00294,0.00028,0
4146.206,0.07886,-0.99561,-0.24072,1.02732,0.00202,0.00024,0
4147.666,0.07739,-0.99023,-0.23535,1.02076,0.00657,0.00028,0
4149.125,0.08081,-0.99609,-0.24121,1.02806,0.00731,0.00033,0
4150.583,0.07837,-0.99829,-0.24170,1.03012,0.00205,0.00032,0
4152.044,0.08154,-0.99170,-0.23364,1.02211,0.00801,0.00038,0
4153.504,0.08447,-0.99951,-0.23682,1.03065,0.00854,0.00045,0
4154.961,0.07642,-0.99243,-0.23926,1.02372,0.00693,0.00050,0
4156.421,0.07593,-0.99731,-0.23242,1.02685,0.00313,0.00050,0
4157.880,0.07983,-1.00098,-0.24316,1.03318,0.00633,0.00052,0
4159.341,0.08057,-0.99805,-0.24829,1.03162,0.00156,0.00052,0
4160.802,0.08154,-1.00049,-0.24243,1.03267,0.00105,0.00052,0
4162.260,0.07935,-0.99561,-0.24194,1.02765,0.00502,0.00050,0
4163.719,0.07935,-0.99365,-0.24414,1.02628,0.00137,0.00046,0
4165.178,0.07983,-0.99707,-0.24780,1.03050,0.00422,0.00048,0
4166.669,0.07837,-0.99927,-0.25024,1.03310,0.00260,0.00049,0
4168.137,0.08545,-0.99194,-0.24487,1.02529,0.00781,0.00054,0
4169.597,0.08569,-0.99316,-0.24146,1.02568,0.00039,0.00054,0
4171.056,0.07593,-0.99536,-0.23853,1.02635,0.00067,0.00054,0
4172.516,0.07617,-0.99414,-0.24463,1.02663,0.00027,0.00054,0
4173.974,0.07446,-0.99951,-0.24316,1.03136,0.00473,0.00053,0
4175.432,0.08228,-0.99878,-0.24634,1.03199,0.00064,0.00052,0
4176.891,0.07715,-0.99463,-0.24634,1.02758,0.00441,0.00052,0
4178.349,0.07959,-0.99414,-0.24756,1.02759,0.00001,0.00051,0
4179.809,0.07935,-0.99292,-0.24854,1.02662,0.00096,0.00051,0
4181.267,0.07886,-0.99756,-0.24414,1.03002,0.00340,0.00051,0
4182.725,0.07886,-0.99976,-0.24414,1.03215,0.00213,0.00051,0
4184.184,0.08032,-0.99854,-0.23901,1.02988,0.00227,0.00047,0
4185.643,0.07886,-0.99683,-0.24731,1.03007,0.00019,0.00042,0
4187.100,0.08081,-0.99487,-0.24561,1.02792,0.00215,0.00042,0
4188.575,0.07715,-0.99805,-0.24512,1.03060,0.00268,0.00036,0
4190.033,0.07910,-0.99683,-0.23730,1.02773,0.00287,0.00030,0
4191.491,0.07593,-0.99585,-0.24414,1.02815,0.00042,0.00025,0
4192.951,0.07642,-0.99902,-0.23438,1.02899,0.00084,0.00024,0
4194.410,0.07935,-0.99609,-0.24194,1.02812,0.00087,0.00020,0
4195.867,0.07544,-0.99780,-0.24023,1.02908,0.00096,0.00020,0
4197.325,0.07764,-0.99902,-0.23486,1.02919,0.00011,0.00020,0
4198.784,0.07959,-0.99854,-0.24121,1.03033,0.00114,0.00018,0
4200.244,0.07861,-0.99805,-0.23682,1.02877,0.00157,0.00018,0
4201.702,0.08301,-0.99658,-0.24805,1.03034,0.00157,0.00016,0
4203.159,0.08008,-0.99902,-0.24097,1.03079,0.00045,0.00016,0
4204.618,0.08252,-1.00269,-0.24341,1.03510,0.00431,0.00011,0
4206.076,0.07690,-0.99609,-0.23560,1.02646,0.00864,0.00019,0
4207.559,0.07715,-0.99170,-0.24487,1.02439,0.00207,0.00019,0
4209.024,0.08105,-1.00073,-0.24072,1.03246,0.00807,0.00026,0
4210.482,0.07910,-0.99902,-0.24097,1.03071,0.00175,0.00024,0
4211.951,0.07568,-0.99585,-0.23633,1.02630,0.00441,0.00026,0
4213.428,0.07886,-0.99683,-0.24707,1.03001,0.00371,0.00025,0
4214.884,0.08081,-0.99170,-0.24292,1.02421,0.00580,0.00028,0
4216.343,0.07568,-1.00073,-0.24219,1.03240,0.00819,0.00035,0
4217.801,0.07593,-1.00000,-0.23901,1.03097,0.00143,0.00034,0
4219.260,0.08154,-0.99805,-0.24585,1.03111,0.00014,0.00034,0
4220.719,0.07983,-0.99390,-0.24536,1.02684,0.00427,0.00035,0
4222.177,0.08032,-0.99194,-0.24219,1.02424,0.00261,0.00036,0
4223.636,0.07983,-0.99731,-0.23926,1.02871,0.00448,0.00037,0
4225.096,0.07764,-1.00244,-0.23804,1.03324,0.00452,0.00038,0
4226.554,0.08105,-0.99536,-0.24780,1.02894,0.00430,0.00039,0
4228.012,0.08179,-0.99658,-0.24268,1.02896,0.00002,0.00039,0
4229.488,0.08276,-0.99829,-0.24390,1.03098,0.00202,0.00040,0
4230.944,0.08325,-0.99536,-0.24219,1.02778,0.00320,0.00041,0
4232.403,0.08130,-0.99463,-0.23877,1.02611,0.00167,0.00041,0
4233.861,0.08862,-0.99316,-0.23682,1.02485,0.00127,0.00041,0
4235.396,0.08130,-0.99683,-0.23462,1.02729,0.00244,0.00042,0
4236.854,0.08008,-0.99463,-0.24854,1.02833,0.00105,0.00041,0
4238.312,0.07422,-0.99902,-0.24390,1.03104,0.00271,0.00042,0
4239.772,0.07812,-0.99683,-0.24707,1.02996,0.00108,0.00042,0
4241.231,0.07983,-0.99561,-0.24438,1.02826,0.00169,0.00040,0
4242.690,0.07617,-0.99829,-0.24194,1.03001,0.00175,0.00033,0
4244.144,0.07520,-0.99390,-0.24902,1.02737,0.00264,0.00034,0
4245.602,0.07617,-0.99902,-0.24146,1.03061,0.00323,0.00028,0
4247.060,0.08008,-0.99829,-0.23877,1.02957,0.00104,0.00028,0
4248.519,0.08032,-0.99756,-0.23779,1.02865,0.00092,0.00026,0
4249.977,0.07397,-0.99829,-0.24390,1.03031,0.00166,0.00025,0
4251.438,0.07910,-0.99683,-0.24097,1.02858,0.00173,0.00022,0
4252.900,0.07520,-0.99585,-0.24536,1.02838,0.00020,0.00015,0
4254.357,0.07983,-0.99097,-0.24365,1.02360,0.00478,0.00017,0
4255.816,0.08008,-0.99414,-0.23682,1.02509,0.00149,0.00017,0
4257.276,0.08105,-0.99438,-0.23779,1.02563,0.00054,0.00016,0
4258.736,0.07495,-0.99805,-0.25073,1.03179,0.00616,0.00019,0
4260.194,0.07983,-0.99927,-0.23950,1.03067,0.00112,0.00017,0
4261.652,0.08154,-1.00098,-0.24292,1.03325,0.00259,0.00016,0
4263.111,0.08105,-0.99805,-0.24341,1.03049,0.00276,0.00014,0
4264.569,0.07983,-0.99902,-0.24561,1.03186,0.00137,0.00015,0
4266.027,0.08081,-0.99805,-0.25244,1.03264,0.00078,0.00014,0
4267.486,0.08252,-0.99878,-0.23682,1.02978,0.00286,0.00014,0
4268.945,0.07446,-0.99487,-0.24438,1.02715,0.00263,0.00014,0
4270.403,0.07788,-0.99487,-0.24097,1.02660,0.00055,0.00014,0
4271.862,0.07593,-0.99756,-0.23633,1.02798,0.00138,0.00014,0
4273.320,0.08569,-0.99951,-0.24414,1.03246,0.00448,0.00016,0
4274.778,0.08154,-0.99902,-0.24927,1.03288,0.00042,0.00015,0
4276.236,0.08325,-0.99854,-0.24243,1.03091,0.00196,0.00015,0
4277.695,0.07886,-0.99854,-0.24316,1.03074,0.00017,0.00015,0
4279.153,0.07764,-0.99634,-0.24365,1.02863,0.00211,0.00015,0
4280.612,0.07837,-0.99243,-0.23657,1.02324,0.00539,0.00017,0
4282.070,0.07959,-0.99463,-0.23999,1.02626,0.00302,0.00017,0
4283.530,0.08228,-0.99976,-0.24097,1.03167,0.00541,0.00020,0
4284.992,0.07935,-1.00098,-0.23389,1.03100,0.00068,0.00020,0
4286.450,0.08472,-0.99634,-0.23608,1.02742,0.00357,0.00021,0
4287.919,0.08252,-0.99536,-0.24561,1.02853,0.00111,0.00021,0
4289.377,0.07764,-0.99805,-0.23950,1.02931,0.00078,0.00021,0
4290.835,0.07739,-0.99658,-0.23706,1.02731,0.00200,0.00019,0
4292.292,0.07617,-0.99512,-0.24438,1.02751,0.00020,0.00019,0
4293.749,0.07617,-0.99121,-0.24194,1.02315,0.00436,0.00021,0
4295.206,0.08081,-0.99194,-0.24194,1.02422,0.00107,0.00017,0
4296.664,0.07495,-1.00269,-0.24341,1.03453,0.01031,0.00028,0
4298.133,0.07837,-1.00146,-0.24268,1.03342,0.00110,0.00027,0
4299.592,0.08252,-0.99829,-0.24243,1.03062,0.00281,0.00027,0
4301.051,0.08081,-1.00195,-0.24121,1.03374,0.00313,0.00028,0
4302.508,0.07983,-0.99243,-0.24243,1.02473,0.00901,0.00036,0
4303.967,0.07666,-0.99658,-0.24463,1.02903,0.00430,0.00037,0
4305.424,0.07983,-0.99780,-0.22974,1.02702,0.00201,0.00037,0
4306.882,0.08008,-0.99487,-0.23608,1.02563,0.00138,0.00037,0
4308.341,0.08472,-0.99292,-0.23755,1.02445,0.00118,0.00037,0
4309.799,0.07935,-0.99609,-0.24170,1.02806,0.00362,0.00036,0
4311.257,0.07544,-0.99609,-0.23486,1.02618,0.00188,0.00036,0
4312.732,0.07983,-0.99585,-0.24365,1.02833,0.00214,0.00036,0
4314.209,0.07715,-0.99390,-0.24731,1.02711,0.00122,0.00037,0
4315.854,0.07861,-0.99805,-0.23999,1.02950,0.00240,0.00037,0
4317.730,0.08081,-0.98999,-0.24048,1.02198,0.00752,0.00039,0
4319.185,0.07690,-0.99927,-0.22778,1.02778,0.00580,0.00042,0
4320.888,0.07251,-0.99731,-0.23120,1.02633,0.00145,0.00039,0
4322.469,0.07861,-0.99658,-0.24561,1.02941,0.00308,0.00040,0
4324.016,0.07837,-0.99121,-0.24268,1.02349,0.00592,0.00042,0
4325.540,0.08276,-0.99707,-0.23511,1.02775,0.00426,0.00044,0
4327.008,0.08032,-1.00000,-0.23901,1.03130,0.00355,0.00045,0
4328.465,0.07397,-0.99658,-0.24951,1.03000,0.00130,0.00045,0
4329.917,0.07739,-0.99951,-0.24585,1.03221,0.00221,0.00046,0
4331.375,0.07422,-0.99341,-0.23291,1.02304,0.00917,0.00052,0
4332.876,0.07715,-0.99268,-0.23706,1.02350,0.00046,0.00052,0
4334.440,0.08398,-1.00024,-0.24072,1.03223,0.00872,0.00049,0
4335.897,0.07886,-0.99609,-0.23999,1.02763,0.00460,0.00051,0
4337.526,0.08301,-0.99634,-0.24756,1.02998,0.00236,0.00051,0
4338.987,0.07520,-0.99414,-0.24390,1.02638,0.00360,0.00051,0
4340.444,0.07935,-0.99927,-0.24438,1.03177,0.00539,0.00046,0
4341.901,0.08398,-0.99756,-0.24316,1.03020,0.00158,0.00044,0
4343.358,0.07910,-0.99902,-0.23730,1.02986,0.00033,0.00044,0
4344.887,0.08521,-0.99683,-0.24390,1.02976,0.00010,0.00044,0
4346.412,0.09033,-0.99243,-0.23218,1.02322,0.00654,0.00048,0
4347.869,0.08618,-0.99683,-0.24097,1.02915,0.00593,0.00050,0
4349.326,0.07788,-0.99390,-0.23853,1.02508,0.00407,0.00051,0
4350.786,0.07764,-0.99487,-0.23633,1.02550,0.00042,0.00051,0
4352.346,0.08276,-1.00220,-0.23657,1.03306,0.00756,0.00056,0
4353.813,0.08228,-1.00049,-0.23486,1.03097,0.00209,0.00056,0
4355.271,0.07715,-0.99731,-0.24243,1.02925,0.00172,0.00051,0
4356.728,0.07446,-0.99707,-0.24512,1.02945,0.00020,0.00047,0
4358.194,0.07788,-0.99292,-0.23926,1.02430,0.00515,0.00050,0
4359.654,0.08252,-0.99316,-0.24268,1.02571,0.00140,0.00049,0
4361.111,0.08398,-0.99536,-0.24414,1.02830,0.00259,0.00046,0
4362.569,0.07715,-0.99634,-0.23560,1.02672,0.00158,0.00045,0
4364.028,0.08008,-0.99878,-0.23926,1.03015,0.00344,0.00045,0
4365.535,0.08154,-1.00171,-0.23633,1.03243,0.00228,0.00045,0
4366.991,0.08008,-0.99683,-0.24194,1.02889,0.00355,0.00046,0
4368.447,0.07935,-0.99561,-0.23584,1.02623,0.00266,0.00038,0
4369.905,0.07788,-0.99292,-0.24414,1.02546,0.00077,0.00038,0
4371.378,0.08398,-0.99634,-0.24243,1.02884,0.00339,0.00032,0
4372.889,0.08521,-0.98779,-0.24487,1.02125,0.00759,0.00035,0
4374.507,0.08398,-0.99194,-0.24683,1.02564,0.00438,0.00037,0
4375.972,0.07837,-0.99756,-0.24438,1.03004,0.00441,0.00037,0
4377.428,0.08057,-0.99292,-0.23877,1.02440,0.00564,0.00038,0
4378.885,0.08154,-0.99854,-0.24438,1.03123,0.00684,0.00042,0
4380.341,0.07837,-0.99829,-0.23413,1.02837,0.00287,0.00043,0
4381.800,0.07642,-0.99341,-0.23413,1.02348,0.00489,0.00045,0
4383.256,0.08179,-0.99536,-0.23901,1.02692,0.00344,0.00042,0
4384.714,0.08228,-0.99438,-0.24512,1.02745,0.00053,0.00039,0
4386.175,0.07935,-0.99487,-0.23096,1.02441,0.00304,0.00038,0
4387.633,0.07788,-0.99829,-0.23364,1.02822,0.00381,0.00039,0
4389.090,0.07837,-0.98975,-0.24146,1.02178,0.00644,0.00038,0
4390.546,0.07690,-0.99658,-0.23755,1.02738,0.00560,0.00041,0
4392.004,0.08447,-0.99805,-0.24854,1.03199,0.00461,0.00042,0
4393.501,0.08008,-0.99829,-0.23877,1.02957,0.00242,0.00043,0
4394.958,0.08325,-0.99683,-0.24414,1.02966,0.00009,0.00040,0
4396.415,0.08398,-0.99780,-0.24121,1.02997,0.00031,0.00040,0
4397.870,0.08716,-0.99316,-0.24219,1.02598,0.00400,0.00041,0
4399.327,0.07812,-0.99365,-0.24463,1.02630,0.00032,0.00041,0
4400.846,0.08105,-1.00146,-0.23926,1.03283,0.00653,0.00044,0
4402.307,0.08057,-1.00049,-0.24219,1.03253,0.00030,0.00043,0
4403.765,0.07715,-0.99609,-0.24487,1.02865,0.00388,0.00044,0
4405.222,0.07422,-0.99658,-0.24121,1.02804,0.00061,0.00043,0
4406.691,0.07690,-0.99658,-0.23901,1.02772,0.00032,0.00043,0
4408.175,0.07837,-0.99365,-0.24463,1.02632,0.00141,0.00042,0
4409.634,0.07886,-0.99268,-0.25269,1.02736,0.00104,0.00036,0
4411.089,0.07812,-0.99146,-0.23950,1.02296,0.00440,0.00036,0
4412.546,0.07495,-0.99390,-0.23413,1.02385,0.00089,0.00034,0
4413.982,0.08032,-0.99951,-0.24170,1.03145,0.00760,0.00037,0
4415.439,0.08374,-1.00049,-0.24634,1.03377,0.00231,0.00033,0
4416.897,0.07886,-0.99634,-0.23999,1.02786,0.00590,0.00036,0
4418.422,0.08228,-1.00244,-0.24365,1.03490,0.00704,0.00038,0
4419.878,0.07886,-1.00220,-0.24146,1.03389,0.00102,0.00037,0
4421.336,0.07861,-0.99829,-0.23511,1.02861,0.00527,0.00040,0
4422.791,0.08179,-0.99316,-0.23950,1.02490,0.00371,0.00040,0
4424.245,0.08008,-0.99902,-0.23633,1.02971,0.00481,0.00041,0
4425.702,0.08130,-0.98877,-0.23901,1.02049,0.00922,0.00045,0
4427.155,0.08179,-0.99243,-0.23999,1.02431,0.00382,0.00044,0
4428.655,0.08789,-0.99658,-0.23755,1.02827,0.00396,0.00043,0
4430.184,0.08154,-0.99512,-0.24048,1.02700,0.00126,0.00043,0
4431.642,0.08081,-0.99121,-0.23779,1.02253,0.00447,0.00045,0
4433.155,0.08228,-0.99536,-0.24048,1.02730,0.00477,0.00047,0
4434.613,0.08252,-0.99585,-0.23633,1.02683,0.00047,0.00045,0
4436.101,0.07861,-0.99902,-0.23242,1.02871,0.00188,0.00046,0
4437.563,0.08252,-0.99658,-0.24512,1.02960,0.00088,0.00042,0
4439.020,0.07935,-0.99878,-0.25220,1.03318,0.00358,0.00043,0
4440.478,0.07739,-0.99585,-0.24731,1.02901,0.00416,0.00043,0
4441.934,0.07837,-0.99463,-0.24585,1.02756,0.00146,0.00043,0
4443.392,0.08252,-0.99780,-0.24097,1.02980,0.00224,0.00044,0
4444.907,0.07959,-0.99609,-0.23267,1.02600,0.00380,0.00045,0
4446.412,0.07666,-0.99536,-0.24170,1.02715,0.00115,0.00045,0
4447.869,0.08228,-1.00195,-0.24561,1.03489,0.00774,0.00049,0
4449.324,0.08057,-1.00024,-0.24268,1.03241,0.00248,0.00050,0
4450.782,0.08057,-1.00366,-0.23975,1.03504,0.00263,0.00045,0
4452.245,0.07471,-0.99780,-0.23828,1.02858,0.00646,0.00048,0
4453.705,0.07983,-0.99487,-0.23877,1.02623,0.00234,0.00045,0
4455.163,0.08032,-0.99780,-0.24292,1.03008,0.00385,0.00042,0
4456.657,0.07812,-0.99609,-0.23779,1.02706,0.00302,0.00043,0
4458.188,0.07812,-0.99292,-0.23730,1.02387,0.00319,0.00041,0
4459.645,0.08154,-0.99731,-0.24170,1.02942,0.00555,0.00043,0
4461.115,0.07861,-0.99829,-0.23779,1.02923,0.00019,0.00040,0
4462.573,0.08130,-0.99341,-0.24658,1.02678,0.00245,0.00032,0
4464.040,0.07935,-0.99390,-0.24170,1.02594,0.00084,0.00031,0
4465.546,0.08374,-0.99756,-0.24829,1.03140,0.00546,0.00032,0
4467.007,0.08447,-0.99341,-0.24756,1.02727,0.00413,0.00034,0
4468.467,0.08374,-0.99854,-0.23999,1.03038,0.00311,0.00033,0
4469.924,0.07983,-0.99072,-0.23608,1.02159,0.00879,0.00038,0
4471.380,0.08521,-0.99658,-0.25049,1.03111,0.00952,0.00047,0
4472.901,0.08228,-0.99634,-0.24390,1.02905,0.00206,0.00047,0
4474.456,0.07690,-0.99414,-0.24268,1.02622,0.00283,0.00048,0
4475.984,0.08496,-0.99634,-0.24146,1.02869,0.00248,0.00048,0
4477.441,0.07837,-0.99365,-0.24292,1.02591,0.00278,0.00047,0
4478.899,0.07690,-0.99390,-0.23608,1.02444,0.00147,0.00047,0
4480.355,0.08130,-0.99487,-0.23486,1.02545,0.00101,0.00046,0
4481.813,0.07666,-0.99756,-0.24829,1.03085,0.00540,0.00048,0
4483.267,0.07910,-0.99561,-0.23682,1.02644,0.00441,0.00049,0
4484.724,0.07568,-0.99536,-0.23901,1.02645,0.00001,0.00043,0
4486.181,0.07739,-1.00000,-0.23950,1.03119,0.00474,0.00045,0
4487.638,0.08374,-0.99683,-0.23999,1.02872,0.00247,0.00045,0
4489.095,0.08325,-0.99463,-0.23901,1.02633,0.00240,0.00041,0
4490.554,0.07959,-0.99390,-0.23560,1.02453,0.00179,0.00041,0
4492.013,0.07593,-0.99609,-0.24146,1.02775,0.00322,0.00041,0
4493.515,0.07935,-0.99756,-0.24512,1.03029,0.00254,0.00040,0
4494.975,0.08008,-0.99634,-0.25122,1.03064,0.00035,0.00039,0
4496.432,0.07910,-0.99561,-0.24463,1.02827,0.00237,0.00037,0
4497.890,0.07837,-0.99658,-0.24902,1.03021,0.00194,0.00037,0
4499.346,0.08081,-0.99536,-0.24243,1.02764,0.00257,0.00037,0
4500.883,0.08374,-0.99292,-0.23193,1.02308,0.00456,0.00039,0
4502.409,0.08032,-0.99536,-0.23706,1.02635,0.00327,0.00037,0
4503.865,0.07983,-0.99487,-0.23853,1.02618,0.00017,0.00036,0
4505.322,0.07935,-0.99829,-0.23389,1.02839,0.00221,0.00035,0
4506.778,0.07568,-1.00024,-0.23560,1.03040,0.00201,0.00028,0
4508.235,0.07642,-0.99585,-0.23364,1.02574,0.00466,0.00021,0
4509.693,0.08374,-0.99829,-0.23999,1.03014,0.00440,0.00023,0
4511.149,0.08496,-0.99634,-0.23706,1.02767,0.00247,0.00022,0
4512.659,0.07959,-0.99292,-0.24243,1.02518,0.00249,0.00022,0
4514.176,0.07715,-0.99194,-0.24829,1.02545,0.00027,0.00022,0
4515.633,0.08252,-0.99292,-0.24512,1.02605,0.00060,0.00021,0
4517.117,0.08545,-0.99658,-0.24316,1.02937,0.00332,0.00022,0
4518.573,0.07837,-0.99731,-0.23730,1.02815,0.00122,0.00020,0
4520.031,0.07788,-1.00366,-0.24072,1.03506,0.00691,0.00022,0
4521.539,0.07935,-0.99512,-0.24463,1.02781,0.00725,0.00028,0
4522.996,0.07739,-0.99487,-0.24023,1.02639,0.00142,0.00026,0
4524.452,0.07959,-0.99878,-0.24243,1.03086,0.00447,0.00027,0
4525.877,0.08154,-0.99463,-0.24243,1.02699,0.00387,0.00028,0
4527.334,0.08008,-0.99683,-0.24243,1.02900,0.00201,0.00028,0
4528.791,0.08130,-0.99805,-0.24756,1.03150,0.00250,0.00028,0
4530.291,0.08374,-0.99438,-0.23828,1.02596,0.00554,0.00030,0
4531.821,0.08057,-0.99609,-0.24316,1.02850,0.00255,0.00031,0
4533.278,0.07886,-0.99341,-0.24438,1.02606,0.00244,0.00031,0
4534.733,0.08276,-0.99365,-0.23779,1.02506,0.00101,0.00031,0
4536.190,0.07544,-1.00000,-0.24658,1.03271,0.00766,0.00036,0
4537.648,0.07324,-0.99609,-0.25464,1.03073,0.00198,0.00034,0
4539.103,0.07642,-0.99023,-0.23950,1.02165,0.00908,0.00041,0
4540.560,0.07959,-0.99731,-0.24365,1.02973,0.00808,0.00048,0
4542.016,0.08154,-0.99780,-0.23633,1.02864,0.00108,0.00047,0
4543.472,0.07788,-0.99805,-0.24512,1.03065,0.00201,0.00047,0
4544.936,0.07935,-1.00610,-0.24097,1.03760,0.00694,0.00050,0
4546.424,0.07715,-1.00024,-0.24658,1.03307,0.00452,0.00050,0
4547.878,0.07300,-0.99634,-0.24048,1.02754,0.00553,0.00053,0
4549.331,0.08374,-0.99658,-0.24243,1.02906,0.00151,0.00052,0
4550.785,0.08154,-0.99561,-0.24487,1.02851,0.00054,0.00052,0
4552.295,0.08130,-0.99829,-0.24023,1.03000,0.00149,0.00052,0
4553.754,0.08447,-1.00269,-0.24194,1.03492,0.00491,0.00054,0
4555.210,0.08081,-1.00073,-0.24194,1.03273,0.00219,0.00054,0
4556.681,0.08081,-1.00049,-0.23999,1.03204,0.00069,0.00049,0
4558.211,0.08154,-0.99902,-0.24023,1.03073,0.00131,0.00044,0
4559.668,0.07861,-0.99512,-0.23853,1.02632,0.00441,0.00046,0
4561.127,0.07861,-0.99414,-0.24780,1.02757,0.00125,0.00044,0
4562.585,0.07666,-0.99854,-0.24414,1.03080,0.00323,0.00044,0
4564.055,0.07715,-0.99658,-0.25024,1.03041,0.00039,0.00043,0
4565.565,0.08911,-1.00098,-0.23853,1.03285,0.00244,0.00043,0
4567.021,0.08228,-0.99854,-0.24487,1.03141,0.00145,0.00040,0
4568.478,0.07544,-0.99927,-0.23364,1.02899,0.00242,0.00040,0
4569.934,0.07617,-0.99756,-0.23706,1.02816,0.00082,0.00040,0
4571.392,0.07568,-0.99927,-0.23779,1.02996,0.00179,0.00040,0
4572.932,0.07300,-1.00293,-0.24268,1.03445,0.00449,0.00036,0
4574.455,0.08105,-0.99463,-0.24243,1.02695,0.00750,0.00041,0
4575.911,0.07886,-0.99707,-0.24902,1.03072,0.00377,0.00035,0
4577.366,0.08008,-0.99878,-0.24170,1.03072,0.00001,0.00028,0
4578.824,0.07935,-0.99756,-0.23901,1.02886,0.00187,0.00028,0
4580.281,0.07764,-0.99438,-0.24951,1.02815,0.00071,0.00028,0
4581.737,0.08301,-0.99536,-0.24097,1.02747,0.00067,0.00023,0
4583.194,0.08545,-0.99902,-0.23877,1.03071,0.00324,0.00022,0
4584.683,0.08569,-0.99438,-0.24023,1.02658,0.00413,0.00021,0
4586.181,0.08228,-0.99976,-0.24268,1.03207,0.00550,0.00024,0
4587.639,0.07886,-0.99609,-0.23779,1.02712,0.00496,0.00026,0
4589.095,0.07690,-1.00220,-0.25415,1.03678,0.00966,0.00035,0
4590.552,0.07788,-1.00171,-0.24146,1.03334,0.00344,0.00034,0
4592.013,0.07910,-1.00000,-0.23657,1.03064,0.00270,0.00034,0
4593.524,0.08081,-0.99585,-0.23682,1.02681,0.00384,0.00036,0
4594.980,0.08569,-0.99316,-0.23682,1.02460,0.00221,0.00036,0
4596.437,0.08008,-0.99438,-0.24609,1.02751,0.00291,0.00035,0
4597.893,0.08252,-0.99731,-0.24365,1.02996,0.00245,0.00035,0
4599.349,0.07837,-0.99683,-0.24072,1.02847,0.00149,0.00034,0
4600.873,0.08130,-0.99731,-0.23926,1.02883,0.00036,0.00034,0
4602.331,0.07959,-0.99634,-0.24170,1.02832,0.00051,0.00034,0
4603.774,0.08521,-0.99365,-0.23267,1.02408,0.00424,0.00035,0
4605.229,0.08081,-0.99780,-0.24365,1.03029,0.00622,0.00039,0
4606.716,0.08008,-0.99731,-0.23047,1.02673,0.00357,0.00040,0
4608.211,0.07935,-0.99487,-0.23486,1.02529,0.00143,0.00040,0
4609.668,0.08350,-0.99609,-0.23926,1.02782,0.00253,0.00038,0
4611.125,0.07886,-0.99438,-0.24292,1.02666,0.00116,0.00033,0
4612.581,0.07471,-0.99365,-0.24463,1.02605,0.00061,0.00032,0
4614.036,0.07690,-0.99609,-0.23999,1.02748,0.00143,0.00032,0
4615.504,0.08057,-1.00024,-0.23511,1.03066,0.00318,0.00032,0
4616.961,0.08325,-0.99829,-0.23779,1.02959,0.00106,0.00032,0
4618.450,0.08008,-0.99658,-0.24316,1.02894,0.00065,0.00032,0
4619.905,0.08618,-0.99487,-0.23901,1.02680,0.00214,0.00032,0
4621.366,0.08203,-0.99365,-0.24951,1.02778,0.00097,0.00030,0
4622.824,0.07544,-0.99463,-0.23999,1.02595,0.00183,0.00028,0
4624.281,0.08032,-1.00122,-0.23389,1.03131,0.00536,0.00028,0
4625.739,0.08301,-0.99487,-0.24292,1.02746,0.00385,0.00020,0
4627.198,0.08203,-0.99243,-0.23511,1.02319,0.00427,0.00021,0
4628.678,0.07812,-1.00049,-0.22998,1.02955,0.00636,0.00024,0
4630.226,0.08105,-1.00073,-0.23926,1.03212,0.00257,0.00023,0
4631.684,0.07715,-0.99487,-0.24072,1.02649,0.00564,0.00026,0
4633.142,0.07886,-0.99219,-0.24292,1.02453,0.00195,0.00026,0
4634.600,0.08350,-0.99536,-0.24780,1.02914,0.00461,0.00027,0
4636.056,0.08154,-0.99683,-0.23975,1.02849,0.00065,0.00027,0
4637.551,0.08154,-0.99707,-0.23901,1.02856,0.00007,0.00027,0
4639.008,0.07910,-0.99927,-0.23389,1.02932,0.00076,0.00027,0
4640.466,0.07837,-0.99805,-0.24316,1.03023,0.00091,0.00025,0
4641.923,0.08057,-0.99878,-0.24048,1.03048,0.00025,0.00021,0
4643.399,0.08301,-0.99487,-0.24316,1.02752,0.00296,0.00021,0
4644.936,0.08325,-0.99927,-0.23486,1.02987,0.00235,0.00021,0
4646.439,0.08008,-0.99976,-0.23828,1.03087,0.00101,0.00021,0
4647.895,0.08643,-0.99316,-0.24072,1.02557,0.00531,0.00023,0
4649.351,0.07935,-0.99707,-0.24219,1.02913,0.00356,0.00025,0
4650.807,0.08008,-0.99683,-0.24365,1.02929,0.00017,0.00024,0
4652.264,0.07617,-0.99512,-0.23682,1.02574,0.00355,0.00025,0
4653.729,0.08350,-0.99536,-0.24341,1.02809,0.00235,0.00025,0
4655.187,0.08325,-0.99219,-0.23535,1.02311,0.00498,0.00028,0
4656.683,0.08008,-0.99805,-0.23975,1.02956,0.00645,0.00031,0
4658.217,0.07617,-0.99731,-0.24292,1.02929,0.00026,0.00031,0
4659.673,0.08301,-0.99634,-0.23364,1.02673,0.00257,0.00031,0
4661.142,0.07886,-0.99878,-0.23901,1.03000,0.00328,0.00030,0
4662.598,0.07837,-0.99146,-0.23389,1.02168,0.00832,0.00035,0
4664.069,0.08032,-0.99365,-0.24121,1.02566,0.00398,0.00035,0
4665.572,0.07642,-0.99390,-0.23999,1.02531,0.00035,0.00031,0
4667.026,0.07373,-0.99438,-0.24707,1.02727,0.00196,0.00031,0
4668.483,0.08374,-0.99463,-0.24341,1.02740,0.00013,0.00027,0
4669.939,0.07568,-0.99854,-0.23853,1.02941,0.00202,0.00027,0
4671.395,0.07446,-0.99536,-0.23682,1.02585,0.00356,0.00027,0
4672.926,0.07642,-0.99951,-0.24023,1.03081,0.00496,0.00029,0
4674.477,0.08032,-0.99805,-0.24023,1.02969,0.00112,0.00029,0
4676.002,0.08154,-0.99854,-0.24243,1.03077,0.00108,0.00029,0
4677.457,0.07788,-0.99512,-0.23608,1.02570,0.00507,0.00032,0
4678.915,0.08179,-0.99731,-0.24512,1.03025,0.00455,0.00034,0
4680.372,0.08398,-0.99292,-0.24341,1.02576,0.00448,0.00035,0
4681.828,0.07617,-1.00024,-0.24341,1.03225,0.00649,0.00039,0
4683.284,0.08179,-0.99707,-0.23755,1.02824,0.00401,0.00040,0
4684.745,0.08105,-0.99194,-0.23804,1.02332,0.00492,0.00040,0
4686.203,0.08179,-0.99731,-0.24243,1.02961,0.00629,0.00042,0
4687.661,0.08521,-0.99634,-0.24170,1.02877,0.00084,0.00042,0
4689.117,0.08325,-1.00000,-0.23828,1.03136,0.00259,0.00042,0
4690.574,0.07983,-0.99707,-0.22729,1.02576,0.00560,0.00044,0
4692.032,0.08276,-0.99805,-0.23657,1.02904,0.00327,0.00043,0
4693.541,0.08203,-0.99658,-0.23315,1.02677,0.00226,0.00039,0
4694.998,0.07812,-0.99072,-0.23608,1.02146,0.00532,0.00042,0
4696.436,0.07520,-0.99707,-0.23901,1.02807,0.00662,0.00046,0
4697.893,0.08057,-1.00171,-0.23853,1.03286,0.00479,0.00047,0
4699.350,0.07520,-0.99805,-0.23853,1.02891,0.00396,0.00042,0
4700.886,0.07568,-0.99268,-0.23804,1.02362,0.00529,0.00043,0
4702.344,0.08154,-0.99316,-0.24292,1.02569,0.00207,0.00043,0
4703.800,0.08130,-0.99512,-0.23999,1.02687,0.00118,0.00043,0
4705.255,0.07812,-0.99463,-0.24243,1.02672,0.00015,0.00043,0
4706.730,0.07617,-0.99365,-0.24365,1.02592,0.00080,0.00043,0
4708.221,0.07935,-0.99658,-0.24902,1.03028,0.00436,0.00043,0
4709.679,0.08008,-0.99341,-0.23706,1.02444,0.00585,0.00044,0
4711.136,0.08398,-1.00049,-0.23560,1.03128,0.00684,0.00049,0
4712.591,0.08057,-1.00269,-0.24756,1.03593,0.00465,0.00051,0
4714.048,0.07788,-0.99976,-0.23853,1.03076,0.00517,0.00051,0
4715.515,0.08008,-0.99927,-0.23584,1.02984,0.00092,0.00049,0
4716.974,0.08130,-0.99854,-0.22900,1.02768,0.00216,0.00048,0
4718.462,0.07935,-1.00073,-0.24805,1.03406,0.00638,0.00047,0
4719.916,0.07422,-0.99463,-0.24487,1.02701,0.00705,0.00051,0
4721.379,0.07642,-0.99658,-0.23633,1.02707,0.00005,0.00048,0
4722.837,0.08569,-0.99585,-0.23926,1.02777,0.00070,0.00044,0
4724.294,0.08179,-0.99097,-0.24634,1.02440,0.00337,0.00046,0
4725.751,0.08105,-0.98975,-0.24438,1.02269,0.00171,0.00045,0
4727.212,0.07983,-0.98877,-0.24048,1.02072,0.00197,0.00042,0
4728.734,0.07520,-0.99365,-0.24414,1.02596,0.00525,0.00044,0
4730.234,0.07861,-0.99829,-0.24219,1.03025,0.00429,0.00045,0
4731.691,0.08057,-0.99658,-0.24292,1.02892,0.00133,0.00043,0
4733.149,0.08032,-0.99487,-0.23877,1.02627,0.00265,0.00039,0
4734.606,0.07837,-0.99316,-0.24414,1.02573,0.00054,0.00037,0
4736.062,0.08032,-0.99463,-0.24756,1.02812,0.00239,0.00036,0
4737.562,0.08301,-0.99878,-0.23267,1.02887,0.00076,0.00033,0
4739.017,0.08276,-0.99658,-0.23804,1.02795,0.00092,0.00033,0
4740.472,0.07935,-0.99731,-0.24487,1.03000,0.00204,0.00033,0
4741.930,0.08105,-1.00073,-0.24194,1.03275,0.00275,0.00034,0
4743.420,0.08203,-0.99316,-0.24072,1.02521,0.00754,0.00039,0
4744.946,0.08276,-0.99609,-0.24390,1.02885,0.00364,0.00039,0
4746.453,0.08472,-0.99829,-0.23364,1.02876,0.00009,0.00035,0
4747.908,0.08447,-0.99585,-0.24341,1.02864,0.00012,0.00031,0
4749.365,0.07959,-0.99390,-0.24219,1.02607,0.00257,0.00029,0
4750.821,0.07983,-0.99097,-0.23486,1.02154,0.00453,0.00029,0
4752.278,0.08032,-0.99658,-0.23584,1.02725,0.00571,0.00032,0
4753.742,0.08105,-0.99829,-0.24121,1.03021,0.00296,0.00032,0
4755.200,0.08545,-0.99902,-0.24780,1.03284,0.00263,0.00029,0
4756.697,0.08008,-1.00098,-0.24805,1.03436,0.00152,0.00024,0
4758.233,0.08276,-0.99170,-0.23755,1.02311,0.01125,0.00037,0
4759.690,0.08203,-0.99683,-0.23877,1.02830,0.00519,0.00039,0
4761.154,0.08301,-0.99731,-0.24487,1.03029,0.00199,0.00039,0
4762.609,0.07861,-0.99878,-0.23560,1.02920,0.00109,0.00038,0
4764.080,0.08154,-0.99927,-0.24072,1.03108,0.00189,0.00038,0
4765.585,0.08130,-1.00098,-0.24292,1.03323,0.00215,0.00036,0
4767.039,0.08301,-1.00439,-0.23828,1.03560,0.00237,0.00035,0
4768.496,0.08740,-0.99780,-0.24707,1.03165,0.00396,0.00036,0
4769.954,0.07764,-0.99878,-0.24731,1.03187,0.00022,0.00036,0
4771.410,0.07861,-1.00171,-0.24976,1.03536,0.00350,0.00037,0
4772.943,0.08032,-1.00342,-0.24316,1.03558,0.00022,0.00036,0
4774.559,0.08105,-0.99561,-0.24829,1.02930,0.00629,0.00040,0
4776.025,0.08008,-0.99609,-0.24292,1.02841,0.00089,0.00040,0
4777.445,0.08032,-1.00195,-0.24951,1.03567,0.00726,0.00045,0
4778.902,0.08618,-1.00464,-0.23950,1.03638,0.00071,0.00044,0
4780.359,0.08252,-1.00024,-0.23901,1.03171,0.00467,0.00041,0
4781.815,0.08325,-0.99707,-0.23901,1.02869,0.00302,0.00040,0
4783.272,0.08325,-0.99292,-0.23364,1.02343,0.00526,0.00043,0
4784.732,0.07959,-0.99536,-0.23364,1.02551,0.00208,0.00043,0
4786.210,0.08252,-0.99243,-0.24292,1.02506,0.00045,0.00043,0
4787.665,0.08447,-0.99365,-0.24585,1.02709,0.00204,0.00041,0
4789.122,0.07642,-0.99243,-0.24341,1.02470,0.00240,0.00039,0
4790.579,0.07666,-0.99341,-0.24487,1.02601,0.00131,0.00038,0
4792.043,0.08228,-0.99707,-0.24634,1.03034,0.00433,0.00039,0
4793.458,0.08032,-1.00171,-0.24731,1.03491,0.00457,0.00041,0
4794.914,0.07837,-0.99829,-0.25098,1.03234,0.00257,0.00029,0
4796.370,0.07812,-0.99731,-0.24512,1.02996,0.00237,0.00027,0
4797.827,0.08081,-0.99609,-0.24561,1.02910,0.00086,0.00026,0
4799.283,0.06958,-0.99805,-0.24146,1.02919,0.00009,0.00026,0
4800.740,0.07178,-0.99609,-0.23804,1.02665,0.00254,0.00027,0
4802.229,0.08032,-0.99365,-0.23291,1.02374,0.00291,0.00027,0
4803.686,0.08276,-0.99341,-0.23657,1.02454,0.00080,0.00026,0
4805.146,0.07422,-0.99438,-0.24341,1.02643,0.00189,0.00025,0
4806.602,0.07617,-0.99292,-0.24048,1.02446,0.00197,0.00026,0
4808.060,0.08081,-0.99390,-0.23828,1.02525,0.00079,0.00024,0
4809.556,0.08423,-0.99561,-0.23047,1.02540,0.00015,0.00024,0
4811.020,0.08472,-1.00122,-0.23828,1.03267,0.00727,0.00026,0
4812.477,0.08447,-0.99463,-0.23608,1.02575,0.00692,0.00030,0
4813.933,0.08081,-0.99121,-0.24023,1.02310,0.00264,0.00026,0
4815.421,0.08301,-1.00366,-0.23779,1.03478,0.01168,0.00040,0
4816.939,0.07788,-0.99683,-0.24048,1.02838,0.00641,0.00041,0
4818.471,0.07910,-0.99902,-0.23438,1.02919,0.00082,0.00041,0
4819.928,0.08276,-0.99756,-0.24243,1.02993,0.00073,0.00038,0
4821.384,0.08179,-0.99902,-0.23804,1.03024,0.00032,0.00037,0
4822.841,0.08350,-0.99951,-0.23535,1.03024,0.00001,0.00037,0
4824.295,0.08203,-1.00269,-0.23364,1.03281,0.00257,0.00038,0
4825.752,0.08154,-0.99902,-0.24341,1.03148,0.00133,0.00037,0
4827.209,0.08008,-0.99805,-0.24170,1.03001,0.00146,0.00037,0
4828.731,0.08032,-0.99805,-0.24121,1.02992,0.00010,0.00035,0
4830.230,0.07983,-0.99365,-0.24438,1.02637,0.00355,0.00035,0
4831.687,0.08423,-0.99902,-0.25317,1.03404,0.00767,0.00040,0
4833.161,0.07935,-0.99487,-0.24316,1.02723,0.00681,0.00044,0
4834.619,0.07886,-0.99927,-0.23999,1.03070,0.00348,0.00045,0
4836.072,0.08276,-0.99634,-0.24463,1.02926,0.00144,0.00045,0
4837.574,0.08008,-0.99683,-0.24121,1.02872,0.00055,0.00045,0
4839.032,0.08081,-0.99927,-0.23340,1.02934,0.00062,0.00044,0
4840.489,0.08081,-0.99463,-0.23706,1.02568,0.00366,0.00045,0
4841.946,0.07178,-0.99341,-0.23438,1.02320,0.00248,0.00045,0
4843.427,0.07544,-0.99658,-0.23560,1.02683,0.00362,0.00046,0
4844.962,0.07861,-1.00098,-0.23779,1.03183,0.00501,0.00049,0
4846.463,0.07861,-0.99487,-0.24365,1.02729,0.00455,0.00051,0
4847.918,0.07739,-0.99609,-0.24902,1.02966,0.00238,0.00046,0
4849.374,0.07886,-0.99243,-0.24463,1.02517,0.00449,0.00043,0
4850.832,0.07788,-0.98999,-0.23389,1.02022,0.00495,0.00045,0
4852.289,0.08301,-0.99341,-0.23755,1.02478,0.00456,0.00034,0
4853.762,0.08008,-0.99951,-0.24634,1.03253,0.00775,0.00035,0
4855.203,0.08057,-0.99609,-0.24170,1.02816,0.00437,0.00037,0
4856.706,0.08057,-0.99854,-0.24121,1.03041,0.00225,0.00038,0
4858.241,0.07910,-0.99658,-0.24365,1.02898,0.00143,0.00038,0
4859.701,0.07812,-0.99756,-0.24170,1.02939,0.00041,0.00038,0
4861.167,0.08228,-0.99561,-0.24756,1.02922,0.00018,0.00037,0
4862.625,0.08032,-0.99902,-0.23389,1.02918,0.00004,0.00037,0
4864.094,0.08008,-1.00146,-0.24658,1.03448,0.00530,0.00040,0
4865.600,0.07739,-0.99683,-0.24658,1.02978,0.00470,0.00042,0
4867.055,0.07422,-0.99048,-0.25122,1.02453,0.00525,0.00043,0
4868.511,0.08276,-0.99512,-0.24268,1.02762,0.00309,0.00038,0
4869.969,0.07959,-0.99146,-0.24512,1.02440,0.00322,0.00035,0
4871.425,0.07861,-0.99194,-0.24805,1.02550,0.00110,0.00034,0
4872.954,0.07617,-1.00122,-0.24121,1.03268,0.00718,0.00039,0
4874.573,0.08130,-1.00073,-0.24609,1.03375,0.00107,0.00039,0
4876.037,0.07349,-0.99829,-0.23853,1.02902,0.00473,0.00041,0
4877.493,0.08008,-0.99951,-0.23657,1.03024,0.00123,0.00040,0
4878.949,0.07715,-1.00146,-0.24390,1.03362,0.00338,0.00040,0
4880.406,0.07910,-1.00098,-0.24341,1.03318,0.00044,0.00039,0
4881.864,0.07202,-0.99951,-0.24194,1.03090,0.00228,0.00037,0
4883.321,0.07666,-0.99463,-0.24048,1.02615,0.00474,0.00037,0
4884.778,0.07886,-0.99829,-0.24414,1.03073,0.00458,0.00039,0
4886.238,0.07227,-0.99780,-0.23950,1.02869,0.00205,0.00037,0
4887.695,0.08130,-0.99951,-0.24438,1.03216,0.00348,0.00036,0
4889.151,0.07617,-0.99780,-0.24756,1.03087,0.00129,0.00034,0
4890.607,0.07886,-0.99658,-0.24854,1.03013,0.00074,0.00028,0
4892.064,0.08301,-0.99731,-0.23657,1.02834,0.00178,0.00026,0
4893.566,0.07959,-0.99487,-0.23730,1.02588,0.00247,0.00027,0
4895.023,0.07861,-0.99365,-0.24341,1.02605,0.00017,0.00026,0
4896.480,0.08081,-0.99097,-0.23242,1.02106,0.00499,0.00029,0
4897.932,0.07568,-0.99878,-0.23560,1.02898,0.00792,0.00035,0
4899.388,0.07739,-0.99927,-0.23657,1.02980,0.00083,0.00035,0
4900.893,0.07837,-0.99658,-0.23853,1.02772,0.00208,0.00033,0
4902.348,0.08301,-0.99341,-0.23828,1.02495,0.00277,0.00031,0
4903.805,0.08423,-0.99878,-0.25000,1.03303,0.00808,0.00035,0
4905.262,0.08301,-0.99585,-0.24292,1.02840,0.00463,0.00036,0
4906.749,0.08276,-0.99365,-0.23535,1.02449,0.00391,0.00037,0
4908.251,0.07935,-0.99365,-0.23511,1.02417,0.00033,0.00037,0
4909.709,0.08252,-0.99292,-0.24463,1.02594,0.00177,0.00032,0
4911.164,0.08057,-0.99536,-0.23657,1.02626,0.00032,0.00032,0
4912.620,0.07959,-0.99683,-0.24048,1.02851,0.00225,0.00030,0
4914.041,0.07886,-0.99731,-0.23486,1.02763,0.00088,0.00030,0
4915.498,0.07617,-0.99585,-0.24146,1.02753,0.00010,0.00029,0
4916.956,0.07544,-0.99341,-0.24097,1.02500,0.00253,0.00029,0
4918.487,0.08105,-1.00122,-0.24243,1.03334,0.00834,0.00036,0
4919.942,0.08130,-0.99438,-0.23853,1.02582,0.00752,0.00039,0
4921.398,0.08325,-0.99658,-0.24463,1.02954,0.00372,0.00039,0
4922.854,0.08154,-0.99219,-0.23999,1.02405,0.00549,0.00041,0
4924.311,0.08179,-0.99121,-0.24878,1.02522,0.00117,0.00040,0
4925.726,0.08325,-0.99878,-0.24634,1.03207,0.00685,0.00045,0
4927.246,0.08008,-0.99658,-0.24609,1.02964,0.00244,0.00045,0
4928.730,0.08521,-0.99414,-0.23389,1.02483,0.00481,0.00047,0
4930.249,0.08618,-0.99292,-0.24438,1.02618,0.00135,0.00047,0
4931.704,0.08203,-0.99487,-0.23950,1.02658,0.00040,0.00047,0
4933.171,0.07935,-0.99414,-0.24902,1.02792,0.00134,0.00044,0
4934.624,0.07739,-0.99683,-0.25073,1.03079,0.00286,0.00039,0
4936.085,0.07910,-0.99390,-0.24805,1.02743,0.00335,0.00040,0
4937.589,0.07910,-0.99756,-0.24097,1.02929,0.00186,0.00040,0
4939.051,0.07935,-0.99756,-0.23877,1.02880,0.00049,0.00039,0
4940.508,0.07886,-0.99316,-0.24829,1.02676,0.00204,0.00033,0
4941.964,0.08105,-0.99268,-0.24927,1.02670,0.00006,0.00031,0
4943.441,0.07812,-1.00122,-0.24194,1.03300,0.00630,0.00033,0
4944.973,0.08276,-1.00293,-0.24463,1.03565,0.00265,0.00034,0
4946.479,0.08325,-0.99756,-0.23584,1.02843,0.00721,0.00039,0
4947.935,0.08130,-0.99927,-0.24365,1.03175,0.00332,0.00040,0
4949.391,0.07959,-1.00024,-0.24658,1.03326,0.00151,0.00040,0
4950.849,0.08057,-1.00317,-0.23901,1.03440,0.00114,0.00040,0
4952.306,0.07935,-0.99976,-0.24536,1.03248,0.00192,0.00040,0
4953.771,0.08228,-0.99707,-0.24463,1.02993,0.00254,0.00040,0
4955.230,0.07715,-0.99609,-0.24097,1.02773,0.00221,0.00034,0
4956.722,0.07666,-0.99536,-0.23438,1.02545,0.00227,0.00029,0
4958.254,0.08008,-1.00024,-0.23291,1.03012,0.00467,0.00029,0
4959.710,0.07861,-0.99731,-0.24268,1.02942,0.00070,0.00026,0
4961.181,0.08032,-0.99976,-0.23560,1.03028,0.00086,0.00026,0
4962.639,0.07812,-0.99878,-0.23096,1.02811,0.00217,0.00022,0
4964.122,0.08130,-0.99194,-0.23291,1.02216,0.00595,0.00025,0
4965.612,0.07886,-0.99463,-0.24219,1.02672,0.00456,0.00025,0
4967.070,0.08325,-0.99536,-0.24487,1.02842,0.00169,0.00025,0
4968.526,0.07544,-0.99463,-0.23364,1.02448,0.00393,0.00026,0
4969.983,0.07324,-0.99707,-0.23291,1.02653,0.00204,0.00027,0
4971.439,0.08008,-0.99658,-0.23877,1.02791,0.00138,0.00026,0
4972.968,0.08374,-0.99316,-0.23438,1.02387,0.00404,0.00027,0
4974.581,0.08276,-0.99585,-0.24561,1.02902,0.00515,0.00029,0
4976.061,0.08350,-1.00073,-0.24438,1.03352,0.00450,0.00031,0
4977.515,0.08301,-1.00098,-0.24219,1.03320,0.00032,0.00030,0
4978.972,0.08081,-1.00098,-0.24414,1.03348,0.00029,0.00031,0
4980.428,0.07617,-0.99829,-0.23657,1.02876,0.00472,0.00029,0
4981.885,0.08276,-0.99927,-0.23267,1.02933,0.00057,0.00028,0
4983.323,0.08179,-0.99536,-0.24219,1.02766,0.00167,0.00023,0
4984.780,0.08350,-0.99048,-0.23389,1.02114,0.00652,0.00026,0
4986.237,0.08325,-0.99365,-0.25220,1.02853,0.00739,0.00032,0
4987.693,0.07544,-0.99878,-0.23560,1.02896,0.00043,0.00031,0
4989.149,0.07959,-0.99463,-0.23804,1.02581,0.00315,0.00032,0
4990.606,0.08057,-0.99365,-0.23804,1.02494,0.00087,0.00032,0
4992.067,0.08398,-0.99365,-0.23584,1.02470,0.00023,0.00031,0
4993.579,0.07690,-0.99512,-0.24976,1.02886,0.00415,0.00032,0
4995.003,0.08252,-0.99536,-0.24487,1.02836,0.00050,0.00030,0
4996.455,0.07837,-0.99878,-0.24487,1.03134,0.00299,0.00031,0
4997.909,0.08154,-0.99976,-0.23608,1.03048,0.00086,0.00031,0
4999.372,0.08105,-1.00049,-0.23877,1.03177,0.00129,0.00031,0
5000.830,0.07935,-0.99609,-0.23462,1.02642,0.00535,0.00030,0
5002.286,0.07788,-0.99756,-0.23755,1.02841,0.00198,0.00028,0
5003.742,0.07642,-1.00049,-0.24707,1.03337,0.00497,0.00030,0
5005.199,0.08350,-0.99585,-0.24878,1.02984,0.00353,0.00030,0
5006.657,0.08374,-0.99414,-0.24292,1.02681,0.00303,0.00031,0
5008.112,0.08325,-0.99585,-0.24634,1.02924,0.00243,0.00031,0
5009.583,0.08545,-0.99438,-0.24023,1.02655,0.00268,0.00030,0
5011.037,0.08643,-0.99927,-0.24194,1.03177,0.00521,0.00030,0
5012.493,0.07935,-0.99878,-0.24585,1.03165,0.00012,0.00028,0
5013.950,0.07837,-0.99463,-0.24634,1.02767,0.00398,0.00030,0
5015.410,0.08203,-0.99658,-0.24829,1.03032,0.00264,0.00030,0
5016.963,0.08179,-0.99438,-0.23975,1.02614,0.00417,0.00030,0
5018.497,0.08203,-0.99683,-0.23975,1.02853,0.00239,0.00030,0
5019.952,0.07593,-0.99927,-0.23511,1.02936,0.00083,0.00030,0
5021.408,0.07788,-0.99878,-0.23535,1.02908,0.00027,0.00026,0
5022.864,0.08130,-0.99780,-0.23779,1.02896,0.00012,0.00021,0
5024.320,0.07910,-0.99512,-0.23193,1.02485,0.00412,0.00022,0
5025.934,0.08081,-0.99512,-0.24219,1.02735,0.00250,0.00022,0
5027.396,0.07886,-0.99634,-0.24561,1.02919,0.00184,0.00022,0
5028.854,0.07837,-0.99316,-0.25000,1.02714,0.00205,0.00023,0
5030.370,0.07983,-0.99438,-0.24243,1.02662,0.00052,0.00021,0
5031.827,0.08325,-0.99951,-0.24023,1.03134,0.00472,0.00023,0
5033.283,0.08423,-0.99854,-0.23364,1.02896,0.00238,0.00023,0
5034.739,0.08374,-1.00391,-0.22827,1.03293,0.00397,0.00024,0
5036.245,0.07983,-0.99341,-0.24341,1.02590,0.00703,0.00029,0
5037.698,0.08350,-0.99048,-0.24561,1.02389,0.00202,0.00027,0
5039.153,0.08374,-0.99927,-0.24170,1.03149,0.00760,0.00032,0
5040.609,0.08105,-0.99316,-0.23340,1.02344,0.00805,0.00036,0
5042.066,0.07812,-0.99561,-0.24219,1.02761,0.00418,0.00036,0
5043.521,0.07861,-0.99512,-0.24292,1.02735,0.00026,0.00036,0
5044.993,0.08105,-0.99805,-0.24707,1.03136,0.00401,0.00037,0
5046.491,0.08398,-0.99487,-0.24097,1.02708,0.00428,0.00038,0
5047.946,0.08423,-0.99072,-0.24072,1.02302,0.00406,0.00037,0
5049.405,0.07886,-0.99487,-0.24121,1.02673,0.00371,0.00038,0
5050.861,0.07642,-0.99634,-0.24390,1.02860,0.00187,0.00037,0
5052.318,0.07812,-0.99463,-0.24170,1.02655,0.00205,0.00036,0
5053.908,0.07495,-0.99146,-0.24487,1.02399,0.00256,0.00035,0
5055.367,0.07715,-0.99438,-0.24243,1.02641,0.00242,0.00035,0
5056.914,0.07446,-0.99707,-0.24146,1.02859,0.00217,0.00036,0
5058.371,0.07715,-1.00171,-0.23633,1.03210,0.00351,0.00037,0
5059.824,0.08154,-0.99902,-0.24390,1.03159,0.00050,0.00037,0
5061.276,0.08301,-0.99585,-0.24023,1.02777,0.00382,0.00037,0
5062.765,0.07739,-0.99731,-0.23828,1.02830,0.00053,0.00036,0
5064.268,0.08545,-0.99585,-0.24438,1.02895,0.00065,0.00036,0
5065.724,0.07788,-0.99707,-0.23950,1.02839,0.00057,0.00036,0
5067.181,0.08203,-0.99731,-0.23071,1.02693,0.00145,0.00036,0
5068.640,0.07544,-0.99878,-0.23584,1.02901,0.00208,0.00034,0
5070.096,0.07642,-0.99878,-0.24268,1.03068,0.00166,0.00034,0
5071.554,0.07812,-0.99390,-0.23779,1.02493,0.00575,0.00035,0
5073.010,0.08301,-0.99707,-0.24731,1.03063,0.00570,0.00034,0
5074.601,0.07593,-0.99609,-0.25024,1.02985,0.00078,0.00033,0
5076.064,0.08350,-0.99487,-0.24048,1.02692,0.00292,0.00028,0
5077.520,0.07812,-0.99463,-0.24609,1.02760,0.00067,0.00022,0
5078.977,0.07886,-0.99658,-0.24707,1.02978,0.00218,0.00021,0
5080.420,0.07935,-1.00000,-0.24390,1.03237,0.00259,0.00021,0
5081.876,0.08447,-0.99292,-0.24829,1.02697,0.00539,0.00023,0
5083.332,0.08228,-0.99829,-0.24878,1.03211,0.00513,0.00023,0
5084.789,0.07837,-0.99658,-0.24170,1.02846,0.00364,0.00023,0
5086.246,0.07837,-0.99072,-0.24194,1.02284,0.00562,0.00025,0
5087.703,0.08203,-0.99561,-0.24463,1.02850,0.00565,0.00028,0
5089.162,0.08081,-0.99805,-0.24243,1.03024,0.00175,0.00028,0
5090.619,0.07788,-0.99854,-0.24365,1.03078,0.00054,0.00027,0
5092.079,0.07837,-1.00220,-0.24878,1.03558,0.00480,0.00029,0
5093.591,0.07739,-1.00122,-0.24658,1.03404,0.00154,0.00029,0
5095.059,0.07983,-0.99683,-0.24707,1.03009,0.00395,0.00029,0
5096.517,0.08203,-0.99951,-0.24561,1.03251,0.00242,0.00029,0
5097.973,0.08667,-0.99658,-0.23364,1.02727,0.00524,0.00031,0
5099.429,0.07910,-0.99512,-0.24146,1.02704,0.00022,0.00031,0
5100.951,0.07593,-0.98828,-0.25049,1.02235,0.00469,0.00033,0
5102.486,0.08472,-0.99219,-0.24707,1.02599,0.00364,0.00034,0
5103.941,0.08374,-0.99365,-0.25000,1.02804,0.00205,0.00034,0
5105.398,0.08545,-0.99048,-0.24683,1.02434,0.00370,0.00035,0
5106.859,0.07910,-1.00024,-0.24829,1.03363,0.00929,0.00044,0
5108.318,0.08105,-0.99609,-0.24023,1.02785,0.00578,0.00044,0
5109.776,0.08496,-0.99634,-0.23438,1.02705,0.00080,0.00040,0
5111.233,0.08301,-0.99756,-0.23950,1.02926,0.00221,0.00041,0
5112.736,0.08105,-0.99561,-0.24414,1.02830,0.00096,0.00040,0
5114.255,0.08569,-0.99756,-0.23926,1.02942,0.00112,0.00040,0
5115.711,0.08423,-0.99609,-0.23853,1.02771,0.00171,0.00040,0
5117.187,0.08252,-0.99219,-0.24023,1.02419,0.00353,0.00041,0
5118.666,0.07739,-0.99365,-0.24976,1.02748,0.00329,0.00039,0
5120.122,0.07837,-0.98975,-0.24536,1.02271,0.00477,0.00038,0
5121.619,0.07690,-0.98755,-0.23462,1.01795,0.00477,0.00039,0
5123.034,0.07471,-0.99927,-0.24683,1.03201,0.01406,0.00056,0
5124.546,0.07959,-0.99512,-0.24829,1.02871,0.00330,0.00054,0
5126.007,0.07593,-0.99854,-0.24072,1.02994,0.00124,0.00054,0
5127.466,0.07593,-0.99585,-0.23999,1.02717,0.00277,0.00054,0
5128.993,0.07861,-0.99658,-0.24292,1.02877,0.00160,0.00052,0
5130.500,0.08008,-0.99561,-0.24292,1.02794,0.00083,0.00052,0
5131.956,0.07690,-0.99268,-0.24243,1.02474,0.00320,0.00052,0
5133.412,0.07983,-0.99512,-0.24341,1.02756,0.00282,0.00052,0
5134.868,0.07544,-0.99365,-0.23682,1.02426,0.00330,0.00050,0
5136.324,0.08154,-0.99902,-0.23511,1.02955,0.00529,0.00053,0
5137.782,0.08374,-1.00000,-0.23975,1.03174,0.00219,0.00051,0
5139.237,0.08057,-1.00024,-0.24341,1.03258,0.00084,0.00050,0
5140.761,0.08325,-1.00098,-0.24731,1.03443,0.00185,0.00050,0
5142.271,0.08105,-0.99805,-0.24512,1.03090,0.00353,0.00050,0
5143.728,0.07959,-0.99585,-0.23975,1.02739,0.00351,0.00042,0
5145.214,0.08301,-0.99585,-0.24927,1.02992,0.00253,0.00040,0
5146.674,0.08350,-0.98926,-0.23950,1.02126,0.00867,0.00047,0
5148.131,0.08032,-0.99365,-0.24048,1.02549,0.00423,0.00049,0
5149.613,0.08252,-1.00049,-0.24902,1.03431,0.00882,0.00056,0
5151.070,0.08008,-0.99609,-0.24243,1.02829,0.00602,0.00060,0
5152.526,0.07837,-0.99902,-0.24463,1.03152,0.00323,0.00060,0
5153.960,0.08203,-1.00366,-0.24268,1.03584,0.00432,0.00061,0
5155.420,0.08228,-0.99658,-0.24390,1.02929,0.00655,0.00064,0
5156.933,0.08423,-0.99854,-0.24438,1.03145,0.00216,0.00062,0
5158.393,0.07715,-0.99585,-0.23975,1.02720,0.00425,0.00062,0
5159.849,0.08154,-1.00122,-0.23779,1.03230,0.00509,0.00045,0
5161.304,0.07910,-0.99634,-0.24072,1.02805,0.00424,0.00046,0
5162.786,0.08252,-0.99683,-0.24414,1.02960,0.00155,0.00046,0
5164.276,0.07739,-0.99219,-0.24609,1.02518,0.00442,0.00047,0
5165.722,0.08350,-0.99609,-0.23535,1.02692,0.00174,0.00047,0
5167.178,0.08545,-1.00220,-0.23511,1.03295,0.00603,0.00050,0
5168.634,0.07886,-1.00171,-0.25293,1.03615,0.00321,0.00050,0
5170.091,0.08228,-0.99805,-0.23877,1.02950,0.00665,0.00054,0
5171.546,0.07861,-0.99390,-0.24365,1.02634,0.00316,0.00054,0
5173.003,0.07568,-0.99341,-0.24146,1.02513,0.00121,0.00051,0
5174.612,0.07324,-0.99536,-0.24194,1.02696,0.00183,0.00051,0
5176.077,0.07690,-0.99878,-0.24487,1.03123,0.00427,0.00053,0
5177.530,0.07153,-0.99292,-0.23511,1.02288,0.00835,0.00060,0
5178.986,0.07837,-0.99756,-0.24048,1.02912,0.00624,0.00062,0
5180.444,0.07959,-1.00122,-0.23462,1.03142,0.00229,0.00061,0
5181.898,0.08228,-1.00024,-0.23291,1.03029,0.00112,0.00061,0
5183.354,0.08130,-0.99634,-0.23779,1.02754,0.00275,0.00054,0
5184.815,0.07739,-0.99756,-0.24463,1.03003,0.00248,0.00053,0
5186.271,0.08423,-0.98901,-0.24341,1.02200,0.00802,0.00052,0
5187.728,0.07837,-0.99316,-0.24658,1.02631,0.00431,0.00050,0
5189.183,0.07837,-0.99219,-0.24170,1.02421,0.00211,0.00049,0
5190.640,0.07764,-0.99438,-0.24097,1.02611,0.00190,0.00048,0
5192.127,0.07544,-0.99390,-0.24414,1.02622,0.00011,0.00044,0
5193.607,0.08105,-0.99756,-0.23291,1.02759,0.00137,0.00043,0
5195.064,0.07739,-0.99536,-0.23535,1.02573,0.00186,0.00042,0
5196.506,0.07812,-0.99292,-0.24243,1.02507,0.00066,0.00039,0
5197.962,0.07397,-0.99731,-0.24316,1.02919,0.00412,0.00039,0
5199.419,0.07764,-0.99536,-0.24487,1.02798,0.00122,0.00039,0
5200.951,0.08252,-0.99561,-0.24414,1.02842,0.00044,0.00037,0
5202.408,0.07812,-1.00122,-0.24243,1.03311,0.00469,0.00039,0
5203.864,0.07861,-0.99780,-0.23682,1.02853,0.00458,0.00038,0
5205.315,0.07642,-0.99756,-0.24048,1.02898,0.00045,0.00036,0
5206.794,0.07861,-0.99658,-0.23682,1.02735,0.00163,0.00032,0
5208.290,0.08179,-0.99658,-0.23999,1.02833,0.00098,0.00031,0
5209.747,0.08057,-1.00000,-0.24268,1.03217,0.00384,0.00033,0
5211.204,0.08252,-0.99805,-0.24854,1.03183,0.00034,0.00032,0
5212.660,0.08105,-0.99658,-0.24438,1.02931,0.00253,0.00031,0
5214.117,0.07837,-0.99609,-0.24268,1.02822,0.00109,0.00024,0
5215.577,0.08057,-0.99536,-0.24292,1.02774,0.00048,0.00021,0
5217.034,0.07935,-0.99609,-0.24170,1.02806,0.00033,0.00020,0
5218.531,0.08105,-0.99463,-0.23975,1.02632,0.00174,0.00020,0
5219.986,0.07983,-0.99731,-0.23633,1.02804,0.00172,0.00020,0
5221.447,0.07666,-0.99878,-0.24146,1.03041,0.00237,0.00020,0
5222.972,0.07617,-0.99536,-0.24512,1.02792,0.00248,0.00014,0
5224.429,0.08398,-0.99707,-0.24463,1.03007,0.00215,0.00012,0
5225.886,0.08081,-0.99438,-0.24463,1.02722,0.00285,0.00013,0
5227.326,0.08032,-0.99170,-0.23608,1.02257,0.00464,0.00015,0
5228.784,0.08228,-0.99805,-0.23877,1.02950,0.00693,0.00019,0
5230.379,0.07812,-1.00098,-0.24194,1.03276,0.00326,0.00020,0
5231.838,0.07959,-0.99561,-0.24194,1.02767,0.00509,0.00023,0
5233.294,0.08398,-0.99512,-0.24219,1.02760,0.00007,0.00022,0
5234.752,0.08472,-0.99341,-0.24219,1.02601,0.00159,0.00021,0
5236.269,0.07471,-0.99756,-0.24902,1.03088,0.00487,0.00023,0
5237.727,0.07983,-0.99585,-0.24170,1.02787,0.00302,0.00024,0
5239.144,0.07837,-1.00146,-0.23682,1.03206,0.00420,0.00024,0
5240.599,0.07837,-0.99927,-0.23535,1.02960,0.00247,0.00022,0
5242.055,0.08203,-0.99146,-0.24341,1.02419,0.00541,0.00025,0
5243.511,0.07935,-0.99854,-0.23608,1.02913,0.00494,0.00027,0
5245.012,0.08203,-1.00049,-0.23413,1.03079,0.00166,0.00027,0
5246.518,0.07642,-0.99756,-0.24756,1.03065,0.00013,0.00026,0
5247.973,0.07935,-0.99780,-0.24658,1.03088,0.00022,0.00026,0
5249.428,0.08130,-0.99512,-0.24121,1.02716,0.00372,0.00027,0
5250.884,0.07983,-0.99634,-0.24487,1.02909,0.00193,0.00027,0
5252.340,0.07617,-1.00098,-0.24268,1.03279,0.00370,0.00028,0
5253.802,0.07520,-0.99976,-0.25049,1.03340,0.00061,0.00028,0
5255.259,0.07666,-1.00024,-0.24854,1.03351,0.00011,0.00028,0
5256.765,0.08179,-1.00098,-0.24902,1.03472,0.00122,0.00028,0
5258.295,0.07251,-0.99536,-0.24023,1.02651,0.00822,0.00034,0
5259.751,0.07788,-0.99780,-0.23706,1.02853,0.00202,0.00034,0
5261.216,0.08643,-1.00000,-0.23730,1.03140,0.00287,0.00034,0
5262.683,0.08521,-0.99609,-0.23462,1.02689,0.00451,0.00036,0
5264.148,0.08472,-1.00000,-0.23901,1.03165,0.00476,0.00036,0
5265.653,0.08130,-1.00098,-0.23828,1.03215,0.00050,0.00031,0
5267.107,0.08496,-0.99194,-0.24316,1.02484,0.00731,0.00035,0
5268.564,0.08008,-0.99170,-0.24731,1.02520,0.00036,0.00033,0
5270.024,0.07666,-0.99634,-0.23608,1.02679,0.00159,0.00033,0
5271.480,0.08325,-0.99121,-0.23511,1.02211,0.00468,0.00035,0
5273.007,0.08472,-1.00049,-0.23779,1.03184,0.00973,0.00042,0
5274.555,0.08130,-0.99731,-0.24487,1.03015,0.00169,0.00041,0
5276.081,0.08032,-0.99780,-0.23926,1.02923,0.00092,0.00040,0
5277.537,0.07886,-0.99731,-0.24170,1.02921,0.00002,0.00039,0
5278.994,0.08105,-0.99341,-0.25220,1.02812,0.00109,0.00036,0
5280.451,0.08252,-0.99512,-0.25024,1.02941,0.00129,0.00034,0
5281.907,0.07715,-1.00293,-0.24463,1.03521,0.00580,0.00037,0
5283.363,0.07617,-0.99097,-0.24365,1.02332,0.01189,0.00051,0
5284.819,0.07690,-0.99707,-0.24487,1.02958,0.00626,0.00055,0
5286.278,0.07935,-0.99683,-0.24414,1.02935,0.00023,0.00054,0
5287.736,0.07617,-0.99512,-0.23828,1.02608,0.00327,0.00054,0
5289.192,0.08276,-0.99121,-0.24316,1.02395,0.00213,0.00053,0
5290.651,0.08032,-0.98901,-0.23877,1.02059,0.00336,0.00054,0
5292.108,0.08008,-0.99780,-0.24829,1.03134,0.01075,0.00066,0
5293.618,0.08105,-0.99854,-0.24292,1.03085,0.00049,0.00066,0
5295.071,0.08057,-1.00000,-0.23633,1.03070,0.00015,0.00059,0
5296.524,0.07568,-0.99536,-0.24780,1.02853,0.00217,0.00059,0
5297.975,0.07886,-0.98877,-0.23877,1.02024,0.00829,0.00065,0
5299.432,0.07886,-0.99438,-0.23950,1.02586,0.00561,0.00066,0
5300.975,0.07837,-0.99536,-0.23657,1.02609,0.00023,0.00064,0
5302.508,0.07812,-1.00391,-0.23169,1.03325,0.00717,0.00069,0
5303.972,0.08276,-0.99634,-0.24902,1.03032,0.00294,0.00065,0
5305.433,0.08228,-0.99194,-0.25098,1.02650,0.00381,0.00066,0
5306.889,0.07910,-0.99365,-0.24268,1.02591,0.00059,0.00066,0
5308.347,0.08350,-0.99829,-0.24097,1.03035,0.00444,0.00066,0
5309.802,0.08350,-1.00146,-0.24219,1.03371,0.00336,0.00057,0
5311.259,0.08252,-0.99414,-0.23730,1.02540,0.00831,0.00064,0
5313.192,0.07861,-0.99438,-0.23120,1.02393,0.00147,0.00064,0
5314.687,0.07910,-1.00195,-0.24023,1.03338,0.00945,0.00073,0
5316.806,0.07959,-0.99707,-0.24097,1.02886,0.00452,0.00075,0
5318.305,0.07910,-0.99390,-0.23511,1.02438,0.00447,0.00077,0
5319.768,0.08008,-0.99854,-0.23828,1.02969,0.00531,0.00076,0
5321.228,0.07788,-0.99854,-0.24194,1.03038,0.00069,0.00062,0
5323.175,0.08081,-0.99902,-0.23975,1.03056,0.00019,0.00058,0
5324.633,0.07886,-0.99707,-0.23950,1.02846,0.00210,0.00059,0
5326.091,0.08008,-0.99707,-0.24609,1.03011,0.00165,0.00058,0
5327.549,0.08008,-0.98877,-0.25610,1.02453,0.00558,0.00061,0
5329.002,0.07788,-0.99390,-0.23877,1.02514,0.00060,0.00060,0
5330.456,0.07568,-0.99438,-0.24072,1.02590,0.00077,0.00048,0
5331.908,0.07471,-0.99438,-0.24390,1.02658,0.00068,0.00048,0
5333.362,0.07739,-0.98804,-0.24585,1.02110,0.00548,0.00051,0
5334.821,0.08081,-0.99756,-0.24438,1.03023,0.00913,0.00059,0
5336.282,0.08301,-0.99585,-0.23657,1.02692,0.00331,0.00053,0
5337.737,0.07764,-0.99487,-0.24756,1.02815,0.00122,0.00050,0
5339.189,0.07935,-0.99390,-0.24902,1.02769,0.00046,0.00050,0
5340.643,0.08105,-0.99585,-0.24683,1.02918,0.00149,0.00045,0
5342.096,0.08618,-1.00171,-0.24048,1.03377,0.00459,0.00046,0
5343.551,0.08203,-0.99780,-0.24023,1.02959,0.00418,0.00047,0
5345.014,0.07617,-0.99585,-0.24170,1.02759,0.00200,0.00047,0
5346.478,0.07642,-0.99536,-0.24756,1.02853,0.00094,0.00045,0
5347.935,0.07690,-0.99243,-0.24341,1.02474,0.00379,0.00046,0
5349.393,0.07886,-0.99536,-0.24097,1.02715,0.00241,0.00039,0
5350.851,0.07690,-0.99365,-0.24170,1.02551,0.00163,0.00039,0
5352.308,0.08105,-0.99512,-0.25488,1.03043,0.00492,0.00033,0
5353.766,0.08105,-0.99438,-0.23877,1.02586,0.00458,0.00033,0
5355.223,0.07861,-0.99487,-0.24536,1.02769,0.00184,0.00031,0
5356.681,0.08130,-0.99658,-0.23755,1.02772,0.00003,0.00028,0
5358.142,0.07812,-0.99170,-0.24097,1.02354,0.00418,0.00030,0
5359.600,0.08105,-0.99390,-0.24683,1.02729,0.00375,0.00031,0
5361.058,0.07251,-0.99316,-0.24268,1.02495,0.00234,0.00032,0
5362.515,0.07886,-0.99121,-0.24048,1.02301,0.00194,0.00032,0
5363.971,0.07861,-0.99341,-0.23071,1.02287,0.00014,0.00029,0
5365.429,0.08301,-1.00024,-0.23218,1.03019,0.00731,0.00034,0
5366.886,0.08325,-0.99243,-0.24536,1.02570,0.00449,0.00036,0
5368.348,0.08032,-0.99414,-0.24219,1.02636,0.00067,0.00036,0
5369.809,0.07861,-0.99658,-0.23560,1.02706,0.00070,0.00033,0
5371.266,0.08032,-0.99438,-0.23071,1.02395,0.00311,0.00025,0
5372.744,0.08374,-0.99780,-0.24048,1.02978,0.00583,0.00028,0
5374.201,0.08472,-0.99756,-0.23999,1.02951,0.00027,0.00028,0
5375.661,0.07935,-0.99194,-0.24341,1.02445,0.00506,0.00030,0
5377.120,0.08154,-0.99341,-0.25146,1.02798,0.00353,0.00031,0
5378.577,0.08276,-0.99829,-0.23535,1.02899,0.00101,0.00029,0
5380.038,0.08301,-0.99731,-0.23975,1.02908,0.00009,0.00027,0
5382.080,0.07910,-0.99097,-0.23755,1.02211,0.00697,0.00032,0
5383.573,0.08325,-0.99487,-0.24292,1.02748,0.00537,0.00035,0
5385.039,0.08203,-0.99731,-0.23657,1.02827,0.00079,0.00033,0
5386.497,0.07788,-0.99487,-0.23804,1.02591,0.00235,0.00033,0
5387.954,0.07349,-0.99414,-0.23950,1.02522,0.00069,0.00033,0
5389.396,0.07739,-0.99609,-0.24023,1.02757,0.00235,0.00031,0
5390.853,0.08667,-1.00073,-0.24390,1.03366,0.00609,0.00033,0
5392.308,0.08105,-0.99683,-0.23584,1.02755,0.00612,0.00036,0
5393.760,0.07910,-0.99805,-0.24634,1.03104,0.00349,0.00037,0
5395.214,0.08276,-0.99536,-0.23877,1.02694,0.00410,0.00037,0
5396.673,0.07593,-0.99170,-0.24365,1.02401,0.00293,0.00037,0
5398.130,0.08032,-0.99512,-0.24683,1.02841,0.00440,0.00038,0
5399.589,0.07788,-0.99805,-0.24438,1.03048,0.00207,0.00038,0
5401.051,0.07886,-0.99512,-0.24170,1.02708,0.00340,0.00039,0
5402.508,0.07471,-0.99487,-0.24121,1.02642,0.00066,0.00034,0
5403.966,0.07837,-0.99365,-0.24805,1.02714,0.00072,0.00032,0
5405.422,0.08691,-1.00220,-0.25000,1.03656,0.00942,0.00041,0
5406.880,0.08301,-0.99805,-0.23926,1.02968,0.00688,0.00046,0
5408.379,0.07935,-0.99756,-0.23584,1.02812,0.00155,0.00045,0
5409.879,0.07642,-1.00073,-0.23730,1.03132,0.00319,0.00043,0
5411.345,0.08154,-0.99585,-0.23779,1.02709,0.00423,0.00044,0
5412.778,0.07886,-0.99902,-0.24121,1.03075,0.00366,0.00043,0
5414.254,0.08350,-0.99561,-0.24390,1.02844,0.00231,0.00042,0
5415.710,0.07812,-1.00122,-0.24292,1.03323,0.00479,0.00045,0
5417.163,0.08105,-0.99609,-0.24390,1.02872,0.00451,0.00047,0
5418.617,0.07764,-0.99976,-0.24683,1.03270,0.00398,0.00043,0
5420.075,0.07568,-0.99487,-0.24609,1.02765,0.00505,0.00043,0
5421.533,0.08667,-1.00049,-0.24756,1.03430,0.00665,0.00047,0
5423.068,0.07959,-0.99243,-0.24731,1.02587,0.00842,0.00054,0
5424.522,0.07886,-0.99634,-0.24341,1.02867,0.00279,0.00055,0
5425.976,0.08228,-0.99634,-0.24341,1.02893,0.00027,0.00054,0
5427.433,0.07812,-0.99878,-0.24341,1.03098,0.00204,0.00051,0
5428.893,0.07788,-0.99097,-0.24609,1.02403,0.00694,0.00052,0
5430.351,0.07544,-0.99731,-0.23877,1.02827,0.00424,0.00052,0
5431.814,0.07959,-0.99316,-0.24072,1.02502,0.00325,0.00052,0
5433.272,0.08301,-0.99316,-0.23901,1.02489,0.00013,0.00051,0
5434.731,0.08154,-0.99121,-0.25024,1.02556,0.00067,0.00049,0
5436.330,0.08105,-0.99219,-0.24487,1.02517,0.00039,0.00049,0
5437.822,0.07959,-0.99365,-0.24976,1.02765,0.00248,0.00048,0
5439.284,0.08496,-0.99609,-0.23608,1.02721,0.00044,0.00048,0
5440.753,0.07666,-0.99390,-0.23975,1.02527,0.00194,0.00048,0
5442.210,0.07837,-0.99780,-0.23633,1.02840,0.00313,0.00041,0
5443.663,0.07471,-0.99609,-0.24634,1.02882,0.00042,0.00036,0
5445.116,0.07812,-0.99438,-0.23926,1.02574,0.00307,0.00037,0
5446.569,0.08423,-1.00244,-0.23633,1.03336,0.00762,0.00041,0
5448.024,0.08008,-0.99951,-0.23901,1.03081,0.00255,0.00040,0
5449.481,0.07959,-0.99829,-0.24072,1.02998,0.00082,0.00039,0
5450.942,0.07886,-0.99634,-0.24023,1.02792,0.00206,0.00039,0
5452.399,0.08569,-0.99683,-0.24487,1.03003,0.00211,0.00037,0
5453.857,0.08081,-0.99585,-0.24438,1.02858,0.00146,0.00035,0
5455.326,0.07715,-0.99634,-0.24121,1.02802,0.00056,0.00034,0
5456.785,0.07910,-1.00073,-0.23389,1.03074,0.00272,0.00032,0
5458.242,0.08301,-0.99878,-0.24048,1.03067,0.00007,0.00027,0
5459.700,0.07861,-0.99878,-0.25171,1.03300,0.00233,0.00021,0
5461.158,0.08105,-0.99756,-0.24316,1.02996,0.00304,0.00021,0
5462.675,0.07227,-0.99878,-0.24707,1.03142,0.00146,0.00021,0
5464.223,0.07861,-0.99683,-0.23877,1.02803,0.00339,0.00022,0
5465.787,0.08057,-0.99561,-0.23853,1.02694,0.00109,0.00017,0
5467.311,0.07788,-0.99609,-0.24316,1.02830,0.00135,0.00016,0
5468.801,0.07471,-1.00293,-0.24170,1.03434,0.00605,0.00018,0
5470.280,0.08447,-0.99292,-0.24365,1.02586,0.00848,0.00025,0
5471.818,0.08350,-0.99829,-0.24390,1.03104,0.00518,0.00028,0
5473.326,0.08081,-0.99097,-0.23804,1.02235,0.00869,0.00036,0
5474.871,0.07642,-0.99316,-0.24097,1.02483,0.00248,0.00036,0
5476.359,0.08032,-0.99561,-0.23779,1.02676,0.00192,0.00036,0
5477.844,0.08057,-0.99463,-0.24072,1.02651,0.00024,0.00036,0
5479.417,0.07764,-0.99683,-0.22900,1.02574,0.00078,0.00035,0
5480.902,0.07666,-0.99756,-0.23364,1.02742,0.00168,0.00035,0
5482.401,0.07935,-0.99927,-0.23706,1.03006,0.00264,0.00035,0
5483.856,0.08154,-0.99634,-0.23853,1.02773,0.00233,0.00029,0
5485.313,0.08179,-0.99390,-0.24390,1.02665,0.00108,0.00029,0
5486.769,0.07642,-0.99878,-0.23779,1.02954,0.00289,0.00030,0
5488.232,0.08179,-0.99585,-0.24341,1.02842,0.00111,0.00029,0
5489.711,0.07935,-0.99487,-0.24194,1.02694,0.00148,0.00029,0
5491.189,0.07520,-0.99194,-0.23804,1.02287,0.00407,0.00031,0
5492.659,0.07642,-0.99316,-0.23828,1.02420,0.00133,0.00031,0
5494.122,0.08398,-0.99658,-0.24438,1.02954,0.00534,0.00033,0
5495.613,0.08350,-0.99512,-0.24561,1.02837,0.00117,0.00033,0
5497.248,0.08521,-1.00171,-0.25024,1.03600,0.00763,0.00038,0
5498.723,0.08057,-0.99268,-0.24146,1.02479,0.01121,0.00050,0
5500.189,0.08008,-0.99585,-0.24170,1.02788,0.00309,0.00051,0
5502.165,0.07935,-0.98804,-0.24243,1.02043,0.00745,0.00055,0
5503.689,0.07959,-0.99512,-0.24048,1.02685,0.00642,0.00059,0
5505.152,0.08228,-1.00439,-0.23877,1.03566,0.00881,0.00067,0
5506.736,0.07471,-0.99609,-0.24561,1.02864,0.00702,0.00068,0
5508.195,0.07495,-0.99561,-0.23657,1.02607,0.00258,0.00061,0
5509.661,0.08008,-0.99731,-0.24927,1.03111,0.00504,0.00061,0
5511.116,0.07495,-0.99561,-0.25269,1.02990,0.00121,0.00054,0
5512.579,0.07617,-0.99536,-0.24707,1.02839,0.00151,0.00053,0
5514.040,0.07837,-0.99902,-0.23999,1.03043,0.00204,0.00053,0
5515.522,0.07642,-1.00000,-0.23877,1.03095,0.00052,0.00053,0
5517.074,0.07886,-0.99902,-0.24292,1.03115,0.00021,0.00053,0
5518.581,0.08203,-0.99609,-0.23633,1.02703,0.00413,0.00055,0
5520.044,0.08350,-0.99341,-0.24829,1.02737,0.00034,0.00054,0
5521.505,0.08374,-0.99268,-0.23608,1.02379,0.00357,0.00055,0
5523.198,0.08521,-0.99976,-0.24194,1.03214,0.00834,0.00062,0
5524.655,0.08008,-1.00244,-0.24097,1.03410,0.00196,0.00061,0
5526.112,0.07642,-1.00220,-0.23755,1.03280,0.00131,0.00061,0
5527.570,0.07886,-0.99561,-0.22852,1.02453,0.00826,0.00068,0
5529.049,0.08105,-0.99756,-0.24072,1.02939,0.00486,0.00069,0
5530.597,0.08203,-0.99829,-0.24194,1.03046,0.00107,0.00069,0
5532.048,0.08130,-0.99731,-0.23950,1.02889,0.00158,0.00066,0
5533.587,0.08057,-0.99316,-0.23853,1.02458,0.00431,0.00068,0
5535.044,0.08252,-0.99268,-0.23730,1.02398,0.00060,0.00062,0
5536.501,0.07739,-0.99170,-0.23560,1.02223,0.00174,0.00050,0
5537.959,0.07910,-0.99951,-0.23853,1.03062,0.00838,0.00056,0
5539.414,0.08081,-0.99878,-0.23706,1.02970,0.00092,0.00050,0
5540.872,0.07959,-0.99976,-0.24707,1.03290,0.00320,0.00047,0
5542.342,0.08252,-0.99756,-0.24341,1.03014,0.00277,0.00040,0
5543.797,0.08276,-0.99463,-0.23828,1.02612,0.00402,0.00037,0
5545.267,0.08423,-0.99341,-0.23877,1.02517,0.00095,0.00036,0
5546.726,0.08032,-0.99316,-0.24414,1.02588,0.00071,0.00034,0
5548.183,0.08057,-1.00000,-0.24243,1.03212,0.00624,0.00037,0
5549.678,0.08032,-0.99316,-0.24170,1.02530,0.00681,0.00042,0
5551.143,0.07983,-0.99780,-0.23853,1.02902,0.00372,0.00043,0
5552.605,0.08325,-0.99463,-0.24341,1.02736,0.00166,0.00043,0
5554.064,0.08423,-0.99121,-0.24023,1.02338,0.00398,0.00045,0
5555.535,0.08984,-0.99463,-0.24316,1.02786,0.00448,0.00045,0
5557.075,0.08423,-0.99365,-0.23389,1.02428,0.00358,0.00046,0
5558.586,0.08301,-0.99609,-0.23633,1.02710,0.00283,0.00046,0
5560.044,0.07739,-0.99585,-0.24951,1.02954,0.00244,0.00039,0
5561.585,0.07446,-1.00220,-0.25049,1.03571,0.00616,0.00043,0
5563.042,0.08496,-0.99561,-0.23486,1.02645,0.00925,0.00051,0
5564.500,0.07935,-0.99414,-0.23706,1.02509,0.00137,0.00045,0
5565.958,0.07910,-0.99634,-0.24268,1.02851,0.00342,0.00043,0
5567.415,0.08276,-1.00024,-0.25171,1.03474,0.00623,0.00047,0
5568.873,0.07666,-0.99805,-0.24438,1.03039,0.00436,0.00049,0
5570.330,0.07812,-0.99219,-0.24072,1.02396,0.00643,0.00051,0
5571.786,0.07983,-0.99829,-0.24243,1.03040,0.00645,0.00055,0
5573.238,0.08398,-0.99536,-0.24219,1.02784,0.00257,0.00056,0
5574.726,0.08276,-1.00073,-0.23413,1.03108,0.00324,0.00050,0
5576.184,0.08350,-0.99976,-0.23730,1.03092,0.00016,0.00049,0
5577.842,0.07812,-0.99756,-0.23877,1.02871,0.00221,0.00049,0
5579.301,0.07520,-0.99878,-0.24634,1.03145,0.00275,0.00049,0
5580.821,0.08252,-0.99878,-0.23877,1.03023,0.00122,0.00047,0
5582.330,0.07983,-0.99756,-0.23779,1.02861,0.00162,0.00048,0
5583.788,0.07739,-0.99390,-0.24243,1.02596,0.00265,0.00048,0
5585.256,0.07593,-0.99536,-0.24756,1.02849,0.00253,0.00045,0
5586.714,0.08154,-0.99951,-0.24268,1.03178,0.00329,0.00042,0
5588.167,0.08154,-0.99976,-0.24219,1.03190,0.00012,0.00040,0
5589.670,0.07544,-0.99365,-0.23267,1.02331,0.00859,0.00047,0
5591.122,0.07739,-0.99390,-0.23877,1.02510,0.00179,0.00046,0
5592.577,0.07959,-0.99683,-0.24316,1.02914,0.00404,0.00046,0
5594.029,0.07812,-0.99854,-0.24121,1.03022,0.00108,0.00044,0
5595.515,0.07495,-0.99976,-0.23145,1.02893,0.00129,0.00044,0
5597.025,0.08496,-0.99731,-0.24121,1.02958,0.00065,0.00043,0
5598.483,0.08057,-1.00391,-0.24316,1.03607,0.00649,0.00044,0
5599.952,0.07861,-0.99707,-0.23218,1.02676,0.00931,0.00044,0
5601.410,0.07324,-0.99414,-0.24023,1.02537,0.00139,0.00044,0
5602.872,0.08032,-0.99585,-0.23853,1.02716,0.00179,0.00043,0
5604.330,0.08325,-0.99658,-0.24414,1.02942,0.00226,0.00040,0
5605.854,0.08130,-0.99829,-0.24585,1.03133,0.00190,0.00038,0
5607.332,0.07886,-1.00049,-0.23193,1.03004,0.00128,0.00034,0
5608.834,0.07642,-0.99536,-0.23975,1.02668,0.00337,0.00031,0
5610.336,0.08521,-1.00049,-0.23779,1.03188,0.00521,0.00033,0
5611.791,0.08105,-0.99365,-0.24072,1.02560,0.00628,0.00036,0
5613.249,0.08105,-1.00220,-0.24121,1.03400,0.00839,0.00043,0
5614.707,0.07593,-0.99609,-0.24512,1.02862,0.00538,0.00045,0
5616.165,0.07642,-0.99658,-0.24219,1.02843,0.00018,0.00045,0
5617.746,0.07910,-0.98950,-0.24146,1.02160,0.00683,0.00049,0
5619.203,0.07520,-0.99634,-0.23730,1.02696,0.00536,0.00052,0
5620.660,0.07788,-0.99365,-0.23804,1.02473,0.00223,0.00052,0
5622.192,0.08301,-0.99365,-0.23755,1.02502,0.00029,0.00051,0
5623.651,0.08447,-0.99512,-0.24585,1.02851,0.00349,0.00051,0
5625.111,0.08081,-0.99854,-0.24268,1.03077,0.00226,0.00052,0
5626.573,0.07983,-0.99438,-0.24390,1.02697,0.00381,0.00046,0
5628.030,0.08081,-0.99609,-0.23535,1.02671,0.00026,0.00045,0
5629.487,0.07788,-0.99414,-0.23975,1.02560,0.00110,0.00044,0
5630.945,0.07520,-0.99658,-0.24170,1.02823,0.00262,0.00044,0
5632.422,0.08008,-0.99512,-0.23853,1.02643,0.00179,0.00045,0
5633.881,0.07446,-0.99976,-0.23730,1.03023,0.00380,0.00046,0
5635.337,0.07788,-1.00024,-0.23975,1.03152,0.00129,0.00042,0
5636.853,0.07422,-0.99487,-0.23389,1.02469,0.00683,0.00038,0
5638.356,0.07617,-0.99805,-0.23438,1.02802,0.00334,0.00039,0
5639.814,0.07837,-0.99219,-0.24414,1.02478,0.00324,0.00040,0
5641.285,0.08252,-0.99414,-0.24536,1.02729,0.00251,0.00040,0
5642.745,0.07959,-0.99219,-0.24194,1.02436,0.00293,0.00040,0
5644.201,0.08350,-0.99146,-0.24194,1.02396,0.00040,0.00040,0
5645.729,0.08325,-0.99731,-0.24487,1.03031,0.00635,0.00043,0
5647.187,0.07520,-1.00024,-0.24707,1.03305,0.00274,0.00041,0
5648.645,0.08228,-0.98950,-0.24463,1.02261,0.01044,0.00048,0
5650.102,0.07837,-0.98901,-0.23364,1.01925,0.00335,0.00042,0
5651.560,0.08081,-0.99609,-0.23340,1.02626,0.00701,0.00044,0
5653.062,0.08179,-0.99976,-0.24487,1.03255,0.00629,0.00048,0
5654.557,0.08398,-0.99268,-0.23755,1.02415,0.00840,0.00050,0
5656.022,0.08130,-0.99438,-0.23511,1.02503,0.00088,0.00048,0
5657.480,0.08203,-0.99756,-0.24976,1.03162,0.00659,0.00051,0
5658.939,0.07837,-0.99902,-0.24365,1.03129,0.00033,0.00051,0
5660.417,0.07739,-0.99658,-0.24414,1.02897,0.00232,0.00051,0
5661.876,0.08130,-0.99512,-0.23633,1.02602,0.00294,0.00051,0
5663.333,0.08350,-0.99731,-0.23511,1.02805,0.00203,0.00050,0
5664.867,0.07959,-0.99536,-0.24536,1.02824,0.00019,0.00050,0
5666.382,0.07373,-0.99243,-0.23633,1.02284,0.00540,0.00053,0
5667.838,0.07422,-0.99463,-0.24121,1.02615,0.00330,0.00053,0
5669.296,0.08447,-1.00098,-0.23999,1.03280,0.00666,0.00057,0
5670.754,0.08716,-0.99414,-0.24512,1.02762,0.00519,0.00059,0
5672.213,0.07861,-0.99609,-0.24756,1.02940,0.00179,0.00059,0
5673.838,0.07764,-0.99487,-0.23926,1.02618,0.00322,0.00055,0
5675.295,0.08008,-0.99878,-0.23389,1.02892,0.00274,0.00055,0
5676.818,0.08545,-0.99316,-0.23462,1.02407,0.00485,0.00056,0
5678.276,0.08032,-0.99731,-0.24463,1.03002,0.00594,0.00059,0
5679.750,0.08105,-1.00293,-0.24048,1.03454,0.00452,0.00060,0
5681.212,0.07886,-0.99902,-0.23633,1.02962,0.00492,0.00063,0
5682.671,0.08154,-0.99292,-0.23486,1.02357,0.00605,0.00062,0
5684.162,0.07715,-0.99878,-0.23706,1.02942,0.00585,0.00065,0
5685.670,0.08032,-0.99756,-0.24268,1.02979,0.00037,0.00054,0
5687.127,0.07935,-0.99243,-0.24756,1.02592,0.00387,0.00054,0
5688.584,0.08081,-0.99829,-0.24707,1.03158,0.00567,0.00053,0
5690.042,0.07983,-1.00098,-0.25049,1.03493,0.00335,0.00050,0
5691.537,0.08105,-0.99561,-0.24146,1.02767,0.00726,0.00048,0
5693.087,0.08032,-0.99707,-0.22559,1.02542,0.00225,0.00048,0
5694.569,0.07959,-0.99512,-0.23926,1.02657,0.00114,0.00044,0
5696.026,0.08154,-0.99805,-0.22998,1.02744,0.00088,0.00044,0
5697.484,0.08594,-0.99438,-0.24316,1.02729,0.00016,0.00044,0
5698.943,0.08228,-0.99731,-0.23804,1.02862,0.00134,0.00043,0
5700.399,0.07910,-0.99854,-0.23926,1.02984,0.00122,0.00043,0
5701.858,0.08765,-0.99707,-0.23340,1.02777,0.00207,0.00043,0
5703.336,0.08472,-0.99731,-0.24658,1.03083,0.00307,0.00041,0
5704.820,0.08081,-0.99683,-0.24268,1.02912,0.00171,0.00040,0
5706.278,0.21216,-0.95776,-0.30444,1.02714,0.00198,0.00036,0
5707.754,0.01660,-0.95850,-0.41260,1.04366,0.01652,0.00061,0
5709.255,0.32788,-0.78296,-0.64429,1.06566,0.02200,0.00109,0
5710.715,0.11035,-1.28076,-0.03394,1.28595,0.22029,0.04961,0
5712.173,0.21094,-1.36768,-0.32324,1.42110,0.13514,0.06787,0
5713.676,0.02905,-1.11255,-0.03052,1.11335,0.30775,0.16255,0
5715.133,0.24268,-1.37061,0.04272,1.39258,0.27923,0.24049,0
5716.591,-0.07153,-1.39136,0.09814,1.39665,0.00407,0.24048,0
5718.048,0.11426,-1.10815,-0.13428,1.12209,0.27456,0.31584,0
5719.546,0.03247,-0.82764,-0.33081,0.89189,0.23020,0.36880,0
5721.119,0.20532,-0.68774,-0.18970,0.74238,0.14951,0.39111,0
5722.598,0.03027,-1.28613,-0.25195,1.31093,0.56854,0.71436,0
5724.055,-0.05640,-1.11206,-0.14526,1.12293,0.18800,0.74969,0
5725.512,0.16162,-0.86133,-0.53589,1.02722,0.09570,0.75882,0
5726.970,-0.04028,-1.31226,0.03296,1.31329,0.28607,0.84064,0
5728.428,0.17847,-1.34204,-0.11987,1.35915,0.04586,0.84269,0
5729.886,0.03149,-1.03418,-0.24438,1.06313,0.29602,0.93031,0
5731.343,0.20190,-0.77002,-0.17114,0.81424,0.24889,0.99226,0
5732.839,0.09888,-1.39111,-0.10620,1.39866,0.58442,1.33381,0
5734.294,0.04858,-1.07373,-0.26050,1.10595,0.29271,1.41949,0
5735.770,0.23022,-1.04492,-0.17432,1.08409,0.02186,1.41996,1
5743.677,-0.06323,-0.81079,-0.33862,0.88093,0.20316,1.46123,0
5745.243,0.16577,-0.87207,-0.27295,0.92870,0.04777,1.46351,0
5746.787,0.03394,-1.13184,-0.17700,1.14610,0.21739,1.51076,0
5748.545,0.16113,-1.24658,-0.16968,1.26835,0.12226,1.52571,0
5750.248,0.04004,-0.86792,-0.33398,0.93082,0.33753,1.63963,0
5751.747,0.12720,-1.03174,-0.14233,1.04925,0.11842,1.65338,0
5753.227,0.08594,-0.93286,-0.30127,0.98406,0.06519,1.65714,0
5754.965,0.06323,-0.99292,-0.24219,1.02398,0.03992,1.61021,0
5756.515,0.01733,-0.97266,-0.25244,1.00503,0.01895,1.59231,0
5758.116,0.08862,-1.03979,-0.21289,1.06506,0.06003,1.50120,0
5759.809,0.05225,-1.04175,-0.24512,1.07147,0.00641,1.42327,0
5761.495,0.09351,-1.01172,-0.19116,1.03386,0.03761,1.42467,0
5763.134,0.05688,-0.85449,-0.26611,0.89678,0.13708,1.36808,0
5764.944,0.10840,-0.81982,-0.35107,0.89840,0.00162,1.31509,0
5766.782,0.10303,-1.11279,-0.24023,1.14308,0.24469,1.35261,0
5768.594,0.12720,-1.03442,-0.23706,1.06884,0.07425,1.03488,0
5770.359,0.04761,-1.02686,-0.22974,1.05332,0.01552,0.99977,0
5772.130,0.08618,-0.91162,-0.30786,0.96605,0.08726,0.99823,0
5773.860,0.09155,-0.98633,-0.25195,1.02211,0.05606,0.91953,0
5775.590,0.12354,-0.93213,-0.21997,0.96567,0.05644,0.92062,0
5777.294,0.10010,-1.03320,-0.23584,1.06449,0.09883,0.84275,0
5778.945,0.04980,-1.01709,-0.26636,1.05257,0.01193,0.78095,0
5780.788,0.05420,-1.02905,-0.26074,1.06296,0.01039,0.43951,0
5782.362,0.01318,-1.03564,-0.19214,1.05340,0.00956,0.35392,0
5783.857,0.16211,-1.04077,-0.21021,1.07409,0.02069,0.35387,0
5785.352,0.08154,-0.92310,-0.27759,0.96737,0.10672,0.32399,0
5786.833,0.12671,-0.93359,-0.22876,0.96953,0.00215,0.32171,0
5788.312,0.08496,-1.04517,-0.20142,1.06778,0.09825,0.28410,0
5789.793,0.12183,-0.93311,-0.27246,0.97967,0.08811,0.27692,0
5791.282,0.12427,-0.99341,-0.21387,1.02374,0.04406,0.16493,0
5793.089,0.09204,-0.99097,-0.25366,1.02705,0.00331,0.15092,0
5794.848,0.03955,-1.03735,-0.25146,1.06813,0.04108,0.14836,0
5796.550,0.04858,-0.96582,-0.26855,1.00364,0.06449,0.15093,0
5798.354,0.07495,-0.97974,-0.22632,1.00833,0.00469,0.15059,0
5799.896,0.07178,-1.01562,-0.23218,1.04430,0.03597,0.14828,0
5801.370,0.09058,-0.94775,-0.23706,0.98114,0.06315,0.15223,0
5802.851,0.05957,-0.94385,-0.25415,0.97928,0.00186,0.15081,0
5804.503,0.11743,-1.04907,-0.23462,1.08138,0.10210,0.14245,0
5806.278,0.06616,-1.10547,-0.24121,1.13341,0.05203,0.14515,0
5808.001,0.10327,-0.93311,-0.24951,0.97139,0.16202,0.11153,0
5809.647,0.03125,-1.01196,-0.23853,1.04016,0.06877,0.11075,0
5811.444,0.13232,-0.95947,-0.24170,0.99826,0.04191,0.11226,0
5812.973,0.04468,-1.05981,-0.23462,1.08639,0.08814,0.11242,0
5814.443,0.10547,-0.97388,-0.22412,1.00488,0.08151,0.11592,0
5815.927,0.03809,-1.01147,-0.25757,1.04445,0.03957,0.11430,0
5817.562,0.12354,-0.98975,-0.25098,1.02852,0.01593,0.10478,0
5819.333,0.03711,-1.07056,-0.24072,1.09791,0.06940,0.10946,0
5821.127,0.10327,-0.97095,-0.22192,1.00133,0.09659,0.11868,0
5822.844,0.08203,-0.96802,-0.25781,1.00511,0.00379,0.11860,0
5824.509,0.13599,-0.96436,-0.22729,1.00007,0.00505,0.11820,0
5825.984,0.06519,-1.03198,-0.24829,1.06343,0.06336,0.11083,0
5827.449,0.10962,-0.93457,-0.23682,0.97032,0.09311,0.11949,0
5828.917,0.04810,-0.98438,-0.25122,1.01706,0.04674,0.11202,0
5830.381,0.10913,-0.95435,-0.25708,0.99437,0.02269,0.10477,0
5831.845,0.05957,-1.03809,-0.25537,1.07069,0.07632,0.10866,0
5833.439,0.09058,-0.98291,-0.24683,1.01747,0.05323,0.11148,0
5835.730,0.07153,-0.98779,-0.25195,1.02193,0.00446,0.10981,0
5837.388,0.11865,-1.00391,-0.23462,1.03776,0.01584,0.10590,0
5839.097,0.07349,-1.01538,-0.24438,1.04696,0.00920,0.10597,0
5840.832,0.09009,-0.95874,-0.23511,0.99125,0.05571,0.10778,0
5842.670,0.06909,-1.00122,-0.25928,1.03655,0.04530,0.10584,0
5844.483,0.10791,-0.97900,-0.23340,1.01221,0.02434,0.10643,0
5846.267,0.05176,-1.07324,-0.24023,1.10102,0.08881,0.10389,0
5848.005,0.09619,-0.97559,-0.23267,1.00755,0.09347,0.10992,0
5849.730,0.08545,-1.04102,-0.23608,1.07086,0.06332,0.08768,0
5851.229,0.10571,-0.95093,-0.22656,0.98324,0.08762,0.09063,0
5852.696,0.06055,-0.99902,-0.24658,1.03078,0.04754,0.09113,0
5854.162,0.09766,-0.96460,-0.23364,0.99729,0.03350,0.08449,0
5855.625,0.06885,-0.98511,-0.26392,1.02217,0.02488,0.07846,0
5857.100,0.11597,-0.99121,-0.24243,1.02700,0.00483,0.07692,0
5858.588,0.06714,-1.03198,-0.25122,1.06424,0.03724,0.07805,0
5860.057,0.09473,-0.96826,-0.24292,1.00275,0.06149,0.07702,0
5861.516,0.04980,-1.02588,-0.22705,1.05188,0.04913,0.07010,0
5862.981,0.08960,-0.94824,-0.25342,0.98560,0.06628,0.07448,0
5864.459,0.06592,-1.01807,-0.24438,1.04906,0.06346,0.07848,0
5866.102,0.08423,-0.99146,-0.24951,1.02583,0.02323,0.07501,0
5867.951,0.07446,-1.02222,-0.23413,1.05133,0.02549,0.06699,0
5869.825,0.09668,-1.00269,-0.24194,1.03598,0.01534,0.06504,0
5871.620,0.07129,-1.01855,-0.24146,1.04921,0.01322,0.06470,0
5873.345,0.06543,-1.00220,-0.22339,1.02887,0.02033,0.05929,0
5875.135,0.07593,-0.98901,-0.24927,1.02276,0.00611,0.05649,0
5877.014,0.10278,-0.98999,-0.23486,1.02265,0.00012,0.05647,0
5878.684,0.06177,-1.02808,-0.24243,1.05808,0.03543,0.05748,0
5880.409,0.09448,-0.96045,-0.23877,0.99418,0.06389,0.06147,0
5881.918,0.06665,-1.00562,-0.24414,1.03697,0.04279,0.06020,0
5883.391,0.09131,-0.97314,-0.23975,1.00639,0.03058,0.05908,0
5884.857,0.06250,-0.99609,-0.24658,1.02806,0.02167,0.05896,0
5886.282,0.06519,-1.03076,-0.24414,1.06128,0.03322,0.05218,0
5887.747,0.08423,-0.99463,-0.23853,1.02629,0.03499,0.04466,0
5889.212,0.05762,-1.01123,-0.26123,1.04602,0.01972,0.04104,0
5890.674,0.08496,-0.99414,-0.24634,1.02772,0.01829,0.03370,0
5892.156,0.07056,-1.02222,-0.24927,1.05453,0.02681,0.03216,0
5893.705,0.08643,-0.99707,-0.23389,1.02778,0.02676,0.03175,0
5895.474,0.08643,-0.98169,-0.25562,1.01810,0.00968,0.03123,0
5897.428,0.07422,-1.01294,-0.24658,1.04516,0.02706,0.03194,0
5899.186,0.07886,-0.99976,-0.24414,1.03215,0.01301,0.03072,0
5901.028,0.07642,-1.01855,-0.23047,1.04710,0.01494,0.02716,0
5902.543,0.08594,-0.98291,-0.24756,1.01724,0.02985,0.02564,0
5904.259,0.07031,-1.00513,-0.23560,1.03476,0.01752,0.02155,0
5905.914,0.07617,-0.97827,-0.23315,1.00855,0.02621,0.01821,0
5907.806,0.07056,-1.01001,-0.23853,1.04019,0.03164,0.01867,0
5909.442,0.09741,-0.99731,-0.24707,1.03207,0.00812,0.01809,0
5911.180,0.08472,-0.97437,-0.25269,1.01016,0.02191,0.01834,0
5912.666,0.07153,-1.00586,-0.22925,1.03413,0.02397,0.01874,0
5914.132,0.09619,-0.97803,-0.23975,1.01157,0.02256,0.01883,0
5915.596,0.07227,-1.01074,-0.24658,1.04289,0.03133,0.01978,0
5917.093,0.08545,-0.97754,-0.24487,1.01136,0.03153,0.02077,0
5918.888,0.07202,-1.02026,-0.24463,1.05165,0.04029,0.02114,0
5920.691,0.08838,-0.97900,-0.24072,1.01203,0.03962,0.01862,0
5922.461,0.08618,-1.00244,-0.23926,1.03420,0.02216,0.01729,0
5924.222,0.08447,-0.99243,-0.24268,1.02516,0.00904,0.01643,0
5925.777,0.07788,-0.99658,-0.23682,1.02729,0.00213,0.01597,0
5927.245,0.07544,-1.00708,-0.23291,1.03641,0.00912,0.01495,0
5928.710,0.08545,-0.98584,-0.25000,1.02063,0.01578,0.01397,0
5930.175,0.07593,-1.00317,-0.23779,1.03376,0.01314,0.01375,0
5931.642,0.07690,-1.00269,-0.25244,1.03683,0.00307,0.01343,0
5933.139,0.08057,-1.00903,-0.23462,1.03908,0.00225,0.01272,0
5934.757,0.07153,-0.99829,-0.24805,1.03113,0.00795,0.01206,0
5936.463,0.07910,-0.99927,-0.23364,1.02926,0.00187,0.01197,0
5938.093,0.07129,-1.00684,-0.23877,1.03721,0.00795,0.01130,0
5939.769,0.09204,-0.98633,-0.25049,1.02179,0.01542,0.01137,0
5941.427,0.07935,-0.99878,-0.23853,1.02993,0.00814,0.01122,0
5943.171,0.08569,-0.99731,-0.24414,1.03033,0.00040,0.01032,0
5945.296,0.08618,-0.98682,-0.23340,1.01770,0.01263,0.01018,0
5947.070,0.09033,-0.97998,-0.24219,1.01350,0.00420,0.00951,0
5948.831,0.07715,-1.00781,-0.23560,1.03786,0.02436,0.00910,0
5950.387,0.08130,-0.98975,-0.24487,1.02282,0.01503,0.00926,0
5951.856,0.07617,-1.01318,-0.23926,1.04383,0.02101,0.00922,0
5953.317,0.08179,-1.00049,-0.23755,1.03155,0.01228,0.00880,0
5954.777,0.07373,-1.00830,-0.23828,1.03869,0.00714,0.00834,0
5956.236,0.08301,-0.98364,-0.24341,1.01671,0.02199,0.00784,0
5957.700,0.07397,-1.00342,-0.23657,1.03358,0.01687,0.00713,0
5959.171,0.08374,-0.98193,-0.23755,1.01372,0.01986,0.00590,0
5960.645,0.07300,-0.99390,-0.24023,1.02512,0.01140,0.00446,0
5962.111,0.08374,-1.00684,-0.24536,1.03968,0.01456,0.00418,0
5963.629,0.07959,-1.01123,-0.23975,1.04230,0.00263,0.00411,0
5965.300,0.07666,-0.98804,-0.24805,1.02158,0.02073,0.00453,0
5967.183,0.07642,-0.99512,-0.24414,1.02747,0.00590,0.00449,0
5968.889,0.08667,-0.98315,-0.23877,1.01544,0.01204,0.00438,0
5970.605,0.06421,-1.00464,-0.23169,1.03301,0.01757,0.00452,0
5972.363,0.09106,-0.99268,-0.24878,1.02742,0.00559,0.00454,0
5973.878,0.07910,-1.00171,-0.23950,1.03298,0.00556,0.00456,0
5975.682,0.08936,-0.99609,-0.23853,1.02814,0.00483,0.00453,0
5977.475,0.07764,-0.99927,-0.24048,1.03072,0.00258,0.00453,0
5979.242,0.08594,-0.98560,-0.25220,1.02097,0.00975,0.00456,0
5981.162,0.08130,-1.00098,-0.25000,1.03492,0.01395,0.00452,0
5982.698,0.08984,-0.98779,-0.24048,1.02061,0.01432,0.00466,0
5984.161,0.07568,-1.01685,-0.23511,1.04641,0.02581,0.00532,0
5985.623,0.08594,-0.99390,-0.23950,1.02595,0.02046,0.00558,0
5987.082,0.07788,-1.00317,-0.23926,1.03425,0.00830,0.00563,0
5988.541,0.08447,-0.99268,-0.23682,1.02402,0.01022,0.00514,0
5990.000,0.07642,-1.00879,-0.23560,1.03875,0.01473,0.00513,0
5991.463,0.08032,-0.99316,-0.24316,1.02565,0.01310,0.00486,0
5992.927,0.08203,-0.99756,-0.24023,1.02935,0.00370,0.00473,0
5994.408,0.08447,-1.00244,-0.24512,1.03543,0.00607,0.00471,0
5996.122,0.07495,-0.99854,-0.23657,1.02891,0.00652,0.00427,0
5997.727,0.08105,-1.00073,-0.24756,1.03408,0.00517,0.00401,0
5999.505,0.08667,-0.99731,-0.23242,1.02770,0.00638,0.00366,0
6001.158,0.08545,-0.98950,-0.24146,1.02211,0.00559,0.00356,0
6002.809,0.08154,-0.99390,-0.23511,1.02458,0.00246,0.00336,0
6004.345,0.07886,-0.99878,-0.24097,1.03046,0.00588,0.00338,0
6005.821,0.07422,-1.00220,-0.24634,1.03469,0.00424,0.00297,0
6007.507,0.08081,-0.99731,-0.24219,1.02948,0.00522,0.00296,0
6009.327,0.07690,-0.99390,-0.23438,1.02405,0.00543,0.00285,0
6011.117,0.08057,-0.99170,-0.23999,1.02350,0.00055,0.00254,0
6013.775,0.08081,-1.00537,-0.25195,1.03961,0.01611,0.00277,0
6015.299,0.08740,-0.99585,-0.24487,1.02923,0.01037,0.00285,0
6016.785,0.07373,-1.00537,-0.23486,1.03507,0.00584,0.00286,0
6018.256,0.08252,-0.98511,-0.22754,1.01441,0.02066,0.00328,0
6019.750,0.07959,-1.00879,-0.23267,1.03833,0.02392,0.00375,0
6021.233,0.08032,-0.99219,-0.23511,1.02282,0.01551,0.00380,0
6022.717,0.08472,-1.00854,-0.24683,1.04176,0.01894,0.00395,0
6024.231,0.08228,-1.00415,-0.24194,1.03616,0.00560,0.00332,0
6025.794,0.08569,-1.00293,-0.23145,1.03285,0.00331,0.00291,0
6028.441,0.08325,-0.99707,-0.24097,1.02915,0.00370,0.00286,0
6030.145,0.07739,-0.99683,-0.24487,1.02938,0.00023,0.00275,0
6034.322,0.08032,-0.99927,-0.23877,1.03053,0.00116,0.00254,0
6036.052,0.08374,-0.99561,-0.25000,1.02992,0.00061,0.00236,0
6037.549,0.08325,-0.99316,-0.24316,1.02588,0.00404,0.00237,0
6039.025,0.07788,-0.99951,-0.24536,1.03213,0.00625,0.00237,0
6040.500,0.08350,-0.99121,-0.24902,1.02542,0.00671,0.00237,0
6041.987,0.08105,-0.99683,-0.24097,1.02874,0.00332,0.00236,0
6043.544,0.07983,-1.00244,-0.24219,1.03437,0.00563,0.00235,0
6045.028,0.08862,-0.99731,-0.24072,1.02978,0.00459,0.00234,0
6046.505,0.07886,-1.00586,-0.24902,1.03922,0.00945,0.00242,0
6059.297,0.07446,-1.00146,-0.24512,1.03371,0.00551,0.00242,0
6066.691,0.07886,-0.99097,-0.23267,1.02096,0.01275,0.00256,0
6068.730,0.08179,-0.99634,-0.24854,1.03012,0.00916,0.00262,0
6070.206,0.08105,-0.99268,-0.24512,1.02570,0.00442,0.00261,0
6071.681,0.07788,-0.99512,-0.24170,1.02701,0.00131,0.00261,0
6073.250,0.07739,-0.98975,-0.24902,1.02352,0.00348,0.00236,0
6074.723,0.08179,-0.99634,-0.23364,1.02663,0.00311,0.00226,0
6076.327,0.07935,-1.00098,-0.24683,1.03401,0.00738,0.00228,0
6078.005,0.08057,-0.99878,-0.24243,1.03093,0.00307,0.00187,0
6080.667,0.07397,-0.99634,-0.24194,1.02796,0.00298,0.00130,0
6082.270,0.07471,-0.99365,-0.23535,1.02387,0.00408,0.00108,0
6083.888,0.07935,-0.99048,-0.24438,1.02326,0.00061,0.00072,0
6085.460,0.08203,-0.99146,-0.24365,1.02425,0.00098,0.00069,0
6087.179,0.08472,-0.99536,-0.23950,1.02727,0.00302,0.00069,0
6088.872,0.08008,-1.00854,-0.24072,1.03996,0.01269,0.00084,0
6090.607,0.08008,-0.98779,-0.24146,1.02002,0.01994,0.00123,0
6092.397,0.07568,-0.99756,-0.24023,1.02887,0.00884,0.00131,0
6094.012,0.07983,-0.98584,-0.24365,1.01864,0.01023,0.00141,0
6095.645,0.08105,-1.00269,-0.24365,1.03504,0.01641,0.00167,0
6097.158,0.08057,-0.99805,-0.24878,1.03174,0.00331,0.00164,0
6098.670,0.08154,-0.99316,-0.23950,1.02488,0.00685,0.00164,0
6100.143,0.08105,-0.98901,-0.23975,1.02088,0.00400,0.00165,0
6101.692,0.07446,-0.99561,-0.24292,1.02751,0.00663,0.00166,0
6103.642,0.08301,-0.99634,-0.23926,1.02802,0.00051,0.00164,0
6105.296,0.07812,-1.00049,-0.23120,1.02982,0.00180,0.00155,0
6106.789,0.08252,-0.99341,-0.24097,1.02554,0.00428,0.00154,0
6108.348,0.08325,-0.99927,-0.24707,1.03272,0.00718,0.00143,0
6110.032,0.08521,-1.00171,-0.23682,1.03284,0.00012,0.00134,0
6111.622,0.07593,-0.99805,-0.23901,1.02907,0.00377,0.00134,0
6113.140,0.07739,-0.99365,-0.24365,1.02601,0.00306,0.00135,0
6114.631,0.07397,-0.98901,-0.24023,1.02046,0.00556,0.00137,0
6120.374,0.08228,-0.99829,-0.24463,1.03111,0.01066,0.00147,0
6122.008,0.07593,-1.00366,-0.24146,1.03509,0.00397,0.00143,0
6123.718,0.07642,-0.98926,-0.24048,1.02093,0.01415,0.00162,0
6126.486,0.08057,-0.98853,-0.23755,1.01985,0.00108,0.00161,0
6128.102,0.07593,-1.00244,-0.24121,1.03385,0.01399,0.00179,0
6129.665,0.07837,-0.99170,-0.25000,1.02572,0.00812,0.00186,0
6146.734,0.07910,-0.99780,-0.24561,1.03063,0.00490,0.00188,0
6148.230,0.08447,-0.99854,-0.24219,1.03095,0.00033,0.00187,0
6149.772,0.08203,-0.99902,-0.24561,1.03204,0.00108,0.00171,0
6151.268,0.08618,-0.99902,-0.24048,1.03117,0.00087,0.00132,0
6152.758,0.08569,-0.99512,-0.23364,1.02576,0.00540,0.00127,0
6154.238,0.07520,-0.99634,-0.24292,1.02828,0.00251,0.00117,0
6155.724,0.07178,-0.99365,-0.24023,1.02480,0.00348,0.00091,0
6157.204,0.07739,-0.99829,-0.23999,1.02965,0.00485,0.00092,0
6159.053,0.07690,-1.00122,-0.24097,1.03268,0.00303,0.00089,0
6160.834,0.08789,-1.00098,-0.24146,1.03343,0.00075,0.00087,0
6162.383,0.08081,-0.99243,-0.23999,1.02423,0.00920,0.00091,0
6163.961,0.07422,-0.99756,-0.23999,1.02870,0.00447,0.00093,0
6165.460,0.08179,-0.99097,-0.24365,1.02375,0.00495,0.00095,0
6167.794,0.08105,-0.99121,-0.24512,1.02428,0.00053,0.00093,0
6169.398,0.08057,-0.99512,-0.24536,1.02808,0.00380,0.00090,0
6170.984,0.07910,-0.99976,-0.23950,1.03108,0.00300,0.00091,0
6173.238,0.08228,-0.99927,-0.23999,1.03097,0.00011,0.00089,0
6174.772,0.07983,-0.99316,-0.23291,1.02323,0.00774,0.00094,0
6176.281,0.07642,-0.99683,-0.24683,1.02977,0.00654,0.00096,0
6177.770,0.07812,-0.99951,-0.24658,1.03244,0.00267,0.00085,0
6179.289,0.08081,-0.99512,-0.25000,1.02922,0.00322,0.00084,0
6180.810,0.07812,-1.00024,-0.24243,1.03217,0.00295,0.00065,0
6182.291,0.07690,-0.99658,-0.24585,1.02934,0.00283,0.00066,0
6183.747,0.08105,-0.99731,-0.24219,1.02950,0.00016,0.00046,0
6185.205,0.07446,-0.99902,-0.23096,1.02807,0.00142,0.00040,0
6186.666,0.07153,-0.99902,-0.24219,1.03045,0.00237,0.00038,0
6188.120,0.07788,-0.99121,-0.23511,1.02168,0.00876,0.00046,0
6189.574,0.07788,-0.99487,-0.23853,1.02603,0.00434,0.00047,0
6191.029,0.07593,-0.99316,-0.23926,1.02439,0.00163,0.00048,0
6192.485,0.08984,-0.99536,-0.24536,1.02909,0.00469,0.00047,0
6193.940,0.08618,-0.99756,-0.25024,1.03207,0.00299,0.00047,0
6195.398,0.07959,-0.99414,-0.23877,1.02551,0.00657,0.00050,0
6196.944,0.08325,-0.99438,-0.24072,1.02649,0.00098,0.00048,0
6198.954,0.07788,-0.99585,-0.25220,1.03024,0.00375,0.00049,0
6200.473,0.08032,-0.99316,-0.24414,1.02588,0.00435,0.00050,0
6201.949,0.08325,-1.00269,-0.25024,1.03679,0.01091,0.00054,0
6207.475,0.07935,-1.00073,-0.23901,1.03193,0.00485,0.00054,0
6209.135,0.07715,-0.99951,-0.24390,1.03173,0.00021,0.00052,0
6210.788,0.07642,-0.99805,-0.24243,1.02991,0.00182,0.00052,0
6212.396,0.07983,-1.00098,-0.24414,1.03341,0.00350,0.00052,0
6214.067,0.08276,-0.99683,-0.25024,1.03108,0.00232,0.00051,0
6215.678,0.08398,-0.99243,-0.24658,1.02605,0.00504,0.00054,0
6217.244,0.07959,-0.99878,-0.24731,1.03202,0.00597,0.00052,0
6218.915,0.08154,-0.99731,-0.24243,1.02959,0.00243,0.00048,0
6220.588,0.08374,-0.99829,-0.24023,1.03020,0.00061,0.00047,0
6222.221,0.07593,-0.99463,-0.24756,1.02778,0.00242,0.00047,0
6223.855,0.07861,-0.99561,-0.23853,1.02679,0.00099,0.00046,0
6225.385,0.08179,-0.99414,-0.24512,1.02717,0.00038,0.00045,0
6226.882,0.08057,-0.99658,-0.23877,1.02795,0.00077,0.00045,0
6228.425,0.08203,-0.99609,-0.23877,1.02759,0.00036,0.00045,0
6229.980,0.08105,-0.99683,-0.25122,1.03119,0.00359,0.00046,0
6231.585,0.08447,-0.99609,-0.23950,1.02796,0.00323,0.00039,0
6233.136,0.07739,-0.99634,-0.24927,1.02996,0.00200,0.00038,0
6234.626,0.07764,-0.99365,-0.24536,1.02644,0.00352,0.00039,0
6236.093,0.07837,-1.00195,-0.24829,1.03523,0.00879,0.00044,0
6237.934,0.08130,-0.99927,-0.25439,1.03434,0.00089,0.00043,0
6239.491,0.07910,-0.99951,-0.23242,1.02922,0.00512,0.00042,0
6241.197,0.07715,-1.00000,-0.23340,1.02977,0.00055,0.00042,0
6242.676,0.07935,-0.99683,-0.24585,1.02976,0.00001,0.00040,0
6244.241,0.08105,-0.99829,-0.24219,1.03044,0.00068,0.00038,0
6245.842,0.07837,-0.99902,-0.24194,1.03089,0.00044,0.00026,0
6247.311,0.08057,-0.99878,-0.24756,1.03215,0.00127,0.00024,0
6248.775,0.07788,-0.99536,-0.24658,1.02840,0.00375,0.00026,0
6250.241,0.08374,-1.00049,-0.23999,1.03227,0.00387,0.00027,0
6251.707,0.07397,-0.99902,-0.23486,1.02892,0.00335,0.00027,0
6253.307,0.07495,-1.00024,-0.24902,1.03350,0.00458,0.00028,0
6254.786,0.08008,-0.99854,-0.24561,1.03141,0.00209,0.00026,0
6256.509,0.08228,-1.00317,-0.24316,1.03550,0.00409,0.00024,0
6258.014,0.07739,-0.99927,-0.24146,1.03093,0.00456,0.00026,0
6259.525,0.07935,-1.00244,-0.24023,1.03387,0.00294,0.00027,0
6261.429,0.07959,-0.99341,-0.24341,1.02589,0.00799,0.00032,0
6262.976,0.07690,-0.99927,-0.24219,1.03107,0.00518,0.00035,0
6264.532,0.07642,-0.99438,-0.24121,1.02607,0.00500,0.00037,0
6266.026,0.07471,-0.99805,-0.24683,1.03083,0.00475,0.00040,0
6267.630,0.08301,-1.00073,-0.24854,1.03447,0.00364,0.00041,0
6269.224,0.07715,-1.00439,-0.23730,1.03493,0.00046,0.00040,0
6270.723,0.08667,-1.00098,-0.23755,1.03242,0.00250,0.00039,0
6272.251,0.08496,-0.99780,-0.24292,1.03046,0.00197,0.00039,0
6273.898,0.07837,-0.99731,-0.23779,1.02826,0.00219,0.00039,0
6275.379,0.08325,-0.99683,-0.24829,1.03065,0.00239,0.00031,0
6276.902,0.08447,-0.99438,-0.23340,1.02490,0.00576,0.00035,0
6278.370,0.08105,-0.99341,-0.23730,1.02457,0.00033,0.00032,0
6279.842,0.07739,-0.99536,-0.24146,1.02715,0.00258,0.00033,0
6281,322,0,07764,-1,00171,-0,24487,1,03412,0,00697,0,00037,0
6282,822,0,08203,-1,00122,-0,24023,1,03290,0,00122,0,00038,0
6284,312,0,07812,-0,99561,-0,23853,1,02676,0,00615,0,00041,0
6286,050,0,07910,-0,99316,-0,24072,1,02498,0,00178,0,00042,0
6287,594,0,08008,-0,99951,-0,24194,1,03149,0,00651,0,00044,0
6289,236,0,07959,-0,99780,-0,25220,1,03225,0,00076,0,00043,0
6290,741,0,07861,-1,00073,-0,23608,1,03120,0,00105,0,00042,0
6292,286,0,08130,-1,00366,-0,23706,1,03448,0,00327,0,00041,0
6293,861,0,07617,-0,99878,-0,23901,1,02980,0,00468,0,00043,0
6295,381,0,08105,-1,00293,-0,23901,1,03420,0,00440,0,00043,0
6297,213,0,07910,-0,99683,-0,24365,1,02922,0,00498,0,00043,0
6298,723,0,08350,-0,99854,-0,24194,1,03082,0,00160,0,00043,0
6300,271,0,08643,-0,99951,-0,24316,1,03229,0,00147,0,00037,0
6301,889,0,07910,-0,99487,-0,24316,1,02721,0,00508,0,00036,0
6303,399,0,07935,-0,99707,-0,24365,1,02947,0,00226,0,00034,0
6304,943,0,08057,-0,99536,-0,24292,1,02774,0,00173,0,00032,0
6306,662,0,08154,-0,99512,-0,23730,1,02627,0,00147,0,00031,0
6308,155,0,07739,-0,99854,-0,23169,1,02798,0,00171,0,00032,0
6309,854,0,07520,-0,99292,-0,23706,1,02359,0,00439,0,00033,0
6311,359,0,08130,-0,99634,-0,24365,1,02891,0,00532,0,00035,0
6313,181,0,08667,-0,99756,-0,23828,1,02928,0,00036,0,00035,0
6314,905,0,07715,-0,99658,-0,24097,1,02820,0,00108,0,00034,0
6316,771,0,07983,-0,99658,-0,23853,1,02783,0,00036,0,00031,0
6318,386,0,07983,-0,99463,-0,24243,1,02686,0,00098,0,00031,0
6319,985,0,08521,-0,99902,-0,23730,1,03035,0,00349,0,00032,0
6322,013,0,07910,-0,99634,-0,24438,1,02892,0,00143,0,00027,0
6323,670,0,07910,-1,00024,-0,24707,1,03334,0,00442,0,00029,0
6325,628,0,07324,-0,99976,-0,24634,1,03226,0,00108,0,00025,0
6327,186,0,07397,-0,99658,-0,24341,1,02854,0,00372,0,00026,0
6328,741,0,08032,-0,99756,-0,23730,1,02854,0,00000,0,00022,0
6330,300,0,08667,-0,99756,-0,23901,1,02945,0,00091,0,00022,0
6331,854,0,07715,-0,99414,-0,24390,1,02652,0,00292,0,00023,0
6333,474,0,07446,-0,99219,-0,23340,1,02199,0,00454,0,00024,0
6335,016,0,07837,-1,00000,-0,24048,1,03149,0,00950,0,00031,0
6336,627,0,08081,-0,99780,-0,24634,1,03093,0,00056,0,00029,0
6338,170,0,08325,-0,99780,-0,23999,1,02963,0,00130,0,00026,0
6339,698,0,07886,-0,99902,-0,23779,1,02996,0,00033,0,00026,0
6341,320,0,08008,-0,99438,-0,24023,1,02612,0,00384,0,00027,0
6342,860,0,07886,-0,99438,-0,24292,1,02666,0,00054,0,00025,0
6344,409,0,08276,-0,99097,-0,23999,1,02297,0,00369,0,00026,0
6345,941,0,07935,-0,99316,-0,23462,1,02358,0,00061,0,00026,0
6347,467,0,07642,-0,98975,-0,24902,1,02345,0,00013,0,00025,0
6349,035,0,07666,-0,99268,-0,25220,1,02708,0,00363,0,00026,0
6350,552,0,07666,-0,99561,-0,22998,1,02469,0,00238,0,00025,0
6352,081,0,07886,-0,99683,-0,23828,1,02794,0,00324,0,00023,0
6353,583,0,07471,-1,00317,-0,23755,1,03362,0,00568,0,00026,0
6355,105,0,07373,-0,99341,-0,24438,1,02568,0,00794,0,00033,0
6356,611,0,07690,-1,00098,-0,24023,1,03227,0,00659,0,00037,0
6358,187,0,08301,-1,00024,-0,23950,1,03186,0,00041,0,00037,0
6359,726,0,08252,-0,99829,-0,24268,1,03067,0,00119,0,00036,0
6361,466,0,07812,-0,99829,-0,23755,1,02913,0,00154,0,00036,0
6363,014,0,07617,-0,99683,-0,24951,1,03040,0,00126,0,00034,0
6364,710,0,07812,-1,00171,-0,23853,1,03268,0,00228,0,00034,0
6366,245,0,08081,-0,99902,-0,23828,1,03022,0,00245,0,00034,0
6367,785,0,08130,-1,00171,-0,23950,1,03315,0,00293,0,00034,0
6369,519,0,08472,-0,99072,-0,23755,1,02232,0,01083,0,00046,0
6371,010,0,08447,-0,99854,-0,24365,1,03130,0,00898,0,00053,0
6372,486,0,08740,-0,99170,-0,23706,1,02338,0,00792,0,00058,0
6374,026,0,07910,-0,99536,-0,24219,1,02745,0,00407,0,00050,0
6375,505,0,08789,-0,99512,-0,24023,1,02747,0,00002,0,00050,0
6376,986,0,08301,-0,99976,-0,23901,1,03128,0,00381,0,00051,0
6378,689,0,08130,-1,00098,-0,23950,1,03244,0,00116,0,00052,0
6380,166,0,07886,-0,99487,-0,23950,1,02633,0,00611,0,00054,0
6381,774,0,07910,-1,00024,-0,24365,1,03253,0,00620,0,00058,0
6383,309,0,07959,-0,99707,-0,23999,1,02863,0,00390,0,00058,0
6384,835,0,07471,-0,99707,-0,23901,1,02804,0,00059,0,00058,0
6386,505,0,07788,-0,99731,-0,24365,1,02960,0,00156,0,00058,0
6388,681,0,08057,-0,99512,-0,23950,1,02670,0,00290,0,00058,0
6390,237,0,07666,-0,99292,-0,23706,1,02370,0,00300,0,00058,0
6391,748,0,08057,-0,99292,-0,24097,1,02491,0,00121,0,00057,0
6393,499,0,07617,-0,99805,-0,22900,1,02681,0,00190,0,00054,0
6395,063,0,07935,-0,99390,-0,23535,1,02446,0,00235,0,00048,0
6396,629,0,07690,-0,99634,-0,24243,1,02829,0,00383,0,00045,0
6398,200,0,08423,-0,99829,-0,24146,1,03052,0,00224,0,00046,0
6399,702,0,07715,-0,99634,-0,24194,1,02819,0,00233,0,00046,0
6401,198,0,07983,-0,99780,-0,24048,1,02947,0,00128,0,00046,0
6402,858,0,07812,-0,99438,-0,23975,1,02586,0,00362,0,00047,0
6404,382,0,08032,-0,99414,-0,24292,1,02654,0,00068,0,00047,0
6406,072,0,07471,-0,99390,-0,24756,1,02698,0,00045,0,00046,0
6407,576,0,07910,-0,99390,-0,23657,1,02472,0,00226,0,00046,0
6409,187,0,07812,-0,99414,-0,24292,1,02637,0,00165,0,00035,0
6410,764,0,08301,-0,99292,-0,24927,1,02709,0,00072,0,00027,0
6412,278,0,08643,-1,00073,-0,24414,1,03370,0,00661,0,00025,0
6413,807,0,08252,-0,99902,-0,23828,1,03036,0,00334,0,00024,0
6415,295,0,07812,-0,99536,-0,23706,1,02618,0,00418,0,00026,0
6416,974,0,07910,-0,99536,-0,24390,1,02786,0,00168,0,00025,0
6418,749,0,07715,-0,99927,-0,24048,1,03069,0,00283,0,00025,0
6420,540,0,08276,-0,99292,-0,23193,1,02300,0,00769,0,00028,0
6422,040,0,08276,-0,99609,-0,24170,1,02833,0,00533,0,00027,0
6423,541,0,07812,-0,99512,-0,23877,1,02634,0,00199,0,00025,0
6425,199,0,07764,-0,99683,-0,23999,1,02824,0,00190,0,00026,0
6426,704,0,07788,-0,99878,-0,24048,1,03027,0,00203,0,00026,0
6428,277,0,07739,-0,99390,-0,23853,1,02504,0,00523,0,00028,0
6429,883,0,07666,-1,00293,-0,23779,1,03358,0,00854,0,00034,0
6431,367,0,07764,-0,99390,-0,23511,1,02427,0,00931,0,00043,0
6432,834,0,07666,-0,99536,-0,24341,1,02755,0,00328,0,00043,0
6434,318,0,07935,-0,99731,-0,24072,1,02902,0,00146,0,00043,0
6435,819,0,08691,-0,99780,-0,24683,1,03155,0,00253,0,00042,0
6437,506,0,07983,-0,99219,-0,23901,1,02369,0,00786,0,00048,0
6439,033,0,08032,-0,98584,-0,23950,1,01769,0,00600,0,00051,0
6440,534,0,07935,-0,99683,-0,23584,1,02741,0,00972,0,00060,0
6442,045,0,07764,-0,99805,-0,23828,1,02903,0,00162,0,00059,0
6443,564,0,07935,-0,99609,-0,23779,1,02715,0,00188,0,00060,0
6445,099,0,07617,-0,99658,-0,24316,1,02864,0,00149,0,00060,0
6446,597,0,07837,-0,99878,-0,24341,1,03099,0,00235,0,00060,0
6448,102,0,08228,-0,99634,-0,24780,1,02998,0,00101,0,00060,0
6449,596,0,07812,-0,99951,-0,24878,1,03297,0,00298,0,00060,0
6451,092,0,08398,-1,00024,-0,24341,1,03285,0,00011,0,00056,0
6452,576,0,08276,-0,99414,-0,24683,1,02766,0,00519,0,00058,0
6454,067,0,08057,-0,99976,-0,23999,1,03131,0,00365,0,00057,0
6455,593,0,08228,-0,99902,-0,23730,1,03011,0,00120,0,00057,0
6457,215,0,07861,-0,99219,-0,24341,1,02463,0,00548,0,00059,0
6458,757,0,07837,-0,99536,-0,23755,1,02631,0,00168,0,00054,0
6460,303,0,08521,-0,99268,-0,24414,1,02580,0,00051,0,00051,0
6461,833,0,08374,-0,99609,-0,24072,1,02818,0,00238,0,00051,0
6463,306,0,07812,-0,99634,-0,23877,1,02752,0,00066,0,00051,0
6464,776,0,07690,-0,99463,-0,23877,1,02577,0,00175,0,00051,0
6466,274,0,08105,-0,99805,-0,24341,1,03049,0,00472,0,00050,0
6467,781,0,07690,-0,99194,-0,24414,1,02444,0,00606,0,00047,0
6469,493,0,07812,-1,00049,-0,24731,1,03356,0,00912,0,00046,0
6471,014,0,08154,-0,99585,-0,23706,1,02692,0,00664,0,00049,0
6472,519,0,08667,-0,99731,-0,23950,1,02932,0,00241,0,00050,0
6474,025,0,07422,-0,99658,-0,23853,1,02741,0,00191,0,00050,0
6475,536,0,07837,-0,99707,-0,24609,1,02998,0,00256,0,00044,0
6477,041,0,08032,-1,00391,-0,24561,1,03663,0,00665,0,00045,0
6478,712,0,08521,-0,99365,-0,23975,1,02571,0,01092,0,00047,0
6480,299,0,08057,-0,99878,-0,23901,1,03014,0,00442,0,00049,0
6481,849,0,07886,-1,00244,-0,23657,1,03299,0,00286,0,00050,0
6483,355,0,07715,-0,99951,-0,23633,1,02996,0,00303,0,00050,0
6484,981,0,08032,-0,98901,-0,24365,1,02175,0,00822,0,00056,0
6486,504,0,07715,-0,99146,-0,24414,1,02398,0,00224,0,00057,0
6488,046,0,07788,-1,00098,-0,23950,1,03217,0,00819,0,00063,0
6489,536,0,07910,-0,99878,-0,24316,1,03099,0,00118,0,00063,0
6491,039,0,07959,-0,99731,-0,24219,1,02938,0,00161,0,00060,0
6492.538,0.08105,-0.99390,-0.24487,1.02682,0.00256,0.00060,0
6494.043,0.08032,-0.99805,-0.24194,1.03009,0.00327,0.00061,0
6495.521,0.07739,-0.99487,-0.23706,1.02565,0.00444,0.00060,0
6496.990,0.08521,-0.99829,-0.23901,1.03004,0.00438,0.00061,0
6498.488,0.08325,-0.99780,-0.24341,1.03043,0.00040,0.00061,0
6499.948,0.08130,-0.99243,-0.23950,1.02415,0.00628,0.00065,0
6501.402,0.08716,-0.99854,-0.24536,1.03193,0.00777,0.00071,0
6502.858,0.08252,-0.99268,-0.24463,1.02570,0.00623,0.00074,0
6504.317,0.08154,-0.99121,-0.23804,1.02265,0.00305,0.00073,0
6506.006,0.08081,-0.99829,-0.24585,1.03129,0.00864,0.00077,0
6507.472,0.08228,-0.99707,-0.24243,1.02941,0.00188,0.00069,0
6508.962,0.07788,-0.99512,-0.23853,1.02626,0.00315,0.00065,0
6510.572,0.08130,-0.99561,-0.23926,1.02717,0.00091,0.00065,0
6512.055,0.07983,-0.99731,-0.24048,1.02900,0.00183,0.00065,0
6513.557,0.08105,-1.00024,-0.23999,1.03182,0.00282,0.00065,0
6515.082,0.08032,-0.99927,-0.24854,1.03284,0.00102,0.00061,0
6516.594,0.07739,-0.99951,-0.24292,1.03152,0.00132,0.00049,0
6518.102,0.07861,-1.00220,-0.23950,1.03341,0.00190,0.00047,0
6519.580,0.08350,-0.99854,-0.23560,1.02934,0.00407,0.00048,0
6521.242,0.07861,-0.99512,-0.23633,1.02581,0.00353,0.00048,0
6522.833,0.07544,-1.00439,-0.23926,1.03525,0.00944,0.00051,0
6524.338,0.07495,-0.99561,-0.24585,1.02825,0.00700,0.00055,0
6526.029,0.08130,-0.99805,-0.24292,1.03040,0.00215,0.00049,0
6527.514,0.07935,-0.99731,-0.24438,1.02988,0.00052,0.00049,0
6528.997,0.07837,-0.99438,-0.23950,1.02582,0.00406,0.00050,0
6530.584,0.07861,-0.99194,-0.24829,1.02556,0.00026,0.00049,0
6532.065,0.07690,-1.00000,-0.24023,1.03132,0.00576,0.00052,0
6533.547,0.08301,-0.99805,-0.24561,1.03117,0.00015,0.00050,0
6535.031,0.08252,-0.99292,-0.24683,1.02646,0.00471,0.00050,0
6536.558,0.08203,-0.98975,-0.23804,1.02127,0.00519,0.00053,0
6538.058,0.07739,-0.99316,-0.24194,1.02513,0.00387,0.00050,0
6539.575,0.07910,-0.99170,-0.24731,1.02513,0.00001,0.00044,0
6541.406,0.07153,-0.98901,-0.24072,1.02040,0.00473,0.00042,0
6543.142,0.07910,-1.00000,-0.24390,1.03235,0.01195,0.00056,0
6545.940,0.07617,-0.99976,-0.24707,1.03265,0.00030,0.00048,0
6547.442,0.08130,-0.99878,-0.23657,1.02963,0.00302,0.00049,0
6548.984,0.08252,-0.99146,-0.23218,1.02162,0.00801,0.00054,0
6550.546,0.07349,-0.99976,-0.23682,1.03005,0.00843,0.00061,0
6552.027,0.07764,-0.99658,-0.24072,1.02818,0.00187,0.00061,0
6553.508,0.08105,-0.99390,-0.24194,1.02613,0.00205,0.00061,0
6555.022,0.08350,-0.99536,-0.24341,1.02809,0.00196,0.00061,0
6556.539,0.08350,-0.99658,-0.24805,1.03038,0.00229,0.00062,0
6558.051,0.07886,-0.99048,-0.25244,1.02518,0.00520,0.00064,0
6559.603,0.07935,-0.99438,-0.24316,1.02675,0.00158,0.00063,0
6561.238,0.08105,-0.99487,-0.24219,1.02713,0.00038,0.00061,0
6562.903,0.07593,-0.99316,-0.24316,1.02531,0.00182,0.00053,0
6564.499,0.08276,-0.99854,-0.24585,1.03168,0.00637,0.00052,0
6566.005,0.07959,-0.99512,-0.24951,1.02900,0.00268,0.00052,0
6567.522,0.07935,-0.99536,-0.24023,1.02701,0.00199,0.00052,0
6569.245,0.07837,-0.99170,-0.23804,1.02287,0.00414,0.00053,0
6570.762,0.07812,-0.99121,-0.23950,1.02272,0.00015,0.00053,0
6572.331,0.07983,-0.99536,-0.24341,1.02780,0.00507,0.00052,0
6573.982,0.07666,-1.00098,-0.24658,1.03375,0.00595,0.00055,0
6575.497,0.08594,-0.99146,-0.24194,1.02416,0.00959,0.00062,0
6576.997,0.08105,-0.99658,-0.23560,1.02725,0.00309,0.00061,0
6578.720,0.07715,-1.00146,-0.23901,1.03248,0.00522,0.00062,0
6580.400,0.07690,-0.99829,-0.24243,1.03018,0.00230,0.00062,0
6581.915,0.07910,-0.99878,-0.24487,1.03140,0.00122,0.00060,0
6583.420,0.07324,-0.99463,-0.24048,1.02590,0.00549,0.00049,0
6584.996,0.08276,-0.99097,-0.24878,1.02506,0.00084,0.00049,0
6586.501,0.08228,-0.99634,-0.24536,1.02940,0.00433,0.00050,0
6588.056,0.08203,-0.99414,-0.23999,1.02598,0.00342,0.00045,0
6589.561,0.07227,-0.99805,-0.24121,1.02932,0.00334,0.00039,0
6591.074,0.07837,-1.00000,-0.24097,1.03160,0.00228,0.00039,0
6592.575,0.08887,-0.99854,-0.23389,1.02940,0.00220,0.00039,0
6594.092,0.08325,-0.99414,-0.23657,1.02529,0.00412,0.00040,0
6595.599,0.08691,-0.99634,-0.23560,1.02750,0.00221,0.00040,0
6597.337,0.08130,-1.00220,-0.24683,1.03534,0.00785,0.00044,0
6598.957,0.08350,-0.99805,-0.24341,1.03069,0.00465,0.00046,0
6600.611,0.08496,-0.99463,-0.24121,1.02698,0.00371,0.00047,0
6602.222,0.08105,-0.99878,-0.23828,1.03000,0.00302,0.00048,0
6603.915,0.07861,-1.00049,-0.23511,1.03074,0.00074,0.00044,0
6605.549,0.08252,-0.99463,-0.23462,1.02525,0.00549,0.00046,0
6607.388,0.08081,-1.00244,-0.23633,1.03309,0.00784,0.00052,0
6609.371,0.07959,-0.99170,-0.23999,1.02342,0.00966,0.00059,0
6611.101,0.07788,-0.99512,-0.23779,1.02609,0.00267,0.00060,0
6612.681,0.08057,-0.99561,-0.25000,1.02967,0.00358,0.00059,0
6614.210,0.08057,-0.99683,-0.23999,1.02847,0.00120,0.00055,0
6615.717,0.08105,-0.99463,-0.23364,1.02491,0.00356,0.00047,0
6617.273,0.07861,-0.99731,-0.24561,1.03012,0.00520,0.00049,0
6618.919,0.07617,-1.00244,-0.24756,1.03536,0.00525,0.00049,0
6620.579,0.08252,-0.99219,-0.24146,1.02447,0.01089,0.00060,0
6622.099,0.07788,-0.99463,-0.23608,1.02523,0.00075,0.00060,0
6623.596,0.07617,-0.99609,-0.24194,1.02788,0.00266,0.00058,0
6625.263,0.07739,-1.00024,-0.23560,1.03053,0.00264,0.00059,0
6626.772,0.08179,-0.99707,-0.24341,1.02960,0.00092,0.00057,0
6628.312,0.07959,-0.99609,-0.24683,1.02930,0.00030,0.00056,0
6630.055,0.07568,-0.99683,-0.24536,1.02937,0.00006,0.00055,0
6631.577,0.08203,-1.00049,-0.24731,1.03386,0.00450,0.00056,0
6633.079,0.08130,-0.99512,-0.23877,1.02659,0.00728,0.00061,0
6634.633,0.08081,-0.99658,-0.23999,1.02825,0.00167,0.00060,0
6636.170,0.07739,-0.99683,-0.23853,1.02788,0.00037,0.00059,0
6637.673,0.08350,-0.99414,-0.23926,1.02593,0.00195,0.00053,0
6639.180,0.07471,-0.99878,-0.23853,1.02958,0.00365,0.00052,0
6640.681,0.07837,-0.99585,-0.23853,1.02701,0.00257,0.00052,0
6642.182,0.08130,-0.99048,-0.24121,1.02266,0.00435,0.00053,0
6643.797,0.08228,-0.99707,-0.24023,1.02890,0.00623,0.00057,0
6645.301,0.07910,-0.99536,-0.23999,1.02694,0.00196,0.00054,0
6646.842,0.07593,-0.99561,-0.24341,1.02774,0.00080,0.00048,0
6648.344,0.07983,-0.99341,-0.23608,1.02419,0.00354,0.00040,0
6649.877,0.08081,-0.99658,-0.24146,1.02859,0.00440,0.00041,0
6651.377,0.08472,-0.99683,-0.23926,1.02863,0.00004,0.00040,0
6652.880,0.08154,-0.99854,-0.24048,1.03032,0.00168,0.00040,0
6654.499,0.07886,-0.99683,-0.23804,1.02788,0.00243,0.00039,0
6655.999,0.07910,-1.00049,-0.23633,1.03106,0.00318,0.00037,0
6657.497,0.08057,-0.99121,-0.23682,1.02229,0.00877,0.00042,0
6659.025,0.07935,-0.99658,-0.23755,1.02757,0.00528,0.00033,0
6660.548,0.08081,-0.99731,-0.24268,1.02959,0.00202,0.00034,0
6662.053,0.08008,-0.99438,-0.24463,1.02716,0.00243,0.00034,0
6663.577,0.08032,-0.99609,-0.23608,1.02683,0.00032,0.00033,0
6665.204,0.07568,-0.99292,-0.23828,1.02391,0.00292,0.00034,0
6666.904,0.07886,-0.99316,-0.23608,1.02388,0.00003,0.00034,0
6668.582,0.08179,-1.00244,-0.24414,1.03498,0.01110,0.00046,0
6670.090,0.07739,-0.99316,-0.24951,1.02695,0.00803,0.00050,0
6671.586,0.07471,-0.99805,-0.24023,1.02927,0.00232,0.00046,0
6673.088,0.08032,-0.99902,-0.24365,1.03144,0.00217,0.00046,0
6674.663,0.07739,-0.99634,-0.24146,1.02810,0.00334,0.00047,0
6676.167,0.08081,-1.00073,-0.24194,1.03273,0.00464,0.00049,0
6677.671,0.07764,-1.00024,-0.24438,1.03259,0.00014,0.00047,0
6679.170,0.08398,-0.99829,-0.23657,1.02937,0.00322,0.00048,0
6680.676,0.08545,-0.99512,-0.23828,1.02681,0.00256,0.00047,0
6682.184,0.08154,-1.00146,-0.24634,1.03454,0.00773,0.00049,0
6683.684,0.07739,-1.00073,-0.24634,1.03351,0.00103,0.00048,0
6685.312,0.07446,-1.00024,-0.23608,1.03042,0.00309,0.00049,0
6686.813,0.07739,-0.99536,-0.24121,1.02709,0.00333,0.00049,0
6688.322,0.07397,-0.99292,-0.24316,1.02493,0.00216,0.00048,0
6689.854,0.07788,-0.99487,-0.24292,1.02706,0.00212,0.00048,0
6691.352,0.07935,-0.99902,-0.24658,1.03206,0.00500,0.00050,0
6692.853,0.07324,-0.99365,-0.24878,1.02694,0.00512,0.00052,0
6694.359,0.07617,-0.99414,-0.24463,1.02663,0.00031,0.00051,0
6695.903,0.08203,-0.99902,-0.24561,1.03204,0.00541,0.00047,0
6697.510,0.07837,-0.99561,-0.24292,1.02780,0.00423,0.00046,0
6699.014,0.08447,-0.99170,-0.24023,1.02387,0.00393,0.00047,0
6700.542,0.08057,-0.99414,-0.24268,1.02650,0.00263,0.00047,0
6702.043,0.08008,-0.99658,-0.24707,1.02987,0.00337,0.00048,0
6703.550,0.08740,-0.99780,-0.23730,1.02935,0.00052,0.00047,0
6705.049,0.07959,-0.99390,-0.24414,1.02653,0.00282,0.00048,0
6706.782,0.08008,-0.99561,-0.24023,1.02730,0.00077,0.00036,0
6708.338,0.08057,-0.99609,-0.24561,1.02908,0.00178,0.00029,0
6709.856,0.07715,-0.99487,-0.23926,1.02614,0.00294,0.00030,0
6711.364,0.07861,-0.99927,-0.23657,1.02989,0.00375,0.00031,0
6712.861,0.08032,-0.99390,-0.24146,1.02595,0.00394,0.00031,0
6714.367,0.07544,-0.99854,-0.24561,1.03106,0.00511,0.00032,0
6715.869,0.08130,-1.00146,-0.23755,1.03246,0.00140,0.00032,0
6717.467,0.07715,-1.00049,-0.23462,1.03052,0.00194,0.00031,0
6719.013,0.07886,-0.99951,-0.23682,1.03021,0.00032,0.00030,0
6720.582,0.08130,-0.99072,-0.24072,1.02278,0.00742,0.00030,0
6722.099,0.08545,-1.00024,-0.24561,1.03349,0.01071,0.00041,0
6723.599,0.08179,-0.99390,-0.24292,1.02642,0.00708,0.00045,0
6725.280,0.07715,-1.00073,-0.24365,1.03285,0.00644,0.00048,0
6726.781,0.08203,-1.00073,-0.23389,1.03097,0.00188,0.00048,0
6728.332,0.08105,-0.99658,-0.22827,1.02560,0.00537,0.00051,0
6729.953,0.07910,-0.99829,-0.23584,1.02882,0.00322,0.00049,0
6731.461,0.08032,-0.99609,-0.23315,1.02617,0.00265,0.00047,0
6733.057,0.07812,-0.99585,-0.24243,1.02791,0.00174,0.00048,0
6734.657,0.07959,-0.99731,-0.23608,1.02796,0.00006,0.00045,0
6736.154,0.07764,-0.99609,-0.24072,1.02771,0.00026,0.00043,0
6737.653,0.07227,-0.99292,-0.24487,1.02522,0.00249,0.00042,0
6739.154,0.07642,-0.98975,-0.24170,1.02169,0.00353,0.00043,0
6740.653,0.08057,-1.00098,-0.23926,1.03232,0.01063,0.00053,0
6742.156,0.07935,-1.00366,-0.24072,1.03517,0.00285,0.00054,0
6743.729,0.07886,-0.99609,-0.23950,1.02751,0.00766,0.00059,0
6745.256,0.07764,-0.99585,-0.24512,1.02851,0.00099,0.00059,0
6746.843,0.07837,-0.99927,-0.24194,1.03112,0.00262,0.00059,0
6748.350,0.07861,-0.99927,-0.23926,1.03051,0.00061,0.00058,0
6749.888,0.08447,-0.99756,-0.24048,1.02961,0.00091,0.00057,0
6751.389,0.07837,-0.99609,-0.24023,1.02765,0.00196,0.00056,0
6752.890,0.07910,-0.99658,-0.23877,1.02783,0.00019,0.00053,0
6754.393,0.08008,-0.99390,-0.24146,1.02594,0.00190,0.00053,0
6755.934,0.08691,-0.99268,-0.23975,1.02491,0.00103,0.00053,0
6757.512,0.08301,-0.99805,-0.24170,1.03025,0.00534,0.00056,0
6759.040,0.08032,-0.99927,-0.23755,1.03025,0.00001,0.00050,0
6760.560,0.08862,-0.99463,-0.24438,1.02804,0.00221,0.00039,0
6762.061,0.08228,-0.98975,-0.24585,1.02314,0.00490,0.00037,0
6763.582,0.07642,-1.00024,-0.23730,1.03084,0.00771,0.00039,0
6765.207,0.08130,-1.00220,-0.23828,1.03334,0.00249,0.00039,0
6766.912,0.07690,-0.99658,-0.24854,1.02998,0.00336,0.00037,0
6768.608,0.07959,-0.99658,-0.24316,1.02890,0.00108,0.00036,0
6770.128,0.07910,-0.99316,-0.23584,1.02384,0.00506,0.00038,0
6771.625,0.07642,-0.99243,-0.24292,1.02458,0.00074,0.00038,0
6773.218,0.08179,-0.99707,-0.24512,1.03001,0.00543,0.00041,0
6774.907,0.08179,-0.99976,-0.24658,1.03296,0.00295,0.00042,0
6776.415,0.08179,-0.99976,-0.23535,1.03034,0.00262,0.00042,0
6778.068,0.08276,-0.99512,-0.24878,1.02908,0.00126,0.00041,0
6779.575,0.07959,-0.99463,-0.24219,1.02678,0.00230,0.00030,0
6781.259,0.08008,-0.99683,-0.24976,1.03075,0.00397,0.00031,0
6782.776,0.08423,-0.99536,-0.24609,1.02879,0.00197,0.00025,0
6784.339,0.08350,-0.99585,-0.24854,1.02979,0.00100,0.00025,0
6785.850,0.07788,-0.99487,-0.24951,1.02864,0.00115,0.00025,0
6787.351,0.08154,-0.99585,-0.24902,1.02975,0.00111,0.00025,0
6788.852,0.07520,-0.99756,-0.24731,1.03051,0.00076,0.00025,0
6790.356,0.07837,-0.99609,-0.23804,1.02713,0.00337,0.00025,0
6791.859,0.07812,-0.99463,-0.23804,1.02570,0.00144,0.00026,0
6793.504,0.08154,-0.99146,-0.23438,1.02204,0.00366,0.00027,0
6795.027,0.08423,-0.99658,-0.23901,1.02830,0.00626,0.00030,0
6796.616,0.08228,-0.99658,-0.24072,1.02854,0.00024,0.00027,0
6798.122,0.08203,-0.99878,-0.24927,1.03268,0.00414,0.00029,0
6799.616,0.07886,-0.99878,-0.24023,1.03029,0.00239,0.00029,0
6801.247,0.08325,-1.00098,-0.24438,1.03374,0.00345,0.00028,0
6802.871,0.07788,-1.00000,-0.24292,1.03202,0.00171,0.00022,0
6804.370,0.07959,-0.99854,-0.24219,1.03056,0.00146,0.00022,0
6806.104,0.08350,-0.99780,-0.23877,1.02937,0.00120,0.00021,0
6807.610,0.08252,-1.00146,-0.24316,1.03386,0.00450,0.00023,0
6809.270,0.07739,-1.00024,-0.24023,1.03160,0.00227,0.00021,0
6810.776,0.07690,-0.99463,-0.23950,1.02594,0.00565,0.00024,0
6812.342,0.08374,-0.99536,-0.23755,1.02674,0.00079,0.00021,0
6813.852,0.08081,-0.99097,-0.24585,1.02420,0.00253,0.00021,0
6815.349,0.07617,-0.99731,-0.24268,1.02924,0.00504,0.00023,0
6816.847,0.07544,-1.00024,-0.23535,1.03033,0.00109,0.00023,0
6818.351,0.08057,-1.00342,-0.23999,1.03486,0.00453,0.00024,0
6819.853,0.07690,-0.99854,-0.23730,1.02922,0.00564,0.00026,0
6821.519,0.08203,-0.99707,-0.24512,1.03003,0.00081,0.00026,0
6823.030,0.08032,-0.99463,-0.25537,1.03003,0.00000,0.00025,0
6824.599,0.07837,-1.00317,-0.23682,1.03372,0.00370,0.00027,0
6826.105,0.08545,-0.99097,-0.24512,1.02440,0.00932,0.00035,0
6827.601,0.08350,-0.99561,-0.23975,1.02746,0.00306,0.00036,0
6829.106,0.07837,-0.99585,-0.23486,1.02617,0.00130,0.00035,0
6830.684,0.08008,-1.00195,-0.23950,1.03329,0.00712,0.00040,0
6832.185,0.07764,-0.99854,-0.23584,1.02894,0.00435,0.00041,0
6833.685,0.07886,-0.99463,-0.23340,1.02469,0.00426,0.00038,0
6835.189,0.07788,-0.99487,-0.23950,1.02625,0.00157,0.00039,0
6836.788,0.07959,-0.99634,-0.23828,1.02752,0.00127,0.00037,0
6838.286,0.07544,-0.99878,-0.24927,1.03218,0.00465,0.00039,0
6839.784,0.07642,-0.99805,-0.24902,1.03148,0.00070,0.00038,0
6841.285,0.08398,-0.99243,-0.24121,1.02477,0.00671,0.00042,0
6842.787,0.08301,-0.99609,-0.24390,1.02887,0.00410,0.00043,0
6844.352,0.08252,-0.99683,-0.24561,1.02995,0.00108,0.00043,0
6845.959,0.08105,-0.99683,-0.23779,1.02800,0.00195,0.00042,0
6847.462,0.07617,-0.99634,-0.24023,1.02772,0.00028,0.00041,0
6849.063,0.08105,-0.99658,-0.24878,1.03036,0.00264,0.00039,0
6850.571,0.07983,-0.99731,-0.23511,1.02776,0.00260,0.00039,0
6852.063,0.07861,-0.99487,-0.24023,1.02648,0.00128,0.00039,0
6853.563,0.07812,-0.99805,-0.24219,1.02998,0.00350,0.00037,0
6855.060,0.07886,-0.99536,-0.24780,1.02877,0.00121,0.00037,0
6856.606,0.08228,-0.99902,-0.23584,1.02978,0.00100,0.00035,0
6858.117,0.07983,-0.99756,-0.24341,1.02992,0.00015,0.00032,0
6859.611,0.07935,-0.98975,-0.24414,1.02250,0.00743,0.00038,0
6861.233,0.07593,-1.00171,-0.22852,1.03025,0.00775,0.00044,0
6862.930,0.08228,-0.99634,-0.22949,1.02573,0.00451,0.00044,0
6864.538,0.07935,-0.99316,-0.23901,1.02460,0.00113,0.00036,0
6866.041,0.08398,-0.99365,-0.24390,1.02659,0.00199,0.00035,0
6867.535,0.08081,-1.00098,-0.23950,1.03240,0.00581,0.00039,0
6869.126,0.07812,-0.99951,-0.24316,1.03163,0.00077,0.00034,0
6870.628,0.08081,-1.00000,-0.24390,1.03248,0.00085,0.00032,0
6872.169,0.07910,-0.99805,-0.23364,1.02808,0.00440,0.00032,0
6873.663,0.08130,-0.99512,-0.23657,1.02608,0.00200,0.00032,0
6875.155,0.07788,-0.99609,-0.22778,1.02477,0.00131,0.00032,0
6876.673,0.07764,-0.99756,-0.23560,1.02794,0.00317,0.00031,0
6878.170,0.08350,-0.99365,-0.24365,1.02649,0.00145,0.00031,0
6879.723,0.07910,-0.99194,-0.23486,1.02243,0.00406,0.00028,0
6881.547,0.08325,-1.00415,-0.24316,1.03652,0.01409,0.00046,0
6883.157,0.08276,-0.99512,-0.23438,1.02569,0.01083,0.00058,0
6884.823,0.07910,-0.99219,-0.23999,1.02386,0.00183,0.00058,0
6886.346,0.07959,-1.00171,-0.24438,1.03416,0.01030,0.00068,0
6887.855,0.08179,-0.99854,-0.24268,1.03085,0.00331,0.00069,0
6889.548,0.07910,-0.99414,-0.24463,1.02685,0.00400,0.00070,0
6891.061,0.07910,-0.99512,-0.23096,1.02463,0.00222,0.00070,0
6892.633,0.08203,-0.99731,-0.23730,1.02844,0.00381,0.00070,0
6894.148,0.07983,-0.99072,-0.24365,1.02336,0.00507,0.00073,0
6895.640,0.08301,-0.99341,-0.24341,1.02616,0.00279,0.00073,0
6897.283,0.08252,-0.99170,-0.24365,1.02452,0.00164,0.00074,0
6898.768,0.08276,-0.99731,-0.25122,1.03179,0.00727,0.00074,0
6900.223,0.07764,-0.99707,-0.23706,1.02780,0.00399,0.00069,0
6901.686,0.07788,-0.99731,-0.23950,1.02862,0.00082,0.00067,0
6903.190,0.07739,-0.99902,-0.23706,1.02968,0.00106,0.00067,0
6904.660,0.08325,-0.99829,-0.23804,1.02965,0.00003,0.00067,0
6906.134,0.07593,-0.99561,-0.23999,1.02693,0.00272,0.00064,0
6907.598,0.07568,-0.99585,-0.24487,1.02830,0.00137,0.00064,0
6909.072,0.07373,-0.99780,-0.24048,1.02902,0.00071,0.00064,0
6910.573,0.08228,-0.99536,-0.24048,1.02730,0.00172,0.00063,0
6912.028,0.08081,-0.99902,-0.23438,1.02932,0.00203,0.00063,0
6913.488,0.07544,-0.99805,-0.23389,1.02786,0.00147,0.00063,0
6914.951,0.08374,-0.99487,-0.23682,1.02609,0.00176,0.00062,0
6916.407,0.07837,-0.99268,-0.23999,1.02428,0.00182,0.00062,0
6917.998,0.07446,-0.99268,-0.24048,1.02410,0.00018,0.00060,0
6919.473,0.08325,-1.00195,-0.24512,1.03485,0.01075,0.00052,0
6921.017,0.07886,-0.99585,-0.24170,1.02779,0.00706,0.00045,0
6922.575,0.08203,-0.99829,-0.23755,1.02944,0.00165,0.00045,0
6924.076,0.08447,-0.99878,-0.23901,1.03045,0.00101,0.00035,0
6925.547,0.07886,-0.99829,-0.23267,1.02807,0.00237,0.00034,0
6927.043,0.07959,-0.99634,-0.24341,1.02872,0.00065,0.00033,0
6928.569,0.07812,-0.99634,-0.24390,1.02873,0.00000,0.00032,0
6930.049,0.08154,-0.99463,-0.24121,1.02670,0.00202,0.00031,0
6931.581,0.08130,-0.99170,-0.24194,1.02402,0.00268,0.00029,0
6933.087,0.07373,-0.99756,-0.24048,1.02878,0.00476,0.00031,0
6934.706,0.07666,-0.99951,-0.24292,1.03146,0.00268,0.00031,0
6936.217,0.07544,-0.99487,-0.24414,1.02717,0.00430,0.00028,0
6937.725,0.07959,-0.99707,-0.24048,1.02874,0.00158,0.00026,0
6939.240,0.07715,-0.99292,-0.24438,1.02546,0.00328,0.00027,0
6940.825,0.07666,-0.99951,-0.24438,1.03181,0.00635,0.00031,0
6942.302,0.08154,-1.00220,-0.24805,1.03565,0.00385,0.00033,0
6943.786,0.07544,-1.00073,-0.24512,1.03307,0.00258,0.00033,0
6945.253,0.08130,-0.99731,-0.24805,1.03091,0.00216,0.00033,0
6946.868,0.07690,-0.99341,-0.23682,1.02414,0.00677,0.00038,0
6948.676,0.07642,-0.99414,-0.24341,1.02635,0.00222,0.00038,0
6950.214,0.07666,-0.99609,-0.24243,1.02803,0.00168,0.00038,0
6951.736,0.08154,-1.00464,-0.24243,1.03669,0.00865,0.00045,0
6953.566,0.07568,-0.99951,-0.24341,1.03150,0.00518,0.00047,0
6955.088,0.08228,-0.99854,-0.24048,1.03037,0.00113,0.00047,0
6956.600,0.08252,-0.99756,-0.23853,1.02899,0.00138,0.00047,0
6958.107,0.07886,-0.99609,-0.23901,1.02740,0.00159,0.00036,0
6959.615,0.07690,-0.99414,-0.24487,1.02674,0.00066,0.00031,0
6961.156,0.08228,-1.00220,-0.24121,1.03409,0.00736,0.00036,0
6962.676,0.08008,-1.00024,-0.24707,1.03341,0.00068,0.00036,0
6964.171,0.08032,-0.99463,-0.24243,1.02689,0.00652,0.00040,0
6965.649,0.07983,-0.99438,-0.24048,1.02616,0.00073,0.00040,0
6967.117,0.08105,-0.99683,-0.23242,1.02677,0.00061,0.00040,0
6970.515,0.07764,-0.99365,-0.23047,1.02298,0.00379,0.00041,0
6972.107,0.07983,-0.99561,-0.22729,1.02434,0.00136,0.00040,0
6973.659,0.07837,-0.99390,-0.23364,1.02399,0.00034,0.00038,0
6975.218,0.07544,-0.99487,-0.23730,1.02556,0.00157,0.00038,0
6976.775,0.07739,-1.00439,-0.24512,1.03676,0.01120,0.00048,0
6978.327,0.07690,-1.00488,-0.23584,1.03505,0.00172,0.00048,0
6979.848,0.08423,-0.99756,-0.24805,1.03138,0.00367,0.00049,0
6981.405,0.08203,-1.00146,-0.24707,1.03475,0.00337,0.00046,0
6982.966,0.07861,-0.99463,-0.25439,1.02965,0.00510,0.00047,0
6984.622,0.08081,-0.99829,-0.25000,1.03229,0.00263,0.00047,0
6986.181,0.08667,-0.99634,-0.24170,1.02889,0.00339,0.00048,0
6987.742,0.07886,-1.00195,-0.24438,1.03434,0.00544,0.00046,0
6989.354,0.07690,-1.00244,-0.23975,1.03358,0.00076,0.00046,0
6990.972,0.07642,-0.99561,-0.23950,1.02685,0.00672,0.00050,0
6992.717,0.07861,-1.00024,-0.23926,1.03146,0.00461,0.00044,0
6998.734,0.07910,-0.99243,-0.23560,1.02308,0.00839,0.00049,0
7000.421,0.08130,-0.99658,-0.23438,1.02699,0.00392,0.00050,0
7002.024,0.07153,-0.99341,-0.24658,1.02605,0.00094,0.00050,0
7003.660,0.07544,-0.99878,-0.24146,1.03032,0.00427,0.00052,0
7005.319,0.07886,-0.99609,-0.24219,1.02814,0.00217,0.00052,0
7006.968,0.08105,-0.98950,-0.23511,1.02027,0.00787,0.00053,0
7008.840,0.07959,-0.99438,-0.23633,1.02518,0.00490,0.00055,0
7010.701,0.07739,-0.99390,-0.24780,1.02724,0.00207,0.00051,0
7012.414,0.07593,-0.99316,-0.23145,1.02260,0.00464,0.00053,0
7014.472,0.08643,-1.00122,-0.24170,1.03360,0.01100,0.00066,0
7016.068,0.08374,-0.99780,-0.24512,1.03088,0.00273,0.00065,0
7017.599,0.07861,-0.99951,-0.23682,1.03019,0.00069,0.00065,0
7019.412,0.08130,-0.99683,-0.23511,1.02740,0.00279,0.00065,0
7021.362,0.07715,-0.99683,-0.23535,1.02713,0.00026,0.00065,0
7023.015,0.08154,-0.99414,-0.24390,1.02686,0.00027,0.00053,0
7024.542,0.07812,-0.99658,-0.23462,1.02680,0.00006,0.00052,0
7026.176,0.07886,-0.99194,-0.23853,1.02326,0.00354,0.00052,0
7028.866,0.07495,-0.99072,-0.24536,1.02340,0.00014,0.00051,0
7030.715,0.07886,-0.99463,-0.24023,1.02626,0.00286,0.00049,0
7032.431,0.08032,-0.99048,-0.24731,1.02404,0.00222,0.00049,0
7034.021,0.08521,-0.99243,-0.24512,1.02580,0.00176,0.00048,0
7035.747,0.08032,-0.99561,-0.24121,1.02755,0.00175,0.00046,0
7038.252,0.07788,-0.99512,-0.24023,1.02666,0.00089,0.00046,0
7039.893,0.08252,-0.99731,-0.24634,1.03060,0.00393,0.00043,0
7043.145,0.07764,-0.99731,-0.23291,1.02709,0.00351,0.00042,0
7044.706,0.08252,-1.00073,-0.24194,1.03287,0.00578,0.00038,0
7046.229,0.08154,-0.99634,-0.24072,1.02824,0.00462,0.00039,0
7047.723,0.08008,-0.99536,-0.24585,1.02840,0.00015,0.00039,0
7049.192,0.08276,-0.99512,-0.23853,1.02665,0.00175,0.00037,0
7050.662,0.08276,-0.99487,-0.24170,1.02715,0.00051,0.00037,0
7052.118,0.07812,-1.00000,-0.23950,1.03124,0.00409,0.00032,0
7053.596,0.07568,-1.00024,-0.24219,1.03193,0.00068,0.00030,0
7055.743,0.08423,-0.99219,-0.24561,1.02560,0.00633,0.00033,0
7057.474,0.08228,-0.99634,-0.24756,1.02992,0.00433,0.00033,0
7059.226,0.07910,-0.99878,-0.24219,1.03076,0.00084,0.00021,0
7060.725,0.07715,-0.99512,-0.24146,1.02689,0.00387,0.00022,0
7062.202,0.07666,-0.99927,-0.23926,1.03037,0.00347,0.00023,0
7064.266,0.08154,-0.99341,-0.23975,1.02518,0.00519,0.00025,0
7065.841,0.07764,-1.00171,-0.24316,1.03372,0.00854,0.00032,0
7067.312,0.08252,-0.99487,-0.23901,1.02650,0.00722,0.00037,0
7068.770,0.07886,-0.99341,-0.24341,1.02583,0.00067,0.00037,0
7070.225,0.07983,-0.99292,-0.24609,1.02607,0.00024,0.00036,0
7071.691,0.07788,-0.99341,-0.24414,1.02593,0.00014,0.00036,0
7073.174,0.07910,-0.99634,-0.24780,1.02973,0.00381,0.00037,0
7074.702,0.08154,-0.99536,-0.24023,1.02718,0.00255,0.00037,0
7076.400,0.07812,-0.99829,-0.23804,1.02925,0.00206,0.00037,0
7078.047,0.07349,-0.99805,-0.24048,1.02924,0.00001,0.00037,0
7080.003,0.07837,-1.00146,-0.23999,1.03280,0.00356,0.00038,0
7081.512,0.08008,-0.99805,-0.24023,1.02967,0.00313,0.00037,0
7082.984,0.07690,-0.99780,-0.23608,1.02823,0.00144,0.00036,0
7085.085,0.07642,-0.99585,-0.24634,1.02871,0.00048,0.00033,0
7086.640,0.07983,-0.99634,-0.23438,1.02664,0.00206,0.00031,0
7088.203,0.07983,-0.99756,-0.24487,1.03027,0.00363,0.00033,0
7089.715,0.08032,-0.99634,-0.24316,1.02872,0.00155,0.00033,0
7091.292,0.08032,-0.99976,-0.24683,1.03290,0.00418,0.00034,0
7092.803,0.07739,-1.00049,-0.24463,1.03286,0.00004,0.00033,0
7094.285,0.08105,-0.99780,-0.23511,1.02833,0.00454,0.00035,0
7095.773,0.07886,-0.99609,-0.23608,1.02672,0.00161,0.00031,0
7097.297,0.07983,-0.99512,-0.24048,1.02687,0.00015,0.00029,0
7098.815,0.07666,-0.99390,-0.23608,1.02442,0.00245,0.00030,0
7100.310,0.08228,-0.99365,-0.24512,1.02674,0.00232,0.00029,0
7101.766,0.07715,-0.99121,-0.23950,1.02265,0.00409,0.00029,0
7103.230,0.07812,-1.00293,-0.24365,1.03505,0.01241,0.00042,0
7104.690,0.08325,-0.99951,-0.23877,1.03100,0.00405,0.00036,0
7106.217,0.07544,-0.99243,-0.24023,1.02388,0.00713,0.00036,0
7107.790,0.07495,-0.99756,-0.25391,1.03209,0.00821,0.00043,0
7109.292,0.07812,-0.99365,-0.24316,1.02595,0.00614,0.00046,0
7110.782,0.07666,-0.99170,-0.24194,1.02366,0.00229,0.00047,0
7112.316,0.07715,-0.99683,-0.24194,1.02866,0.00500,0.00048,0
7113.899,0.07959,-0.99219,-0.23926,1.02373,0.00494,0.00050,0
7115.369,0.07837,-0.99487,-0.24194,1.02686,0.00314,0.00050,0
7116.824,0.08325,-0.99805,-0.24683,1.03148,0.00462,0.00053,0
7118.241,0.07666,-0.99805,-0.23853,1.02901,0.00247,0.00052,0
7119.726,0.07666,-1.00000,-0.23682,1.03051,0.00150,0.00051,0
7121.189,0.07910,-0.99707,-0.23486,1.02741,0.00311,0.00052,0
7122.715,0.07886,-0.99023,-0.23975,1.02189,0.00552,0.00055,0
7124.189,0.08032,-0.99536,-0.23193,1.02518,0.00329,0.00056,0
7125.668,0.07983,-0.99731,-0.24194,1.02934,0.00417,0.00056,0
7127.218,0.07642,-0.99829,-0.24194,1.03003,0.00069,0.00056,0
7128.830,0.07471,-1.00269,-0.24731,1.03543,0.00540,0.00057,0
7130.380,0.07739,-0.99463,-0.24634,1.02760,0.00784,0.00063,0
7131.958,0.08521,-0.99829,-0.23730,1.02964,0.00204,0.00061,0
7133.439,0.08032,-0.99438,-0.23706,1.02540,0.00424,0.00063,0
7134.924,0.08350,-0.99585,-0.24854,1.02979,0.00438,0.00065,0
7136.431,0.08057,-0.99683,-0.23682,1.02773,0.00205,0.00065,0
7137.961,0.07617,-1.00391,-0.23706,1.03432,0.00659,0.00069,0
7139.470,0.08105,-1.00317,-0.24268,1.03529,0.00096,0.00067,0
7141.100,0.07593,-0.99756,-0.24390,1.02974,0.00554,0.00055,0
7142.706,0.07788,-0.99731,-0.23730,1.02811,0.00163,0.00053,0
7144.207,0.08276,-0.99170,-0.23901,1.02345,0.00466,0.00050,0
7145.675,0.08154,-0.99829,-0.23901,1.02974,0.00629,0.00048,0
7147.165,0.08521,-0.99609,-0.24976,1.03046,0.00072,0.00044,0
7148.721,0.08057,-0.99683,-0.24536,1.02974,0.00072,0.00043,0
7150.197,0.08008,-0.99585,-0.24438,1.02852,0.00122,0.00041,0
7151.656,0.07739,-0.99536,-0.25269,1.02985,0.00133,0.00039,0
7153.117,0.08179,-0.99683,-0.24658,1.03012,0.00028,0.00038,0
7154.588,0.08032,-0.99683,-0.24609,1.02989,0.00023,0.00036,0
7156.439,0.08325,-0.99683,-0.24634,1.03018,0.00029,0.00035,0
7158.024,0.08252,-0.99268,-0.24194,1.02506,0.00512,0.00037,0
7159.595,0.08228,-0.99365,-0.24121,1.02582,0.00075,0.00037,0
7161.088,0.07983,-0.99292,-0.24829,1.02660,0.00079,0.00034,0
7162.693,0.07910,-0.99829,-0.24805,1.03168,0.00508,0.00035,0
7164.242,0.08179,-0.99902,-0.23877,1.03041,0.00127,0.00034,0
7165.763,0.08325,-0.99292,-0.24316,1.02565,0.00477,0.00036,0
7167.247,0.08105,-1.00000,-0.23267,1.02990,0.00426,0.00035,0
7168.712,0.08105,-0.99658,-0.24194,1.02873,0.00118,0.00029,0
7170.170,0.08057,-0.99976,-0.24780,1.03315,0.00443,0.00030,0
7171.639,0.07544,-0.99805,-0.24854,1.03129,0.00187,0.00029,0
7174.226,0.08374,-0.99243,-0.24365,1.02533,0.00596,0.00030,0
7175.987,0.07935,-0.99805,-0.24170,1.02996,0.00463,0.00032,0
7177.778,0.07715,-0.99219,-0.23828,1.02331,0.00665,0.00032,0
7179.303,0.07935,-0.99316,-0.25049,1.02733,0.00402,0.00034,0
7180.772,0.08081,-0.99292,-0.24243,1.02528,0.00206,0.00031,0
7182.236,0.07886,-0.99878,-0.24194,1.03069,0.00541,0.00034,0
7183.722,0.07544,-1.00195,-0.24048,1.03317,0.00248,0.00032,0
7185.222,0.08350,-0.99829,-0.24194,1.03058,0.00259,0.00029,0
7186.760,0.08252,-0.99585,-0.24512,1.02889,0.00169,0.00029,0
7188.203,0.08350,-0.99731,-0.23853,1.02884,0.00005,0.00029,0
7189.758,0.07617,-0.99243,-0.24121,1.02416,0.00467,0.00031,0
7191.306,0.07446,-0.99707,-0.24023,1.02830,0.00414,0.00033,0
7192.820,0.07788,-0.99878,-0.23999,1.03016,0.00185,0.00033,0
7194.309,0.08032,-0.99390,-0.24292,1.02630,0.00386,0.00034,0
7195.788,0.07690,-0.99219,-0.23340,1.02217,0.00413,0.00036,0
7197.320,0.07446,-0.99634,-0.24756,1.02933,0.00716,0.00039,0
7198.831,0.08130,-0.99805,-0.24463,1.03080,0.00147,0.00039,0
7200.330,0.08008,-0.99731,-0.24170,1.02930,0.00150,0.00039,0
7201.785,0.07837,-1.00024,-0.22974,1.02928,0.00003,0.00036,0
7203.243,0.07764,-0.99951,-0.23730,1.03023,0.00095,0.00036,0
7204.712,0.08203,-1.00024,-0.23462,1.03066,0.00044,0.00034,0
7206.258,0.07837,-0.99976,-0.23340,1.02963,0.00104,0.00032,0
7207.844,0.08350,-1.00244,-0.23706,1.03347,0.00384,0.00034,0
7209.679,0.08105,-0.99902,-0.23096,1.02857,0.00490,0.00034,0
7211.268,0.08545,-1.00073,-0.23315,1.03108,0.00251,0.00034,0
7212.823,0.08228,-0.99780,-0.24170,1.02995,0.00113,0.00031,0
7214.744,0.08154,-1.00073,-0.23682,1.03160,0.00165,0.00029,0
7216.227,0.07886,-1.00049,-0.23193,1.03004,0.00156,0.00025,0
7217.696,0.08179,-0.99365,-0.24634,1.02699,0.00305,0.00024,0
7219.178,0.08545,-0.99414,-0.24512,1.02747,0.00048,0.00024,0
7220.670,0.07861,-1.00073,-0.24658,1.03366,0.00619,0.00025,0
7222.372,0.08252,-0.99683,-0.23779,1.02811,0.00554,0.00027,0
7223.895,0.08154,-0.99878,-0.24170,1.03084,0.00272,0.00027,0
7225.378,0.07861,-0.99585,-0.23779,1.02686,0.00398,0.00029,0
7226.864,0.07373,-0.99658,-0.24072,1.02789,0.00103,0.00029,0
7228.332,0.07642,-0.99414,-0.24365,1.02641,0.00148,0.00027,0
7229.786,0.08032,-0.99854,-0.24829,1.03207,0.00566,0.00028,0
7231.242,0.08252,-0.99854,-0.24316,1.03102,0.00105,0.00028,0
7232.697,0.07935,-0.99731,-0.24341,1.02965,0.00137,0.00027,0
7234.150,0.08521,-0.99536,-0.24438,1.02846,0.00119,0.00025,0
7235.609,0.08081,-0.99341,-0.23926,1.02500,0.00345,0.00021,0
7237.087,0.07910,-0.99780,-0.23975,1.02925,0.00424,0.00023,0
7238.614,0.08472,-0.99634,-0.23975,1.02827,0.00097,0.00023,0
7240.262,0.08008,-0.99463,-0.23901,1.02607,0.00220,0.00023,0
7241.779,0.07739,-0.99829,-0.24170,1.03005,0.00397,0.00025,0
7243.282,0.07764,-0.99609,-0.24512,1.02874,0.00130,0.00025,0
7244.844,0.07861,-0.99756,-0.23877,1.02874,0.00000,0.00025,0
7246.350,0.08130,-0.99536,-0.23853,1.02677,0.00198,0.00024,0
7247.841,0.08179,-1.00220,-0.24390,1.03469,0.00792,0.00027,0
7249.311,0.07983,-0.99463,-0.24268,1.02691,0.00777,0.00033,0
7250.771,0.07642,-0.98804,-0.23438,1.01833,0.00859,0.00040,0
7252.227,0.07959,-0.99097,-0.24854,1.02475,0.00643,0.00044,0
7253.682,0.07495,-0.99805,-0.23804,1.02877,0.00402,0.00045,0
7255.168,0.07983,-0.99365,-0.23828,1.02494,0.00384,0.00046,0
7256.681,0.07544,-0.99438,-0.24927,1.02792,0.00299,0.00047,0
7258.175,0.07202,-1.00073,-0.24390,1.03254,0.00462,0.00045,0
7259.654,0.08276,-0.99683,-0.23608,1.02774,0.00480,0.00044,0
7261.123,0.07715,-1.00171,-0.24268,1.03357,0.00583,0.00047,0
7262.577,0.08252,-0.99780,-0.24048,1.02968,0.00388,0.00047,0
7264.034,0.07544,-1.00049,-0.24121,1.03192,0.00223,0.00047,0
7265.563,0.07764,-0.99341,-0.24072,1.02510,0.00681,0.00052,0
7267.173,0.08252,-0.99536,-0.23682,1.02647,0.00137,0.00049,0
7268.638,0.08008,-0.99316,-0.23804,1.02443,0.00204,0.00049,0
7270.097,0.07983,-0.99609,-0.24097,1.02793,0.00350,0.00050,0
7271.565,0.08008,-0.99707,-0.24561,1.02999,0.00206,0.00050,0
7273.080,0.08276,-0.99658,-0.24683,1.03002,0.00003,0.00049,0
7274.614,0.08203,-0.99463,-0.24512,1.02767,0.00236,0.00048,0
7276.121,0.08203,-0.99463,-0.23999,1.02646,0.00121,0.00048,0
7277.630,0.08228,-0.99268,-0.24487,1.02574,0.00072,0.00047,0
7279.135,0.08325,-0.99390,-0.23633,1.02499,0.00074,0.00046,0
7280.610,0.07837,-0.99341,-0.23999,1.02499,0.00001,0.00046,0
7282.069,0.07910,-0.99243,-0.23975,1.02404,0.00095,0.00046,0
7283.527,0.07495,-0.99805,-0.24976,1.03155,0.00751,0.00051,0
7285.000,0.07642,-0.99316,-0.24536,1.02587,0.00568,0.00048,0
7286.507,0.08228,-0.99390,-0.24585,1.02715,0.00128,0.00042,0
7287.984,0.08154,-0.99609,-0.24292,1.02852,0.00137,0.00035,0
7289.546,0.07910,-0.99878,-0.24585,1.03163,0.00311,0.00032,0
7291.205,0.07666,-0.99707,-0.24561,1.02973,0.00190,0.00031,0
7292.774,0.08301,-0.99805,-0.24512,1.03105,0.00132,0.00029,0
7294.265,0.08057,-0.99316,-0.24097,1.02515,0.00590,0.00032,0
7295.745,0.07788,-0.99780,-0.23438,1.02791,0.00276,0.00030,0
7297.212,0.07275,-0.99658,-0.23169,1.02574,0.00217,0.00029,0
7298.682,0.07983,-0.99487,-0.23779,1.02601,0.00026,0.00025,0
7300.144,0.08105,-0.99512,-0.23755,1.02628,0.00028,0.00024,0
7301.603,0.08228,-0.99756,-0.24609,1.03075,0.00447,0.00025,0
7303.074,0.08032,-0.99487,-0.25220,1.02948,0.00128,0.00021,0
7304.568,0.07959,-0.99756,-0.23828,1.02871,0.00077,0.00021,0
7306.122,0.08228,-0.99927,-0.23901,1.03074,0.00204,0.00021,0
7307.668,0.07593,-0.99463,-0.24634,1.02749,0.00325,0.00020,0
7309.217,0.08398,-0.99878,-0.24731,1.03237,0.00488,0.00022,0
7310.726,0.08398,-0.99780,-0.24048,1.02980,0.00256,0.00023,0
7312.225,0.08203,-0.99805,-0.24390,1.03069,0.00088,0.00023,0
7313.743,0.08008,-0.99438,-0.24316,1.02681,0.00387,0.00024,0
7315.303,0.08740,-0.98926,-0.24536,1.02297,0.00384,0.00025,0
7316.802,0.07959,-0.99658,-0.24365,1.02902,0.00604,0.00029,0
7318.275,0.07812,-0.99878,-0.24878,1.03226,0.00324,0.00030,0
7319.766,0.07886,-0.99683,-0.24292,1.02902,0.00323,0.00031,0
7321.248,0.07812,-0.99683,-0.23779,1.02777,0.00125,0.00025,0
7322.811,0.07959,-0.99658,-0.24316,1.02890,0.00113,0.00022,0
7324.387,0.07886,-0.99292,-0.23779,1.02404,0.00486,0.00025,0
7325.872,0.07886,-0.99658,-0.23389,1.02669,0.00265,0.00025,0
7327.351,0.07910,-1.00122,-0.24536,1.03388,0.00718,0.00029,0
7328.817,0.07837,-0.99438,-0.24146,1.02628,0.00760,0.00035,0
7330.279,0.08252,-0.99438,-0.23950,1.02614,0.00013,0.00035,0
7331.743,0.08154,-0.99072,-0.24390,1.02356,0.00259,0.00032,0
7333.214,0.07739,-0.99536,-0.24561,1.02813,0.00458,0.00033,0
7334.678,0.07568,-0.99487,-0.24976,1.02853,0.00040,0.00033,0
7336.135,0.07935,-1.00146,-0.25146,1.03560,0.00707,0.00038,0
7337.592,0.07861,-0.99414,-0.25000,1.02810,0.00749,0.00043,0
7339.077,0.08325,-0.99316,-0.24170,1.02554,0.00257,0.00042,0
7340.534,0.07690,-0.99854,-0.24561,1.03117,0.00563,0.00045,0
7341.998,0.07935,-0.99536,-0.23169,1.02505,0.00612,0.00049,0
7343.454,0.08105,-0.99390,-0.24121,1.02595,0.00091,0.00048,0
7344.935,0.07739,-0.99707,-0.24609,1.02990,0.00395,0.00049,0
7346.702,0.07886,-1.00122,-0.23267,1.03092,0.00102,0.00046,0
7348.200,0.07959,-0.99585,-0.24683,1.02906,0.00185,0.00046,0
7349.742,0.08057,-0.99658,-0.24268,1.02886,0.00020,0.00046,0
7351.211,0.08130,-0.99658,-0.24097,1.02852,0.00034,0.00045,0
7352.683,0.08008,-0.99268,-0.24194,1.02487,0.00365,0.00044,0
7354.154,0.08032,-0.99414,-0.24683,1.02747,0.00260,0.00041,0
7355.616,0.08374,-0.99683,-0.24316,1.02947,0.00200,0.00041,0
7357.080,0.07935,-0.99609,-0.24243,1.02824,0.00123,0.00040,0
7358.547,0.08228,-0.99194,-0.24121,1.02416,0.00408,0.00041,0
7360.001,0.08545,-0.98975,-0.25024,1.02446,0.00030,0.00041,0
7361.455,0.07959,-0.99023,-0.23364,1.02053,0.00393,0.00040,0
7362.910,0.08179,-0.98999,-0.24048,1.02206,0.00152,0.00040,0
7364.393,0.07739,-0.99829,-0.23755,1.02908,0.00702,0.00040,0
7365.933,0.08154,-0.99927,-0.24683,1.03253,0.00345,0.00035,0
7367.444,0.07861,-0.99683,-0.23804,1.02786,0.00466,0.00037,0
7369.034,0.07812,-0.99561,-0.23730,1.02647,0.00139,0.00037,0
7370.520,0.07544,-1.00195,-0.24146,1.03339,0.00692,0.00040,0
7371.973,0.07764,-0.99365,-0.24414,1.02615,0.00725,0.00045,0
7373.435,0.07812,-0.99487,-0.23877,1.02610,0.00004,0.00040,0
7375.022,0.07690,-0.99634,-0.23877,1.02743,0.00133,0.00034,0
7376.492,0.08472,-0.99512,-0.24463,1.02824,0.00081,0.00034,0
7377.951,0.07642,-1.00049,-0.23975,1.03165,0.00341,0.00032,0
7379.421,0.08081,-0.99536,-0.23853,1.02673,0.00492,0.00030,0
7380.882,0.08252,-0.99316,-0.24048,1.02519,0.00154,0.00031,0
7382.340,0.07837,-0.99316,-0.23950,1.02464,0.00055,0.00029,0
7383.800,0.08276,-0.99658,-0.24414,1.02938,0.00475,0.00031,0
7385.260,0.07886,-0.99390,-0.24438,1.02653,0.00285,0.00032,0
7386.722,0.08008,-0.99878,-0.24097,1.03055,0.00402,0.00033,0
7388.182,0.08032,-1.00000,-0.23535,1.03046,0.00009,0.00033,0
7389.642,0.08374,-1.00244,-0.24194,1.03462,0.00416,0.00034,0
7391.102,0.07959,-0.99756,-0.24707,1.03078,0.00384,0.00035,0
7392.561,0.07959,-0.99487,-0.23828,1.02610,0.00468,0.00036,0
7394.021,0.07861,-0.99756,-0.23462,1.02779,0.00169,0.00036,0
7395.478,0.07642,-0.99390,-0.23633,1.02446,0.00333,0.00036,0
7396.932,0.07690,-0.99487,-0.24512,1.02751,0.00305,0.00037,0
7398.386,0.07886,-1.00366,-0.24170,1.03536,0.00786,0.00041,0
7399.844,0.07080,-0.99219,-0.23584,1.02229,0.01308,0.00058,0
7401.304,0.07495,-0.99219,-0.23877,1.02326,0.00098,0.00053,0
7402.766,0.08057,-0.98999,-0.23828,1.02144,0.00182,0.00053,0
7404.223,0.07935,-0.99292,-0.24194,1.02505,0.00360,0.00052,0
7405.682,0.07788,-0.99243,-0.24365,1.02487,0.00018,0.00052,0
7407.143,0.08057,-0.99585,-0.23560,1.02651,0.00164,0.00047,0
7408.603,0.08545,-1.00024,-0.24023,1.03223,0.00573,0.00045,0
7410.062,0.07959,-0.99780,-0.24756,1.03113,0.00110,0.00045,0
7411.520,0.07715,-0.99731,-0.24438,1.02971,0.00142,0.00045,0
7413.009,0.08081,-1.00098,-0.24683,1.03412,0.00441,0.00047,0
7414.463,0.07910,-0.99194,-0.24854,1.02566,0.00846,0.00053,0
7415.921,0.08179,-0.99683,-0.25488,1.03214,0.00648,0.00055,0
7417.382,0.07861,-0.99951,-0.24536,1.03218,0.00004,0.00055,0
7418.843,0.08081,-0.99365,-0.24561,1.02674,0.00544,0.00058,0
7420.300,0.07788,-0.99805,-0.24292,1.03013,0.00339,0.00056,0
7421.759,0.08423,-1.00000,-0.23608,1.03094,0.00080,0.00056,0
7423.218,0.07959,-1.00000,-0.23682,1.03074,0.00020,0.00054,0
7424.677,0.07837,-1.00195,-0.23633,1.03243,0.00169,0.00054,0
7426.136,0.07642,-0.99536,-0.24805,1.02865,0.00378,0.00054,0
7427.597,0.07983,-0.99438,-0.23975,1.02599,0.00266,0.00053,0
7429.056,0.07739,-1.00635,-0.23438,1.03617,0.01019,0.00061,0
7430.549,0.08203,-1.00220,-0.24658,1.03534,0.00083,0.00061,0
7432.007,0.08008,-0.99780,-0.23999,1.02938,0.00596,0.00064,0
7433.467,0.07715,-0.99707,-0.23975,1.02839,0.00099,0.00063,0
7434.927,0.07788,-0.99658,-0.24243,1.02860,0.00021,0.00057,0
7436.384,0.07666,-0.99561,-0.23730,1.02636,0.00224,0.00040,0
7437.844,0.07837,-0.99927,-0.24658,1.03222,0.00586,0.00043,0
7439.302,0.08008,-0.99731,-0.24390,1.02982,0.00240,0.00044,0
7440.762,0.08252,-0.99707,-0.23608,1.02796,0.00187,0.00043,0
7442.222,0.08838,-1.00220,-0.23682,1.03358,0.00563,0.00046,0
7443.680,0.08350,-0.99341,-0.24731,1.02713,0.00645,0.00050,0
7445.138,0.08130,-0.99487,-0.24536,1.02790,0.00077,0.00047,0
7446.607,0.07983,-0.99805,-0.24756,1.03139,0.00348,0.00048,0
7448.066,0.07690,-1.00024,-0.24048,1.03162,0.00023,0.00047,0
7449.525,0.08105,-0.99731,-0.24487,1.03013,0.00149,0.00046,0
7450.985,0.07471,-0.99561,-0.24512,1.02805,0.00208,0.00039,0
7452.446,0.08057,-0.99365,-0.24170,1.02579,0.00226,0.00035,0
7453.904,0.08154,-0.99438,-0.24487,1.02733,0.00154,0.00036,0
7455.362,0.08447,-0.99854,-0.24487,1.03159,0.00425,0.00034,0
7456.821,0.08105,-0.99902,-0.24292,1.03132,0.00026,0.00033,0
7458.280,0.07910,-1.00024,-0.23608,1.03077,0.00056,0.00033,0
7459.738,0.07935,-0.99805,-0.23511,1.02843,0.00234,0.00034,0
7461.197,0.08203,-0.99463,-0.23926,1.02628,0.00215,0.00034,0
7462.657,0.08057,-0.99829,-0.24365,1.03075,0.00446,0.00035,0
7464.196,0.08472,-0.99634,-0.24243,1.02890,0.00185,0.00034,0
7465.655,0.07739,-1.00293,-0.24243,1.03471,0.00581,0.00027,0
7467.121,0.07715,-0.99756,-0.24097,1.02915,0.00557,0.00030,0
7468.588,0.08032,-0.99194,-0.23657,1.02292,0.00622,0.00030,0
7470.048,0.08057,-0.99390,-0.24219,1.02615,0.00322,0.00031,0
7471.506,0.07959,-0.99951,-0.24170,1.03140,0.00525,0.00034,0
7472.964,0.07935,-0.99536,-0.23779,1.02644,0.00495,0.00036,0
7474.422,0.07715,-0.99438,-0.23560,1.02482,0.00162,0.00033,0
7475.880,0.07764,-0.99683,-0.24316,1.02899,0.00417,0.00034,0
7477.339,0.08032,-0.99731,-0.24365,1.02978,0.00079,0.00034,0
7478.798,0.08716,-0.99902,-0.23926,1.03096,0.00118,0.00031,0
7480.254,0.08740,-0.99585,-0.24683,1.02970,0.00127,0.00027,0
7481.712,0.08032,-0.99609,-0.24170,1.02814,0.00156,0.00027,0
7483.171,0.08276,-0.99805,-0.24097,1.03005,0.00191,0.00026,0
7484.631,0.07739,-0.99438,-0.24683,1.02748,0.00258,0.00027,0
7486.121,0.07959,-0.99731,-0.24390,1.02978,0.00231,0.00027,0
7487.602,0.08398,-0.99854,-0.24585,1.03178,0.00199,0.00027,0
7489.070,0.08398,-0.99707,-0.24658,1.03054,0.00124,0.00027,0
7490.551,0.08032,-0.99512,-0.23535,1.02572,0.00482,0.00029,0
7492.012,0.08032,-0.99536,-0.24512,1.02824,0.00252,0.00028,0
7493.513,0.08081,-0.99536,-0.23950,1.02695,0.00129,0.00028,0
7494.974,0.07788,-0.99854,-0.23877,1.02964,0.00268,0.00028,0
7496.442,0.07788,-1.00195,-0.23560,1.03222,0.00259,0.00029,0
7497.904,0.08032,-0.99731,-0.23535,1.02785,0.00437,0.00030,0
7499.363,0.08203,-0.99658,-0.23535,1.02728,0.00058,0.00028,0
7500.822,0.07983,-0.99683,-0.24536,1.02968,0.00240,0.00028,0
7502.281,0.07812,-0.99707,-0.24072,1.02869,0.00099,0.00025,0
7503.736,0.08545,-0.99414,-0.25830,1.03070,0.00201,0.00022,0
7505.189,0.07910,-0.99805,-0.24805,1.03145,0.00075,0.00019,0
7506.665,0.08179,-1.00244,-0.23804,1.03356,0.00211,0.00018,0
7508.127,0.08008,-0.99780,-0.23633,1.02853,0.00503,0.00018,0
7509.586,0.08301,-0.99585,-0.23413,1.02636,0.00217,0.00016,0
7511.045,0.08398,-0.99707,-0.22656,1.02593,0.00043,0.00016,0
7512.498,0.08521,-0.99756,-0.24463,1.03064,0.00471,0.00016,0
7513.951,0.08276,-0.99438,-0.24341,1.02708,0.00356,0.00017,0
7515.408,0.07764,-0.99390,-0.23804,1.02495,0.00213,0.00018,0
7516.868,0.07593,-0.99976,-0.24438,1.03199,0.00704,0.00022,0
7518.326,0.08081,-0.99609,-0.24170,1.02818,0.00381,0.00024,0
7519.781,0.07959,-0.99634,-0.24756,1.02971,0.00153,0.00023,0
7521.246,0.07788,-0.99609,-0.24487,1.02870,0.00101,0.00023,0
7522.702,0.08350,-1.00122,-0.24487,1.03411,0.00540,0.00025,0
7524.160,0.07959,-0.99683,-0.24023,1.02845,0.00566,0.00028,0
7525.619,0.07910,-0.99902,-0.24414,1.03146,0.00301,0.00029,0
7527.077,0.07959,-0.99707,-0.24292,1.02932,0.00214,0.00027,0
7528.536,0.07837,-0.99561,-0.24927,1.02932,0.00001,0.00026,0
7530.011,0.07886,-0.99683,-0.24023,1.02839,0.00093,0.00026,0
7531.465,0.07837,-0.99683,-0.24780,1.03015,0.00176,0.00026,0
7532.919,0.07666,-0.99365,-0.24609,1.02654,0.00361,0.00026,0
7534.372,0.07739,-0.99707,-0.24048,1.02858,0.00204,0.00025,0
7535.828,0.07666,-0.99585,-0.24292,1.02791,0.00066,0.00025,0
7537.288,0.08081,-0.99365,-0.24707,1.02709,0.00082,0.00024,0
7538.748,0.07764,-0.99536,-0.25073,1.02939,0.00229,0.00025,0
7540.205,0.08081,-0.99707,-0.24414,1.02970,0.00031,0.00024,0
7541.664,0.08740,-0.99707,-0.25073,1.03182,0.00212,0.00025,0
7543.128,0.08301,-0.99585,-0.24097,1.02795,0.00388,0.00026,0
7544.585,0.07275,-0.99341,-0.24048,1.02469,0.00326,0.00024,0
7546.044,0.08252,-0.99487,-0.22949,1.02433,0.00036,0.00024,0
7547.499,0.07959,-0.99341,-0.25171,1.02789,0.00356,0.00025,0
7548.953,0.08057,-0.99414,-0.24561,1.02719,0.00069,0.00023,0
7550.406,0.07788,-0.99463,-0.23828,1.02573,0.00146,0.00022,0
7551.865,0.08179,-0.99731,-0.23755,1.02847,0.00274,0.00022,0
7553.324,0.08423,-0.99756,-0.23657,1.02868,0.00021,0.00017,0
7554.784,0.08325,-0.99780,-0.24097,1.02986,0.00118,0.00016,0
7556.241,0.08350,-0.99976,-0.24170,1.03194,0.00208,0.00016,0
7557.699,0.08350,-0.99829,-0.24829,1.03209,0.00015,0.00016,0
7559.157,0.07812,-0.99219,-0.24463,1.02488,0.00721,0.00018,0
7560.615,0.07935,-0.99707,-0.24585,1.02999,0.00511,0.00018,0
7562.156,0.07837,-1.00000,-0.23145,1.02942,0.00057,0.00017,0
7563.613,0.08008,-0.99243,-0.24707,1.02585,0.00357,0.00018,0
7565.077,0.08350,-0.99561,-0.25000,1.02990,0.00405,0.00019,0
7566.530,0.08179,-0.99512,-0.24658,1.02847,0.00143,0.00020,0
7567.998,0.07397,-0.99829,-0.23950,1.02928,0.00081,0.00019,0
7569.466,0.07935,-0.99585,-0.23120,1.02541,0.00387,0.00019,0
7570.925,0.07715,-0.99487,-0.23438,1.02501,0.00040,0.00019,0
7572.394,0.07544,-0.99585,-0.24731,1.02887,0.00385,0.00021,0
7573.852,0.07617,-0.99780,-0.25293,1.03218,0.00331,0.00022,0
7575.311,0.07739,-0.98853,-0.24194,1.02064,0.01153,0.00034,0
7576.769,0.08252,-0.99609,-0.24194,1.02837,0.00773,0.00040,0
7578.226,0.08276,-1.00220,-0.23901,1.03362,0.00525,0.00043,0
7579.683,0.07935,-0.99756,-0.24072,1.02926,0.00437,0.00043,0
7581.141,0.08105,-0.99487,-0.23901,1.02639,0.00287,0.00043,0
7582.598,0.07910,-0.99609,-0.23218,1.02585,0.00054,0.00043,0
7584.055,0.07886,-0.99829,-0.23999,1.02976,0.00391,0.00043,0
7585.513,0.06787,-0.99731,-0.24121,1.02831,0.00144,0.00043,0
7586.971,0.07666,-0.99854,-0.23755,1.02926,0.00095,0.00043,0
7588.427,0.08057,-0.99683,-0.24634,1.02997,0.00071,0.00042,0
7589.892,0.07959,-0.99414,-0.24707,1.02747,0.00250,0.00043,0
7591.351,0.08252,-0.99390,-0.23730,1.02516,0.00231,0.00043,0
7592.808,0.08789,-0.99805,-0.23560,1.02924,0.00408,0.00045,0
7594.265,0.07812,-0.98975,-0.24634,1.02293,0.00631,0.00049,0
7595.723,0.07910,-0.99146,-0.24390,1.02407,0.00114,0.00044,0
7597.181,0.08130,-0.99438,-0.24268,1.02679,0.00272,0.00042,0
7598.638,0.08423,-1.00122,-0.24121,1.03331,0.00651,0.00046,0
7600.110,0.07373,-1.00024,-0.24268,1.03190,0.00141,0.00045,0
7601.568,0.08105,-1.00073,-0.23950,1.03218,0.00028,0.00043,0
7603.027,0.07935,-0.99951,-0.23755,1.03041,0.00177,0.00043,0
7604.483,0.07959,-1.00171,-0.23511,1.03200,0.00159,0.00043,0
7605.940,0.07910,-1.00073,-0.23950,1.03203,0.00003,0.00042,0
7607.398,0.07568,-0.99951,-0.24634,1.03220,0.00017,0.00042,0
7608.856,0.07935,-1.00000,-0.24243,1.03202,0.00018,0.00040,0
7610.314,0.08008,-0.99805,-0.24609,1.03105,0.00097,0.00039,0
7611.782,0.07715,-0.99927,-0.24243,1.03115,0.00009,0.00026,0
7613.241,0.07861,-0.99390,-0.23535,1.02440,0.00674,0.00025,0
7614.698,0.07861,-0.99658,-0.23926,1.02791,0.00351,0.00023,0
7616.153,0.07715,-0.99878,-0.24048,1.03021,0.00230,0.00022,0
7617.611,0.07715,-0.99365,-0.24951,1.02740,0.00281,0.00022,0
7619.067,0.08521,-0.99390,-0.23755,1.02544,0.00196,0.00022,0
7620.525,0.08911,-0.99951,-0.23779,1.03127,0.00583,0.00024,0
7621.982,0.07910,-0.99146,-0.24243,1.02373,0.00754,0.00029,0
7623.438,0.08350,-0.99463,-0.24072,1.02675,0.00302,0.00030,0
7624.896,0.08081,-0.99658,-0.24463,1.02934,0.00260,0.00031,0
7626.352,0.08228,-1.00098,-0.24121,1.03291,0.00357,0.00032,0
7627.818,0.07812,-0.99976,-0.24170,1.03152,0.00139,0.00031,0
7629.288,0.08032,-1.00122,-0.23779,1.03220,0.00068,0.00030,0
7630.746,0.08325,-0.99146,-0.23633,1.02263,0.00958,0.00035,0
7632.204,0.07886,-0.99512,-0.24463,1.02777,0.00515,0.00037,0
7633.661,0.08203,-0.99341,-0.24414,1.02625,0.00152,0.00037,0
7635.135,0.07837,-0.99805,-0.24097,1.02971,0.00346,0.00034,0
7636.593,0.07690,-0.99854,-0.23926,1.02968,0.00004,0.00034,0
7638.051,0.07983,-0.99731,-0.24487,1.03004,0.00036,0.00034,0
7639.508,0.07666,-0.99097,-0.24292,1.02318,0.00685,0.00038,0
7640.967,0.08228,-0.99805,-0.24268,1.03042,0.00723,0.00043,0
7642.424,0.08203,-0.99365,-0.23999,1.02551,0.00491,0.00045,0
7643.884,0.07495,-0.99707,-0.23608,1.02738,0.00187,0.00046,0
7645.347,0.07642,-0.99585,-0.23755,1.02664,0.00074,0.00046,0
7646.807,0.08301,-0.99365,-0.24268,1.02622,0.00042,0.00046,0
7648.263,0.07739,-0.99536,-0.23169,1.02490,0.00132,0.00046,0
7649.721,0.07812,-0.99951,-0.24121,1.03117,0.00627,0.00045,0
7651.179,0.07910,-1.00146,-0.23535,1.03178,0.00062,0.00044,0
7652.645,0.08203,-1.00049,-0.25122,1.03480,0.00302,0.00044,0
7654.104,0.08008,-0.99927,-0.24316,1.03154,0.00326,0.00045,0
7655.563,0.07910,-0.99951,-0.24243,1.03153,0.00001,0.00044,0
7657.041,0.08496,-0.99219,-0.23657,1.02353,0.00800,0.00047,0
7658.498,0.08154,-0.99609,-0.23853,1.02750,0.00396,0.00043,0
7659.956,0.08472,-0.99976,-0.24194,1.03210,0.00460,0.00044,0
7661.498,0.08887,-0.99561,-0.24756,1.02976,0.00233,0.00044,0
7662.958,0.08301,-0.99561,-0.24512,1.02869,0.00107,0.00043,0
7664.423,0.08203,-1.00049,-0.24438,1.03316,0.00447,0.00045,0
7665.882,0.07983,-0.99292,-0.24097,1.02486,0.00831,0.00052,0
7667.347,0.07788,-0.99512,-0.24048,1.02672,0.00186,0.00043,0
7668.810,0.07812,-0.99365,-0.24561,1.02653,0.00019,0.00040,0
7670.268,0.08252,-0.99854,-0.23877,1.03000,0.00346,0.00041,0
7671.727,0.08423,-1.00488,-0.24951,1.03882,0.00882,0.00048,0
7673.185,0.08228,-1.00024,-0.25000,1.03429,0.00453,0.00050,0
7674.666,0.08179,-0.99951,-0.24634,1.03266,0.00163,0.00050,0
7676.126,0.08301,-0.99756,-0.24512,1.03058,0.00208,0.00046,0
7677.583,0.08716,-0.99634,-0.24463,1.02963,0.00095,0.00041,0
7679.042,0.08325,-0.99438,-0.25146,1.02906,0.00056,0.00038,0
7680.498,0.08105,-0.98999,-0.25098,1.02452,0.00454,0.00040,0
7681.956,0.07788,-0.99902,-0.24878,1.03247,0.00796,0.00046,0
7683.413,0.08057,-0.99902,-0.23877,1.03032,0.00216,0.00047,0
7684.871,0.08887,-0.99902,-0.23950,1.03117,0.00085,0.00047,0
7686.327,0.08154,-0.99927,-0.23242,1.02918,0.00199,0.00043,0
7687.786,0.07837,-0.99976,-0.24146,1.03148,0.00230,0.00044,0
7689.244,0.08228,-1.00024,-0.24731,1.03364,0.00216,0.00043,0
7690.701,0.07910,-1.00024,-0.24146,1.03201,0.00163,0.00042,0
7692.157,0.08081,-0.99438,-0.23877,1.02584,0.00617,0.00046,0
7693.614,0.07861,-0.99243,-0.24316,1.02481,0.00103,0.00040,0
7695.073,0.08008,-0.99512,-0.24487,1.02793,0.00312,0.00039,0
7696.529,0.08228,-0.99561,-0.24194,1.02788,0.00005,0.00037,0
7697.987,0.07983,-0.99731,-0.23730,1.02826,0.00038,0.00037,0
7699.444,0.08203,-0.99854,-0.24927,1.03244,0.00418,0.00038,0
7700.902,0.08252,-0.99683,-0.24121,1.02891,0.00353,0.00038,0
7702.359,0.07520,-0.99194,-0.24219,1.02385,0.00506,0.00033,0
7703.816,0.07642,-0.99487,-0.24292,1.02695,0.00310,0.00034,0
7705.273,0.07886,-0.99365,-0.24048,1.02537,0.00157,0.00034,0
7706.733,0.07812,-0.99634,-0.24927,1.03001,0.00464,0.00035,0
7708.188,0.07715,-0.99365,-0.24121,1.02542,0.00460,0.00029,0
7709.647,0.07422,-0.99463,-0.23999,1.02586,0.00044,0.00027,0
7711.128,0.07544,-0.99683,-0.24414,1.02906,0.00320,0.00028,0
7712.588,0.08521,-0.99902,-0.24048,1.03109,0.00203,0.00028,0
7714.046,0.08130,-0.99463,-0.23999,1.02640,0.00469,0.00030,0
7715.503,0.07886,-0.99658,-0.23755,1.02753,0.00114,0.00030,0
7716.961,0.07959,-0.99390,-0.25244,1.02854,0.00101,0.00028,0
7718.418,0.07666,-0.99805,-0.24585,1.03074,0.00220,0.00023,0
7719.875,0.08057,-0.99512,-0.23755,1.02624,0.00449,0.00024,0
7721.348,0.08032,-0.99585,-0.23950,1.02739,0.00114,0.00024,0
7722.806,0.07935,-0.99390,-0.23999,1.02553,0.00185,0.00024,0
7724.261,0.07959,-0.99756,-0.23877,1.02882,0.00328,0.00025,0
7725.719,0.08179,-0.99951,-0.23462,1.02993,0.00111,0.00024,0
7727.176,0.08252,-0.99512,-0.23926,1.02680,0.00313,0.00025,0
7728.633,0.08252,-0.99731,-0.24097,1.02933,0.00253,0.00022,0
7730.091,0.08398,-0.99585,-0.24170,1.02820,0.00113,0.00022,0
7731.550,0.07544,-0.99390,-0.24414,1.02622,0.00198,0.00021,0
7733.009,0.07520,-0.99585,-0.24536,1.02838,0.00216,0.00022,0
7734.466,0.07935,-0.99927,-0.24194,1.03120,0.00281,0.00022,0
7735.923,0.08252,-0.99829,-0.24829,1.03201,0.00081,0.00021,0
7737.380,0.08154,-0.99976,-0.24878,1.03347,0.00146,0.00020,0
7738.838,0.08105,-0.99170,-0.24072,1.02371,0.00975,0.00027,0
7740.294,0.08423,-0.99731,-0.24121,1.02952,0.00581,0.00029,0
7741.751,0.08252,-0.99902,-0.23486,1.02957,0.00005,0.00029,0
7743.209,0.08325,-1.00122,-0.23779,1.03243,0.00286,0.00028,0
7744.672,0.07764,-0.99585,-0.23584,1.02634,0.00610,0.00029,0
7746.128,0.07861,-0.99976,-0.24268,1.03179,0.00545,0.00032,0
7747.587,0.08179,-0.99438,-0.23657,1.02541,0.00638,0.00035,0
7749.070,0.08350,-0.99194,-0.23804,1.02352,0.00189,0.00035,0
7750.527,0.08350,-0.99780,-0.23267,1.02797,0.00445,0.00035,0
7751.985,0.08179,-0.99805,-0.23462,1.02851,0.00054,0.00035,0
7753.444,0.08203,-0.99097,-0.23950,1.02279,0.00572,0.00038,0
7754.902,0.08325,-0.99390,-0.23877,1.02556,0.00277,0.00038,0
7756.390,0.07520,-0.99902,-0.23828,1.02980,0.00424,0.00038,0
7757.846,0.07617,-0.99658,-0.24194,1.02836,0.00144,0.00038,0
7759.386,0.08130,-0.99585,-0.24438,1.02862,0.00026,0.00038,0
7760.845,0.07886,-0.99341,-0.24463,1.02612,0.00250,0.00037,0
7762.303,0.07739,-0.98999,-0.24438,1.02264,0.00348,0.00038,0
7763.760,0.07544,-0.99341,-0.23926,1.02460,0.00195,0.00038,0
7765.221,0.08008,-0.99292,-0.24414,1.02563,0.00103,0.00037,0
7766.681,0.08228,-0.99902,-0.24243,1.03131,0.00568,0.00040,0
7768.198,0.07812,-0.99683,-0.24731,1.03001,0.00129,0.00040,0
7769.659,0.07617,-0.99609,-0.24121,1.02771,0.00230,0.00040,0
7771.117,0.07837,-0.99756,-0.24121,1.02929,0.00158,0.00040,0
7772.575,0.07666,-0.99512,-0.24487,1.02767,0.00163,0.00040,0
7774.033,0.07812,-0.99292,-0.23828,1.02410,0.00357,0.00041,0
7775.491,0.08569,-1.00073,-0.24609,1.03410,0.01001,0.00041,0
7776.948,0.08008,-0.99951,-0.24878,1.03312,0.00099,0.00038,0
7778.406,0.08008,-0.98926,-0.24170,1.02150,0.01162,0.00052,0
7779.864,0.07788,-0.99292,-0.24121,1.02476,0.00326,0.00052,0
7781.326,0.07593,-0.99707,-0.23511,1.02722,0.00246,0.00049,0
7782.785,0.08301,-0.99683,-0.24658,1.03022,0.00300,0.00047,0
7784.241,0.07812,-0.99951,-0.24243,1.03146,0.00123,0.00043,0
7785.698,0.08130,-0.99683,-0.23438,1.02723,0.00422,0.00044,0
7787.155,0.07910,-0.99976,-0.23560,1.03018,0.00295,0.00043,0
7788.613,0.08081,-1.00024,-0.23828,1.03141,0.00122,0.00043,0
7790.070,0.08032,-0.99634,-0.24121,1.02826,0.00314,0.00041,0
7791.529,0.07520,-0.99414,-0.24219,1.02597,0.00229,0.00041,0
7792.988,0.07373,-0.99707,-0.24585,1.02958,0.00360,0.00040,0
7794.444,0.07837,-0.99463,-0.25317,1.02933,0.00024,0.00040,0
7795.903,0.08374,-0.99780,-0.24194,1.03013,0.00079,0.00040,0
7797.366,0.08325,-0.99854,-0.24414,1.03131,0.00119,0.00040,0
7798.825,0.07886,-0.99487,-0.23901,1.02622,0.00510,0.00041,0
7800.280,0.08032,-0.99268,-0.23950,1.02431,0.00190,0.00041,0
7801.737,0.07764,-0.99414,-0.24268,1.02627,0.00196,0.00041,0
7803.196,0.07959,-0.99023,-0.23828,1.02160,0.00467,0.00040,0
7804.652,0.07446,-0.99316,-0.24438,1.02550,0.00389,0.00042,0
7806.110,0.08203,-0.99341,-0.23779,1.02476,0.00074,0.00041,0
7807.569,0.08081,-0.99854,-0.24194,1.03060,0.00584,0.00044,0
7809.026,0.07935,-0.99463,-0.24243,1.02682,0.00378,0.00045,0
7810.484,0.08203,-0.99731,-0.24438,1.03009,0.00327,0.00045,0
7811.943,0.08276,-0.99634,-0.24683,1.02979,0.00030,0.00035,0
7813.400,0.07178,-0.99536,-0.24536,1.02767,0.00212,0.00036,0
7814.858,0.08105,-0.99707,-0.24829,1.03071,0.00305,0.00023,0
7816.314,0.07837,-0.99585,-0.23926,1.02718,0.00353,0.00023,0
7817.771,0.07739,-0.99683,-0.24487,1.02938,0.00219,0.00023,0
7819.228,0.08228,-0.99731,-0.24341,1.02988,0.00050,0.00022,0
7820.693,0.08301,-0.99902,-0.24292,1.03148,0.00160,0.00022,0
7822.153,0.08447,-0.99438,-0.24341,1.02722,0.00426,0.00022,0
7823.611,0.08472,-0.99829,-0.24438,1.03125,0.00403,0.00023,0
7825.084,0.08398,-0.99683,-0.24023,1.02880,0.00246,0.00023,0
7826.541,0.08325,-0.99854,-0.24341,1.03114,0.00234,0.00023,0
7827.998,0.08081,-0.99878,-0.24438,1.03141,0.00027,0.00023,0
7829.455,0.07983,-0.99341,-0.24390,1.02602,0.00539,0.00024,0
7830.915,0.07544,-0.99219,-0.24512,1.02480,0.00122,0.00024,0
7832.396,0.07837,-1.00073,-0.23779,1.03158,0.00678,0.00029,0
7833.855,0.07812,-0.99927,-0.24341,1.03145,0.00013,0.00029,0
7836.103,0.07983,-0.99585,-0.23901,1.02724,0.00421,0.00028,0
7838.357,0.08252,-0.99194,-0.23047,1.02170,0.00553,0.00031,0
7840.610,0.08447,-0.99414,-0.24121,1.02647,0.00476,0.00032,0
7842.864,0.07520,-0.99585,-0.24390,1.02804,0.00157,0.00030,0
7845.114,0.08154,-0.99707,-0.24146,1.02913,0.00109,0.00029,0
7847.386,0.07764,-0.99829,-0.24976,1.03198,0.00286,0.00030,0
7849.639,0.07886,-0.99829,-0.24438,1.03079,0.00119,0.00027,0
7851.889,0.07764,-1.00073,-0.23608,1.03113,0.00034,0.00025,0
7854.142,0.08130,-0.99585,-0.23975,1.02752,0.00361,0.00025,0
7856.442,0.08569,-0.99487,-0.24341,1.02780,0.00027,0.00025,0
7858.699,0.07617,-0.99536,-0.23975,1.02666,0.00114,0.00025,0
7860.951,0.08447,-0.99731,-0.24414,1.03023,0.00357,0.00025,0
7863.241,0.08154,-0.99609,-0.24976,1.03016,0.00007,0.00024,0
7865.494,0.07593,-0.99902,-0.23657,1.02946,0.00070,0.00024,0
7867.778,0.07422,-0.99585,-0.24097,1.02727,0.00218,0.00024,0
7870.169,0.08105,-0.99585,-0.24097,1.02779,0.00052,0.00024,0
7872.429,0.07544,-0.99512,-0.23560,1.02540,0.00238,0.00023,0
7874.689,0.08276,-0.99683,-0.23267,1.02696,0.00155,0.00021,0
7876.936,0.08179,-0.99683,-0.25000,1.03095,0.00399,0.00022,0
7879.190,0.07202,-0.99512,-0.24585,1.02756,0.00338,0.00023,0
7881.443,0.08105,-0.99268,-0.23706,1.02380,0.00376,0.00024,0
7883.694,0.08325,-0.99683,-0.23730,1.02806,0.00426,0.00023,0
7885.948,0.08179,-0.99365,-0.24561,1.02682,0.00124,0.00023,0
7888.211,0.07422,-0.99683,-0.24585,1.02937,0.00256,0.00019,0
7890.476,0.07666,-0.99438,-0.22998,1.02351,0.00587,0.00023,0
7892.734,0.07788,-0.99219,-0.23413,1.02241,0.00110,0.00021,0
7894.991,0.08008,-0.99976,-0.23950,1.03116,0.00875,0.00026,0
7897.244,0.07739,-0.99097,-0.24219,1.02306,0.00809,0.00030,0
7899.468,0.07812,-0.99365,-0.23340,1.02368,0.00062,0.00030,0
7901.721,0.07275,-0.99829,-0.24658,1.03086,0.00718,0.00035,0
7903.973,0.07788,-0.99683,-0.23560,1.02725,0.00362,0.00035,0
7906.229,0.07837,-1.00122,-0.23657,1.03177,0.00453,0.00037,0
7908.514,0.08154,-0.99365,-0.23828,1.02507,0.00670,0.00042,0
7910.766,0.08228,-0.99292,-0.24902,1.02697,0.00190,0.00041,0
7913.032,0.08667,-0.99414,-0.24487,1.02752,0.00054,0.00041,0
7915.286,0.07373,-0.99854,-0.23999,1.02961,0.00210,0.00041,0
7917.540,0.08447,-0.99561,-0.24170,1.02800,0.00161,0.00040,0
7919.800,0.08545,-0.99829,-0.25146,1.03302,0.00502,0.00043,0
7922.055,0.07715,-0.99292,-0.24170,1.02482,0.00819,0.00049,0
7924.305,0.08276,-0.99805,-0.23486,1.02864,0.00382,0.00050,0
7926.557,0.08081,-0.99609,-0.24170,1.02818,0.00047,0.00050,0
7928.809,0.07886,-0.99634,-0.24463,1.02896,0.00078,0.00050,0
7931.067,0.07812,-0.99438,-0.24365,1.02678,0.00218,0.00050,0
7933.330,0.07886,-1.00000,-0.24414,1.03239,0.00561,0.00051,0
7935.709,0.07690,-0.99561,-0.24536,1.02827,0.00411,0.00052,0
7938.215,0.07300,-0.99731,-0.24023,1.02843,0.00016,0.00051,0
7940.744,0.07568,-0.99536,-0.24023,1.02673,0.00170,0.00049,0
7943.246,0.08008,-0.99170,-0.24365,1.02433,0.00241,0.00050,0
7945.743,0.07739,-0.99683,-0.23633,1.02738,0.00305,0.00050,0
7948.240,0.07861,-0.99072,-0.23877,1.02212,0.00526,0.00049,0
7950.741,0.07959,-0.99731,-0.24707,1.03054,0.00842,0.00056,0
7953.239,0.07739,-0.99854,-0.23779,1.02937,0.00117,0.00049,0
7955.737,0.08276,-0.99390,-0.24390,1.02673,0.00265,0.00043,0
7958.257,0.08423,-0.99463,-0.24585,1.02802,0.00129,0.00043,0
7960.759,0.08130,-0.99585,-0.23779,1.02707,0.00095,0.00038,0
7963.257,0.08105,-0.99756,-0.24121,1.02950,0.00243,0.00037,0
7965.752,0.08032,-0.99731,-0.24609,1.03036,0.00086,0.00035,0
7968.249,0.08301,-0.99609,-0.23804,1.02750,0.00286,0.00031,0
7970.750,0.08301,-0.99805,-0.23828,1.02945,0.00195,0.00031,0
7973.242,0.07666,-0.99658,-0.24097,1.02816,0.00129,0.00032,0
7975.740,0.08813,-0.99512,-0.24268,1.02806,0.00010,0.00031,0
7978.238,0.08350,-0.99390,-0.23901,1.02564,0.00243,0.00031,0
7980.741,0.07617,-0.99048,-0.24756,1.02378,0.00185,0.00029,0
7983.242,0.08154,-0.99512,-0.24316,1.02764,0.00385,0.00024,0
7985.739,0.08301,-0.99878,-0.23975,1.03050,0.00286,0.00023,0
7988.234,0.07886,-0.99951,-0.23755,1.03037,0.00012,0.00023,0
7990.737,0.07959,-0.99561,-0.23511,1.02608,0.00429,0.00025,0
7993.229,0.08618,-1.00171,-0.24512,1.03486,0.00878,0.00032,0
7995.724,0.07812,-0.99780,-0.23340,1.02771,0.00715,0.00034,0
7998.237,0.07617,-0.99780,-0.23633,1.02823,0.00052,0.00033,0
8000.765,0.07617,-0.99878,-0.24316,1.03077,0.00254,0.00033,0
8003.266,0.07690,-1.00415,-0.23853,1.03495,0.00418,0.00035,0
8005.756,0.08447,-0.99756,-0.23853,1.02915,0.00580,0.00038,0
8008.259,0.08203,-0.99707,-0.24048,1.02894,0.00022,0.00037,0
8010.757,0.07715,-0.99487,-0.24438,1.02735,0.00159,0.00034,0
8013.255,0.08154,-0.99341,-0.23877,1.02495,0.00240,0.00028,0
8015.758,0.08228,-0.99658,-0.23511,1.02724,0.00229,0.00028,0
8018.256,0.07715,-0.99976,-0.24219,1.03156,0.00432,0.00029,0
8020.757,0.08008,-0.99536,-0.24536,1.02828,0.00328,0.00030,0
8023.262,0.07739,-1.00024,-0.23755,1.03097,0.00269,0.00031,0
8025.759,0.07642,-0.99438,-0.24561,1.02711,0.00386,0.00032,0
8028.256,0.08374,-0.99487,-0.23657,1.02604,0.00108,0.00032,0
8030.871,0.08179,-0.99365,-0.24072,1.02566,0.00038,0.00031,0
8033.365,0.07739,-0.99390,-0.24292,1.02608,0.00041,0.00031,0
8035.863,0.07520,-0.99390,-0.23608,1.02431,0.00176,0.00031,0
8038.351,0.08154,-0.98853,-0.24121,1.02079,0.00352,0.00032,0
8040.850,0.08447,-0.99585,-0.24170,1.02824,0.00745,0.00037,0
8043.355,0.07300,-0.99414,-0.24707,1.02698,0.00126,0.00037,0
8045.899,0.07739,-0.99609,-0.24194,1.02797,0.00099,0.00035,0
8048.396,0.08350,-0.99756,-0.24561,1.03074,0.00276,0.00035,0
8050.898,0.08252,-0.99878,-0.24561,1.03184,0.00110,0.00035,0
8053.411,0.07471,-0.99121,-0.24292,1.02327,0.00856,0.00041,0
8055.906,0.08203,-0.99878,-0.24072,1.03065,0.00737,0.00039,0
8058.404,0.07544,-0.99658,-0.24365,1.02870,0.00194,0.00034,0
8060.911,0.07690,-0.99561,-0.24268,1.02764,0.00107,0.00034,0
8063.461,0.07397,-0.99878,-0.24487,1.03102,0.00338,0.00034,0
8065.958,0.08203,-0.99683,-0.23779,1.02807,0.00294,0.00034,0
8068.495,0.07715,-0.99805,-0.24219,1.02990,0.00183,0.00031,0
8070.994,0.08032,-0.99976,-0.23804,1.03084,0.00093,0.00031,0
8073.490,0.08398,-0.99683,-0.24805,1.03065,0.00019,0.00030,0
8075.995,0.08423,-1.00073,-0.24438,1.03358,0.00293,0.00031,0
8078.491,0.08081,-0.99194,-0.23657,1.02296,0.01062,0.00041,0
8080.992,0.07935,-0.99683,-0.24023,1.02843,0.00547,0.00042,0
8083.506,0.08057,-0.99609,-0.24243,1.02833,0.00010,0.00041,0
8086.002,0.07837,-0.99707,-0.24243,1.02911,0.00078,0.00041,0
8088.502,0.07935,-0.99292,-0.23877,1.02430,0.00481,0.00042,0
8091.011,0.08154,-0.99756,-0.23901,1.02903,0.00473,0.00044,0
8093.506,0.07788,-1.00220,-0.23804,1.03302,0.00399,0.00045,0
8096.002,0.08374,-0.99756,-0.24194,1.02989,0.00313,0.00046,0
8098.506,0.08350,-1.00220,-0.23608,1.03301,0.00312,0.00047,0
8101.001,0.08203,-1.00049,-0.24609,1.03357,0.00056,0.00046,0
8103.498,0.08154,-0.99512,-0.24829,1.02886,0.00471,0.00042,0
8106.048,0.08594,-0.99634,-0.24683,1.03005,0.00119,0.00042,0
8108.553,0.07959,-0.99585,-0.24072,1.02762,0.00243,0.00043,0
8111.054,0.07056,-0.99512,-0.24097,1.02630,0.00131,0.00042,0
8113.557,0.07935,-0.99365,-0.23779,1.02479,0.00152,0.00042,0
8116.054,0.07959,-1.00146,-0.23657,1.03210,0.00732,0.00040,0
8118.553,0.07520,-0.99536,-0.24487,1.02779,0.00431,0.00037,0
8121.061,0.07935,-0.99561,-0.24512,1.02840,0.00061,0.00036,0
8123.556,0.08618,-0.99878,-0.24170,1.03122,0.00281,0.00037,0
8126.055,0.07861,-0.99365,-0.24121,1.02553,0.00569,0.00039,0
8128.594,0.07959,-0.99585,-0.23999,1.02745,0.00192,0.00039,0
8131.097,0.07690,-1.00366,-0.23779,1.03431,0.00686,0.00043,0
8133.596,0.07373,-0.99780,-0.24023,1.02896,0.00535,0.00046,0
8136.102,0.07471,-0.99829,-0.23560,1.02843,0.00053,0.00046,0
8138.614,0.07471,-1.00171,-0.23779,1.03225,0.00382,0.00046,0
8141.118,0.07617,-0.99170,-0.24170,1.02357,0.00869,0.00043,0
8143.619,0.07764,-0.99854,-0.23853,1.02956,0.00599,0.00043,0
8146.124,0.07788,-0.99805,-0.24463,1.03054,0.00098,0.00043,0
8148.670,0.07690,-0.99756,-0.23853,1.02856,0.00198,0.00044,0
8151.231,0.07446,-0.99658,-0.23706,1.02709,0.00147,0.00042,0
8153.733,0.07886,-0.99707,-0.24487,1.02972,0.00263,0.00040,0
8156.231,0.08008,-0.99512,-0.24316,1.02752,0.00220,0.00039,0
8158.736,0.07642,-0.99731,-0.24072,1.02880,0.00128,0.00038,0
8161.235,0.08032,-0.99707,-0.24072,1.02886,0.00006,0.00037,0
8163.734,0.07983,-0.99390,-0.24097,1.02580,0.00306,0.00038,0
8166.244,0.07715,-0.99121,-0.23828,1.02236,0.00344,0.00037,0
8168.748,0.07690,-0.99536,-0.24170,1.02717,0.00480,0.00039,0
8171.253,0.08447,-1.00098,-0.24390,1.03372,0.00655,0.00043,0
8173.752,0.07910,-0.99707,-0.24097,1.02882,0.00490,0.00045,0
8176.252,0.08008,-0.99561,-0.24438,1.02828,0.00054,0.00045,0
8178.754,0.08228,-0.99438,-0.23706,1.02556,0.00273,0.00040,0
8181.252,0.07788,-0.99756,-0.23730,1.02835,0.00279,0.00039,0
8183.749,0.07959,-0.99609,-0.24243,1.02826,0.00009,0.00039,0
8186.254,0.07397,-0.99463,-0.24487,1.02700,0.00126,0.00039,0
8188.811,0.07690,-0.99658,-0.24194,1.02841,0.00141,0.00036,0
8191.311,0.07739,-0.99658,-0.23560,1.02697,0.00144,0.00035,0
8193.812,0.08081,-0.99292,-0.24561,1.02603,0.00094,0.00031,0
8196.312,0.08179,-1.00342,-0.24536,1.03621,0.01018,0.00038,0
8198.932,0.08105,-0.99658,-0.23486,1.02709,0.00913,0.00047,0
8201.434,0.07812,-0.99170,-0.23926,1.02314,0.00395,0.00047,0
8203.937,0.08154,-0.99512,-0.23853,1.02655,0.00341,0.00040,0
8206.438,0.08496,-0.99609,-0.24536,1.02938,0.00283,0.00038,0
8208.941,0.08325,-0.99292,-0.24512,1.02611,0.00327,0.00039,0
8211.463,0.07935,-1.00073,-0.23804,1.03171,0.00560,0.00041,0
8214.006,0.08252,-0.99780,-0.24585,1.03095,0.00076,0.00041,0
8216.505,0.07861,-0.99438,-0.23999,1.02595,0.00500,0.00043,0
8219.008,0.08740,-0.99609,-0.24341,1.02912,0.00317,0.00043,0
8221.505,0.08130,-0.99805,-0.24780,1.03156,0.00244,0.00044,0
8224.002,0.07690,-0.99731,-0.23389,1.02726,0.00430,0.00046,0
8226.502,0.08057,-1.00000,-0.23828,1.03115,0.00389,0.00046,0
8229.005,0.08203,-0.99609,-0.24243,1.02845,0.00270,0.00046,0
8231.504,0.07812,-0.99683,-0.24292,1.02897,0.00052,0.00044,0
8234.056,0.08179,-0.99365,-0.24414,1.02647,0.00250,0.00040,0
8236.614,0.08350,-0.98682,-0.24805,1.02093,0.00554,0.00041,0
8239.120,0.08350,-0.99731,-0.24658,1.03073,0.00980,0.00050,0
8241.617,0.08081,-1.00366,-0.24243,1.03568,0.00495,0.00052,0
8244.117,0.08154,-0.99316,-0.23267,1.02331,0.01238,0.00066,0
8246.621,0.07764,-0.99805,-0.24878,1.03151,0.00820,0.00073,0
8249.123,0.07642,-0.99512,-0.24487,1.02765,0.00386,0.00074,0
8251.622,0.07837,-0.99658,-0.24878,1.03015,0.00250,0.00075,0
8254.125,0.08350,-0.99683,-0.24829,1.03067,0.00052,0.00075,0
8256.630,0.08032,-1.00269,-0.24683,1.03574,0.00507,0.00077,0
8259.132,0.08008,-0.99805,-0.23706,1.02894,0.00680,0.00071,0
8261.631,0.07886,-0.99585,-0.23535,1.02632,0.00262,0.00064,0
8264.131,0.08105,-0.99585,-0.24780,1.02941,0.00310,0.00063,0
8266.634,0.08105,-0.99805,-0.24731,1.03142,0.00201,0.00062,0
8269.163,0.08252,-0.99658,-0.24219,1.02890,0.00252,0.00062,0
8271.663,0.08252,-0.99341,-0.24487,1.02647,0.00244,0.00062,0
8274.162,0.08008,-0.99390,-0.24170,1.02599,0.00047,0.00059,0
8276.698,0.07812,-1.00195,-0.23926,1.03308,0.00709,0.00064,0
8279.245,0.08130,-0.99463,-0.24365,1.02726,0.00582,0.00065,0
8281.740,0.08154,-0.99609,-0.24292,1.02852,0.00126,0.00064,0
8284.239,0.08057,-0.99829,-0.23730,1.02927,0.00074,0.00063,0
8286.748,0.08081,-1.00171,-0.24561,1.03454,0.00527,0.00064,0
8289.248,0.07495,-1.00024,-0.24438,1.03239,0.00215,0.00063,0
8291.745,0.07739,-0.99976,-0.24072,1.03124,0.00115,0.00062,0
8294.253,0.08228,-0.99707,-0.24170,1.02924,0.00200,0.00063,0
8296.762,0.07837,-0.99390,-0.24194,1.02592,0.00332,0.00063,0
8299.272,0.08057,-0.99316,-0.24390,1.02584,0.00008,0.00060,0
8301.770,0.08057,-0.99268,-0.24512,1.02566,0.00018,0.00051,0
8304.269,0.08057,-0.99512,-0.23877,1.02653,0.00087,0.00048,0
8306.771,0.07910,-0.99683,-0.24780,1.03021,0.00368,0.00034,0
8309.270,0.08228,-0.99878,-0.23682,1.02976,0.00044,0.00028,0
8311.769,0.08203,-0.99683,-0.24146,1.02893,0.00084,0.00026,0
8314.608,0.07910,-0.99634,-0.23706,1.02720,0.00173,0.00026,0
8317.212,0.07935,-0.99805,-0.24292,1.03024,0.00304,0.00027,0
8320.407,0.08350,-0.99512,-0.24463,1.02814,0.00210,0.00025,0
8323.362,0.07544,-0.99951,-0.23584,1.02973,0.00159,0.00020,0
8325.869,0.07666,-0.99805,-0.23438,1.02806,0.00167,0.00020,0
8327.822,0.07886,-0.99634,-0.24023,1.02792,0.00014,0.00019,0
8329.559,0.07959,-0.99536,-0.23877,1.02669,0.00123,0.00019,0
8331.195,0.07690,-1.00098,-0.23926,1.03204,0.00535,0.00021,0
8332.859,0.07837,-0.99756,-0.24170,1.02941,0.00263,0.00021,0
8334.362,0.07617,-0.99951,-0.24292,1.03142,0.00201,0.00021,0
8335.848,0.07471,-0.99951,-0.24048,1.03074,0.00068,0.00016,0
8337.530,0.07861,-0.99683,-0.23608,1.02741,0.00333,0.00014,0
8339.145,0.07520,-0.99951,-0.24731,1.03240,0.00498,0.00016,0
8341.443,0.07739,-0.99585,-0.24316,1.02802,0.00437,0.00018,0
8343.752,0.08032,-0.99756,-0.25439,1.03261,0.00459,0.00018,0
8346.189,0.07959,-0.98999,-0.23975,1.02171,0.01090,0.00029,0
8348.574,0.08154,-0.99805,-0.24438,1.03076,0.00905,0.00037,0
8350.842,0.07690,-0.99585,-0.24609,1.02868,0.00208,0.00037,0
8353.103,0.08252,-0.99487,-0.24683,1.02835,0.00033,0.00036,0
8355.373,0.07983,-0.99585,-0.24023,1.02752,0.00083,0.00036,0
8357.632,0.07690,-0.99902,-0.23682,1.02958,0.00206,0.00037,0
8359.994,0.08228,-0.99438,-0.24414,1.02722,0.00237,0.00037,0
8362.251,0.07715,-1.00073,-0.24414,1.03297,0.00575,0.00039,0
8364.772,0.07959,-0.99902,-0.24292,1.03121,0.00176,0.00039,0
8367.031,0.08276,-1.00195,-0.23975,1.03356,0.00235,0.00040,0
8369.290,0.07935,-0.99219,-0.24512,1.02509,0.00846,0.00047,0
8371.549,0.07935,-0.99902,-0.23706,1.02983,0.00473,0.00048,0
8373.807,0.08301,-0.99512,-0.24707,1.02868,0.00114,0.00048,0
8376.064,0.08179,-0.99390,-0.24243,1.02630,0.00238,0.00048,0
8378.345,0.07666,-0.99902,-0.24341,1.03110,0.00480,0.00050,0
8380.672,0.08008,-0.99463,-0.24023,1.02636,0.00474,0.00052,0
8382.953,0.07690,-0.99658,-0.22632,1.02485,0.00151,0.00052,0
8385.208,0.08398,-0.99829,-0.24023,1.03022,0.00537,0.00052,0
8387.458,0.08008,-0.99683,-0.23584,1.02747,0.00275,0.00052,0
8389.743,0.08716,-0.99658,-0.23584,1.02781,0.00034,0.00052,0
8391.976,0.07617,-0.99023,-0.23730,1.02112,0.00669,0.00056,0
8394.227,0.07690,-0.99414,-0.24146,1.02593,0.00481,0.00058,0
8396.545,0.07910,-0.99658,-0.23364,1.02666,0.00073,0.00055,0
8398.802,0.08447,-0.99731,-0.23828,1.02886,0.00220,0.00054,0
8401.051,0.07910,-0.99243,-0.24365,1.02496,0.00390,0.00053,0
8403.301,0.07935,-0.99292,-0.23950,1.02447,0.00049,0.00041,0
8405.551,0.08154,-0.99658,-0.23877,1.02803,0.00355,0.00034,0
8407.805,0.07422,-0.99463,-0.24097,1.02609,0.00194,0.00034,0
8410.057,0.07251,-0.99683,-0.23975,1.02781,0.00172,0.00035,0
8412.354,0.08301,-0.99146,-0.24316,1.02421,0.00360,0.00036,0
8414.613,0.07544,-1.00122,-0.24365,1.03320,0.00899,0.00043,0
8416.867,0.08008,-0.99902,-0.24170,1.03096,0.00224,0.00043,0
8419.123,0.07690,-0.99927,-0.24390,1.03147,0.00051,0.00040,0
8421.375,0.07983,-1.00024,-0.25146,1.03445,0.00298,0.00041,0
8423.628,0.08032,-0.99365,-0.23584,1.02441,0.01004,0.00050,0
8425.883,0.08374,-0.99194,-0.24805,1.02591,0.00150,0.00043,0
8428.136,0.07959,-1.00293,-0.23755,1.03375,0.00784,0.00047,0
8430.391,0.08081,-0.99951,-0.23682,1.03036,0.00339,0.00048,0
8432.651,0.08203,-0.99365,-0.23657,1.02471,0.00564,0.00051,0
8434.904,0.08203,-0.99854,-0.24121,1.03053,0.00581,0.00052,0
8437.158,0.07812,-0.99902,-0.24365,1.03127,0.00074,0.00050,0
8439.410,0.08301,-0.99585,-0.24854,1.02975,0.00152,0.00050,0
8441.662,0.08081,-0.99707,-0.23999,1.02872,0.00102,0.00047,0
8443.918,0.08472,-0.99219,-0.24341,1.02511,0.00361,0.00047,0
8446.199,0.07471,-0.99902,-0.24731,1.03189,0.00677,0.00052,0
8448.456,0.07764,-0.99854,-0.23853,1.02956,0.00233,0.00048,0
8450.711,0.08008,-0.99707,-0.22974,1.02632,0.00324,0.00047,0
8452.962,0.08545,-0.99683,-0.24170,1.02926,0.00294,0.00048,0
8455.269,0.08057,-0.99805,-0.24170,1.03005,0.00079,0.00047,0
8457.521,0.07617,-0.99829,-0.23193,1.02771,0.00235,0.00046,0
8459.773,0.07935,-0.99463,-0.23389,1.02483,0.00287,0.00047,0
8462.071,0.08228,-0.99878,-0.23413,1.02915,0.00431,0.00048,0
8464.328,0.07935,-0.99341,-0.24072,1.02523,0.00392,0.00049,0
8466.582,0.07349,-0.99756,-0.24585,1.03003,0.00480,0.00051,0
8468.835,0.07495,-0.99902,-0.23511,1.02905,0.00098,0.00050,0
8471.312,0.08496,-1.00220,-0.24194,1.03448,0.00543,0.00045,0
8473.572,0.08057,-0.99658,-0.24316,1.02898,0.00550,0.00047,0
8475.829,0.08374,-0.99243,-0.23999,1.02446,0.00451,0.00049,0
8478.084,0.08423,-0.99463,-0.24023,1.02669,0.00223,0.00049,0
8480.338,0.08496,-1.00000,-0.23047,1.02973,0.00303,0.00039,0
8482.592,0.08105,-0.99829,-0.23584,1.02897,0.00076,0.00039,0
8484.849,0.08179,-0.99561,-0.24292,1.02807,0.00090,0.00033,0
8487.103,0.07910,-1.00049,-0.24609,1.03334,0.00527,0.00035,0
8489.356,0.08643,-1.00244,-0.24634,1.03588,0.00253,0.00032,0
8491.607,0.07837,-0.99902,-0.23950,1.03032,0.00556,0.00032,0
8493.861,0.07690,-1.00122,-0.23828,1.03205,0.00174,0.00032,0
8496.112,0.07959,-0.99438,-0.24585,1.02741,0.00464,0.00034,0
8498.373,0.08105,-0.99707,-0.24829,1.03071,0.00330,0.00035,0
8500.629,0.07690,-0.99683,-0.22949,1.02579,0.00492,0.00036,0
8502.885,0.07764,-0.99902,-0.24951,1.03263,0.00684,0.00036,0
8505.134,0.07788,-0.99829,-0.24585,1.03106,0.00157,0.00036,0
8507.387,0.07812,-1.00342,-0.24341,1.03547,0.00441,0.00037,0
8509.641,0.07666,-0.99634,-0.23828,1.02730,0.00817,0.00043,0
8511.998,0.08032,-0.99536,-0.24194,1.02749,0.00019,0.00043,0
8514.253,0.07520,-0.99731,-0.24683,1.03015,0.00266,0.00043,0
8516.535,0.08521,-0.99561,-0.24268,1.02829,0.00186,0.00042,0
8518.791,0.08154,-0.99609,-0.23608,1.02693,0.00136,0.00041,0
8521.043,0.07886,-0.99536,-0.23511,1.02579,0.00114,0.00039,0
8523.314,0.07812,-0.99829,-0.24512,1.03091,0.00512,0.00040,0
8525.568,0.08862,-0.99316,-0.23682,1.02485,0.00606,0.00043,0
8527.818,0.07788,-0.99414,-0.24219,1.02618,0.00133,0.00040,0
8530.090,0.07812,-0.99097,-0.24292,1.02329,0.00288,0.00038,0
8532.345,0.07812,-0.99561,-0.24194,1.02756,0.00426,0.00038,0
8534.599,0.08228,-1.00366,-0.23486,1.03405,0.00650,0.00042,0
8537.059,0.07788,-0.99829,-0.24390,1.03060,0.00345,0.00042,0
8539.578,0.07568,-0.99854,-0.24023,1.02981,0.00079,0.00042,0
8542.074,0.08057,-1.00049,-0.23901,1.03179,0.00198,0.00042,0
8544.574,0.08130,-0.99634,-0.24463,1.02915,0.00265,0.00040,0
8547.073,0.07812,-1.00171,-0.24365,1.03387,0.00473,0.00042,0
8549.571,0.07910,-0.99951,-0.23755,1.03039,0.00348,0.00040,0
8552.067,0.08325,-0.99683,-0.24268,1.02931,0.00108,0.00040,0
8554.564,0.08081,-0.99951,-0.24390,1.03201,0.00269,0.00038,0
8557.065,0.08545,-1.00171,-0.23462,1.03236,0.00035,0.00037,0
8559.582,0.08569,-1.00244,-0.24097,1.03455,0.00219,0.00035,0
8562.096,0.07788,-0.99951,-0.23950,1.03075,0.00380,0.00032,0
8564.587,0.08350,-0.99072,-0.23413,1.02143,0.00932,0.00041,0
8567.086,0.08105,-1.00049,-0.24341,1.03286,0.01143,0.00052,0
8569.582,0.08374,-0.99902,-0.24341,1.03165,0.00120,0.00045,0
8572.105,0.07202,-0.99170,-0.23999,1.02286,0.00879,0.00053,0
8574.610,0.08057,-0.99585,-0.24976,1.02985,0.00698,0.00057,0
8577.107,0.08154,-0.99243,-0.24634,1.02579,0.00405,0.00058,0
8579.605,0.08032,-0.99854,-0.24194,1.03056,0.00477,0.00060,0
8582.132,0.07642,-0.99683,-0.24512,1.02936,0.00120,0.00060,0
8584.636,0.08008,-0.98730,-0.23633,1.01835,0.01101,0.00070,0
8587.133,0.08618,-1.00171,-0.24316,1.03440,0.01605,0.00092,0
8589.630,0.07788,-1.00146,-0.23853,1.03242,0.00198,0.00092,0
8592.125,0.08325,-0.99878,-0.24365,1.03143,0.00099,0.00092,0
8594.630,0.07617,-0.99878,-0.24146,1.03037,0.00106,0.00090,0
8597.185,0.08057,-0.99829,-0.24097,1.03012,0.00025,0.00086,0
8599.680,0.07617,-0.99609,-0.24170,1.02782,0.00229,0.00085,0
8602.183,0.08301,-0.99414,-0.23486,1.02487,0.00295,0.00086,0
8604.685,0.07935,-0.99512,-0.23291,1.02509,0.00021,0.00085,0
8607.184,0.08105,-0.99341,-0.23682,1.02446,0.00063,0.00085,0
8609.680,0.08154,-0.99805,-0.24414,1.03070,0.00625,0.00086,0
8612.176,0.08154,-0.99341,-0.24487,1.02639,0.00432,0.00087,0
8614.679,0.08179,-0.99561,-0.23779,1.02687,0.00048,0.00087,0
8617.180,0.07886,-0.99438,-0.23242,1.02423,0.00265,0.00087,0
8619.682,0.07983,-0.99780,-0.23682,1.02862,0.00440,0.00089,0
8622.183,0.08423,-0.99976,-0.24854,1.03362,0.00500,0.00091,0
8624.727,0.08447,-0.99048,-0.24756,1.02444,0.00919,0.00098,0
8627.232,0.08569,-0.99585,-0.23853,1.02760,0.00316,0.00090,0
8629.729,0.08154,-0.99976,-0.24170,1.03178,0.00419,0.00079,0
8632.228,0.08179,-0.99390,-0.25146,1.02847,0.00331,0.00080,0
8634.731,0.08032,-0.99512,-0.25317,1.02995,0.00148,0.00072,0
8637.228,0.07153,-1.00098,-0.23315,1.03026,0.00030,0.00067,0
8639.725,0.07739,-0.99438,-0.24170,1.02626,0.00400,0.00067,0
8642.223,0.07959,-0.99976,-0.24536,1.03250,0.00624,0.00069,0
8644.745,0.07739,-0.99512,-0.23999,1.02657,0.00593,0.00072,0
8647.300,0.08057,-0.99243,-0.23682,1.02347,0.00310,0.00061,0
8649.797,0.08374,-0.99658,-0.24023,1.02854,0.00507,0.00038,0
8652.293,0.08203,-0.99683,-0.24927,1.03079,0.00225,0.00038,0
8654.797,0.07593,-0.98853,-0.24316,1.02082,0.00997,0.00048,0
8657.293,0.08057,-0.99731,-0.24292,1.02963,0.00881,0.00056,0
8659.788,0.07983,-0.99487,-0.24731,1.02826,0.00137,0.00056,0
8662.316,0.07910,-0.98950,-0.22778,1.01846,0.00980,0.00065,0
8664.843,0.07886,-0.99316,-0.23682,1.02405,0.00559,0.00067,0
8667.334,0.07812,-0.99487,-0.24414,1.02737,0.00332,0.00068,0
8669.830,0.07812,-0.99634,-0.23633,1.02696,0.00041,0.00068,0
8672.349,0.07935,-0.99854,-0.23511,1.02890,0.00195,0.00065,0
8674.852,0.07812,-0.99683,-0.24243,1.02885,0.00005,0.00063,0
8677.351,0.08130,-1.00049,-0.24390,1.03299,0.00414,0.00065,0
8679.974,0.07593,-1.00171,-0.24390,1.03377,0.00077,0.00064,0
8682.474,0.08252,-0.99585,-0.24023,1.02773,0.00603,0.00066,0
8684.976,0.07788,-0.99512,-0.24365,1.02747,0.00027,0.00063,0
8687.495,0.07788,-1.00049,-0.24048,1.03193,0.00446,0.00057,0
8689.993,0.07788,-0.99365,-0.24194,1.02564,0.00628,0.00060,0
8692.489,0.08032,-0.99609,-0.24463,1.02883,0.00319,0.00059,0
8694.992,0.08203,-0.99951,-0.24414,1.03216,0.00333,0.00059,0
8697.486,0.08130,-0.99902,-0.23413,1.02931,0.00285,0.00059,0
8699.981,0.07959,-0.99585,-0.23755,1.02688,0.00243,0.00060,0
8702.478,0.07422,-1.00098,-0.23242,1.03028,0.00340,0.00060,0
8704.975,0.07300,-0.99878,-0.23682,1.02906,0.00122,0.00056,0
8707.471,0.08252,-0.99023,-0.24463,1.02334,0.00573,0.00056,0
8709.990,0.08228,-0.99805,-0.23779,1.02928,0.00594,0.00058,0
8712.553,0.07910,-0.99756,-0.24097,1.02929,0.00002,0.00056,0
8715.052,0.07495,-0.99536,-0.24707,1.02830,0.00099,0.00055,0
8717.548,0.08716,-0.99341,-0.24438,1.02673,0.00157,0.00046,0
8720.044,0.07959,-0.99951,-0.23584,1.03004,0.00331,0.00039,0
8722.541,0.07935,-0.99487,-0.24707,1.02816,0.00188,0.00039,0
8725.042,0.07861,-0.99292,-0.24048,1.02465,0.00351,0.00031,0
8727.539,0.08105,-0.99902,-0.23877,1.03035,0.00571,0.00031,0
8730.090,0.08350,-0.99170,-0.23730,1.02311,0.00724,0.00035,0
8732.588,0.07959,-0.99658,-0.23608,1.02725,0.00414,0.00037,0
8735.088,0.07593,-0.99756,-0.24756,1.03062,0.00337,0.00037,0
8737.584,0.07788,-0.99658,-0.23828,1.02763,0.00299,0.00038,0
8740.085,0.07788,-1.00073,-0.24194,1.03251,0.00488,0.00039,0
8742.588,0.08374,-0.99658,-0.24683,1.03010,0.00240,0.00039,0
8745.086,0.07910,-0.99805,-0.24634,1.03104,0.00093,0.00036,0
8747.582,0.08032,-0.99756,-0.24536,1.03043,0.00061,0.00036,0
8750.109,0.07983,-0.99585,-0.24268,1.02810,0.00233,0.00034,0
8752.609,0.08594,-0.99658,-0.23560,1.02765,0.00045,0.00031,0
8755.111,0.07910,-1.00269,-0.24414,1.03501,0.00736,0.00035,0
8757.605,0.07788,-0.99487,-0.24146,1.02671,0.00829,0.00041,0
8760.104,0.07666,-0.99585,-0.23584,1.02626,0.00045,0.00040,0
8762.601,0.07544,-0.99854,-0.24023,1.02979,0.00353,0.00041,0
8765.098,0.07495,-0.99707,-0.23901,1.02805,0.00174,0.00040,0
8767.594,0.08398,-0.99316,-0.23706,1.02451,0.00354,0.00041,0
8770.088,0.07861,-0.99243,-0.24487,1.02521,0.00070,0.00038,0
8772.620,0.07935,-0.99268,-0.24951,1.02662,0.00141,0.00034,0
8775.124,0.08105,-0.99829,-0.24316,1.03067,0.00405,0.00036,0
8777.621,0.07080,-0.99756,-0.25415,1.03186,0.00119,0.00036,0
8780.119,0.07764,-0.99805,-0.24390,1.03034,0.00151,0.00036,0
8782.619,0.07812,-0.99731,-0.24072,1.02893,0.00142,0.00035,0
8785.119,0.08350,-0.99829,-0.24707,1.03179,0.00287,0.00036,0
8787.615,0.07349,-1.00049,-0.24438,1.03252,0.00073,0.00034,0
8790.111,0.07983,-0.98877,-0.24756,1.02241,0.01011,0.00041,0
8792.611,0.07568,-0.99414,-0.24756,1.02729,0.00488,0.00038,0
8795.109,0.07959,-0.99780,-0.23633,1.02849,0.00120,0.00037,0
8797.607,0.07227,-1.00195,-0.24048,1.03294,0.00445,0.00038,0
8800.102,0.08057,-1.00024,-0.24048,1.03190,0.00104,0.00037,0
8802.600,0.07642,-0.99805,-0.24585,1.03072,0.00118,0.00035,0
8805.099,0.08105,-0.99561,-0.23511,1.02619,0.00452,0.00036,0
8807.596,0.07935,-1.00171,-0.24463,1.03420,0.00800,0.00042,0
8810.093,0.07837,-0.99341,-0.24170,1.02539,0.00881,0.00050,0
8812.593,0.08154,-0.99243,-0.24048,1.02440,0.00099,0.00050,0
8815.094,0.08447,-0.99731,-0.24097,1.02948,0.00508,0.00052,0
8817.588,0.07861,-0.99805,-0.24194,1.02996,0.00047,0.00047,0
8820.117,0.08032,-0.99219,-0.23901,1.02373,0.00623,0.00044,0
8822.617,0.08228,-1.00220,-0.24854,1.03583,0.01210,0.00059,0
8825.115,0.07935,-0.99390,-0.23584,1.02457,0.01126,0.00070,0
8827.612,0.08057,-0.99487,-0.23315,1.02500,0.00043,0.00070,0
8830.107,0.07935,-0.99438,-0.23755,1.02544,0.00044,0.00068,0
8832.607,0.08203,-0.99512,-0.24609,1.02837,0.00293,0.00069,0
8835.107,0.07861,-0.99927,-0.23730,1.03006,0.00169,0.00069,0
8837.603,0.07617,-1.00049,-0.23975,1.03163,0.00157,0.00068,0
8840.102,0.08618,-0.99829,-0.23804,1.02989,0.00174,0.00068,0
8842.602,0.08276,-1.00195,-0.24341,1.03441,0.00452,0.00070,0
8845.101,0.08081,-0.99536,-0.24658,1.02863,0.00578,0.00073,0
8847.722,0.07471,-0.99829,-0.23950,1.02933,0.00070,0.00072,0
8850.225,0.07812,-0.99561,-0.23779,1.02659,0.00275,0.00073,0
8852.750,0.07495,-0.99512,-0.24170,1.02679,0.00020,0.00063,0
8855.256,0.07617,-0.99951,-0.23584,1.02978,0.00299,0.00061,0
8857.752,0.07788,-0.99829,-0.24365,1.03054,0.00076,0.00061,0
8860.248,0.07959,-0.99438,-0.23535,1.02495,0.00559,0.00062,0
8862.750,0.07715,-0.99829,-0.23145,1.02767,0.00272,0.00063,0
8865.244,0.08350,-1.00049,-0.24561,1.03357,0.00590,0.00066,0
8867.740,0.08057,-0.99487,-0.23975,1.02652,0.00705,0.00069,0
8870.243,0.08130,-0.99902,-0.24438,1.03169,0.00517,0.00066,0
8872.800,0.08057,-0.99268,-0.24756,1.02625,0.00544,0.00061,0
8875.347,0.08179,-0.99438,-0.24072,1.02637,0.00012,0.00061,0
8877.846,0.08154,-0.98853,-0.24243,1.02108,0.00529,0.00061,0
8880.345,0.08252,-0.99512,-0.23999,1.02697,0.00589,0.00064,0
8882.847,0.08154,-1.00220,-0.24292,1.03444,0.00747,0.00066,0
8885.342,0.08057,-0.99512,-0.24316,1.02756,0.00688,0.00056,0
8887.838,0.07935,-0.99365,-0.23657,1.02450,0.00306,0.00044,0
8890.339,0.08228,-0.99805,-0.25073,1.03234,0.00784,0.00050,0
8892.838,0.07837,-0.99609,-0.24561,1.02892,0.00343,0.00052,0
8895.336,0.07886,-0.99805,-0.24390,1.03044,0.00152,0.00051,0
8897.834,0.08008,-0.99951,-0.25146,1.03377,0.00333,0.00052,0
8900.330,0.07886,-1.00439,-0.24390,1.03659,0.00282,0.00052,0
8902.830,0.08130,-0.99487,-0.23682,1.02590,0.01069,0.00063,0
8905.324,0.07861,-0.99561,-0.24268,1.02777,0.00187,0.00062,0
8907.834,0.08130,-0.99487,-0.23755,1.02607,0.00170,0.00059,0
8910.335,0.07983,-0.99634,-0.24170,1.02834,0.00227,0.00059,0
8912.863,0.08594,-1.00366,-0.24341,1.03633,0.00799,0.00065,0
8915.360,0.07471,-0.99463,-0.24658,1.02746,0.00887,0.00073,0
8917.858,0.08447,-0.99438,-0.24243,1.02699,0.00047,0.00072,0
8920.354,0.08618,-0.99609,-0.23999,1.02821,0.00122,0.00072,0
8922.853,0.07812,-0.98901,-0.23828,1.02031,0.00791,0.00075,0
8925.349,0.08179,-0.99561,-0.24390,1.02830,0.00799,0.00081,0
8927.846,0.07739,-0.99487,-0.24243,1.02691,0.00140,0.00077,0
8930.354,0.07739,-0.99316,-0.23901,1.02445,0.00246,0.00073,0
8932.930,0.08276,-0.99292,-0.24463,1.02595,0.00151,0.00071,0
8935.426,0.07935,-0.99292,-0.23950,1.02447,0.00148,0.00068,0
8937.923,0.08301,-0.99219,-0.23682,1.02343,0.00104,0.00068,0
8940.419,0.07959,-0.99854,-0.24438,1.03108,0.00765,0.00071,0
8942.918,0.07739,-0.99146,-0.23462,1.02177,0.00931,0.00076,0
8945.413,0.07837,-0.99756,-0.24854,1.03104,0.00926,0.00079,0
8947.909,0.08179,-0.99561,-0.24146,1.02773,0.00331,0.00076,0
8950.418,0.07983,-0.99243,-0.24927,1.02637,0.00136,0.00075,0
8952.917,0.07544,-0.99609,-0.23706,1.02669,0.00032,0.00069,0
8955.416,0.08105,-0.99951,-0.23779,1.03060,0.00391,0.00069,0
8957.914,0.08032,-0.99268,-0.24194,1.02489,0.00571,0.00072,0
8960.410,0.07910,-0.99170,-0.24805,1.02531,0.00042,0.00071,0
8962.908,0.07422,-0.99756,-0.23999,1.02870,0.00340,0.00071,0
8965.403,0.08105,-0.99634,-0.23975,1.02798,0.00072,0.00060,0
8967.899,0.07617,-0.99561,-0.23584,1.02599,0.00199,0.00060,0
8970.398,0.07983,-0.99365,-0.24316,1.02608,0.00009,0.00060,0
8973.099,0.07886,-0.99414,-0.24023,1.02579,0.00029,0.00059,0
8975.606,0.08057,-0.99951,-0.24219,1.03159,0.00580,0.00056,0
8978.166,0.08057,-0.99512,-0.24292,1.02750,0.00408,0.00050,0
8980.669,0.08325,-0.99707,-0.24658,1.03048,0.00298,0.00051,0
8983.171,0.08398,-0.99805,-0.24048,1.03004,0.00044,0.00051,0
8985.668,0.07910,-0.99683,-0.24170,1.02876,0.00128,0.00045,0
8988.166,0.08521,-0.99097,-0.23926,1.02300,0.00576,0.00042,0
8990.667,0.07983,-0.99976,-0.24023,1.03131,0.00831,0.00048,0
8993.166,0.08130,-0.99365,-0.24780,1.02731,0.00400,0.00049,0
8995.663,0.08057,-0.99683,-0.24683,1.03009,0.00278,0.00050,0
8998.162,0.08032,-0.99512,-0.23657,1.02600,0.00409,0.00051,0
9000.664,0.07617,-0.99316,-0.24268,1.02522,0.00078,0.00051,0
9003.165,0.08252,-0.99365,-0.24097,1.02578,0.00056,0.00045,0
9005.659,0.07544,-0.99683,-0.24829,1.03005,0.00427,0.00039,0
9008.159,0.07788,-0.99976,-0.23877,1.03082,0.00077,0.00030,0
9010.662,0.08643,-0.99829,-0.24829,1.03233,0.00151,0.00029,0
9013.162,0.07471,-0.99780,-0.25171,1.03177,0.00056,0.00029,0
9015.778,0.08472,-1.00000,-0.23315,1.03031,0.00146,0.00029,0
9018.284,0.07568,-0.99487,-0.24487,1.02736,0.00295,0.00029,0
9020.786,0.07812,-0.99976,-0.24097,1.03135,0.00399,0.00027,0
9023.342,0.07666,-0.99878,-0.24390,1.03098,0.00037,0.00027,0
9025.845,0.07739,-0.99365,-0.24951,1.02742,0.00356,0.00027,0
9028.337,0.08374,-0.99634,-0.23730,1.02763,0.00021,0.00027,0
9030.834,0.08667,-0.99780,-0.24414,1.03089,0.00326,0.00028,0
9033.333,0.07544,-0.99097,-0.24609,1.02385,0.00704,0.00033,0
9035.829,0.07837,-1.00000,-0.23755,1.03081,0.00696,0.00037,0
9038.332,0.07910,-0.99731,-0.23535,1.02776,0.00305,0.00035,0
9040.836,0.08765,-0.98926,-0.23926,1.02155,0.00621,0.00037,0
9043.366,0.07471,-0.99683,-0.23755,1.02746,0.00591,0.00040,0
9045.866,0.07544,-0.99707,-0.24316,1.02906,0.00160,0.00040,0
9048.363,0.08545,-1.00073,-0.24023,1.03270,0.00364,0.00041,0
9050.864,0.08105,-0.99414,-0.24243,1.02648,0.00623,0.00042,0
9053.362,0.08203,-0.99463,-0.24927,1.02866,0.00219,0.00035,0
9055.857,0.07886,-0.99438,-0.24780,1.02783,0.00084,0.00034,0
9058.357,0.08130,-0.99023,-0.23877,1.02185,0.00597,0.00037,0
9060.860,0.08105,-0.99438,-0.24121,1.02643,0.00457,0.00037,0
9063.363,0.07910,-0.99463,-0.24316,1.02697,0.00054,0.00037,0
9065.861,0.08032,-0.99487,-0.23560,1.02554,0.00143,0.00037,0
9068.357,0.08179,-0.99390,-0.23462,1.02448,0.00106,0.00035,0
9070.860,0.08008,-0.99805,-0.24219,1.03013,0.00565,0.00039,0
9073.417,0.07446,-0.99829,-0.24170,1.02983,0.00030,0.00038,0
9075.923,0.07617,-0.99512,-0.23364,1.02501,0.00482,0.00041,0
9078.432,0.08057,-0.99634,-0.23755,1.02743,0.00242,0.00041,0
9080.934,0.07324,-0.99658,-0.24609,1.02913,0.00170,0.00040,0
9083.433,0.07935,-0.99121,-0.24097,1.02316,0.00597,0.00042,0
9085.931,0.08765,-0.99292,-0.23999,1.02526,0.00210,0.00043,0
9088.429,0.07666,-1.00024,-0.24048,1.03160,0.00633,0.00046,0
9090.930,0.08032,-0.99805,-0.23999,1.02963,0.00197,0.00046,0
9093.416,0.07837,-0.99902,-0.24512,1.03164,0.00200,0.00045,0
9095.913,0.07520,-0.99902,-0.24341,1.03099,0.00064,0.00040,0
9098.415,0.07446,-0.99414,-0.24146,1.02575,0.00525,0.00038,0
9100.969,0.08057,-0.99976,-0.24072,1.03148,0.00573,0.00041,0
9103.519,0.08032,-1.00269,-0.23877,1.03385,0.00237,0.00037,0
9106.024,0.07910,-0.99658,-0.23120,1.02610,0.00774,0.00040,0
9108.522,0.07812,-0.99390,-0.24365,1.02630,0.00020,0.00040,0
9111.019,0.08130,-0.99414,-0.24072,1.02610,0.00021,0.00038,0
9113.516,0.08325,-0.99268,-0.23975,1.02460,0.00149,0.00035,0
9116.011,0.07642,-0.99414,-0.24463,1.02664,0.00204,0.00035,0
9118.509,0.08032,-0.99512,-0.24243,1.02737,0.00072,0.00035,0
9121.008,0.07788,-0.98950,-0.24683,1.02279,0.00458,0.00033,0
9123.504,0.08008,-0.99829,-0.25366,1.03312,0.01033,0.00042,0
9126.002,0.07861,-1.00049,-0.24170,1.03227,0.00086,0.00042,0
9128.498,0.07690,-0.99902,-0.23560,1.02930,0.00296,0.00042,0
9131.001,0.07690,-0.99805,-0.23462,1.02813,0.00117,0.00042,0
9133.494,0.08472,-0.99609,-0.23657,1.02730,0.00083,0.00039,0
9135.990,0.07788,-0.99146,-0.24146,1.02340,0.00390,0.00041,0
9138.487,0.08008,-1.00073,-0.24438,1.03325,0.00985,0.00048,0
9140.984,0.08154,-1.00146,-0.23975,1.03299,0.00026,0.00048,0
9143.484,0.07983,-0.99756,-0.24854,1.03115,0.00184,0.00048,0
9145.977,0.08179,-1.00098,-0.24683,1.03420,0.00305,0.00045,0
9148.474,0.07935,-1.00049,-0.23901,1.03170,0.00250,0.00045,0
9150.972,0.08008,-0.99707,-0.24341,1.02947,0.00223,0.00042,0
9153.471,0.08447,-0.99316,-0.23999,1.02523,0.00424,0.00043,0
9155.966,0.08447,-0.99561,-0.23608,1.02669,0.00146,0.00043,0
9158.463,0.07568,-0.99683,-0.23218,1.02630,0.00039,0.00043,0
9160.965,0.08350,-0.99072,-0.23730,1.02216,0.00414,0.00042,0
9163.466,0.08423,-0.99902,-0.24414,1.03187,0.00970,0.00048,0
9165.963,0.07422,-1.00195,-0.24878,1.03504,0.00318,0.00048,0
9168.458,0.08057,-1.00171,-0.24487,1.03435,0.00069,0.00042,0
9170.958,0.08032,-1.00415,-0.24512,1.03675,0.00240,0.00043,0
9173.674,0.08203,-0.99121,-0.24170,1.02355,0.01320,0.00060,0
9176.182,0.07324,-0.99463,-0.24048,1.02590,0.00236,0.00061,0
9178.685,0.07617,-0.99316,-0.24292,1.02527,0.00063,0.00060,0
9181.181,0.08154,-0.99438,-0.24023,1.02624,0.00096,0.00060,0
9183.797,0.07788,-0.99780,-0.24170,1.02961,0.00337,0.00059,0
9186.302,0.08154,-0.99951,-0.23999,1.03115,0.00154,0.00049,0
9188.802,0.07959,-0.99438,-0.24438,1.02706,0.00409,0.00051,0
9191.300,0.07568,-0.99658,-0.24097,1.02809,0.00103,0.00050,0
9193.797,0.08301,-0.99756,-0.23950,1.02926,0.00117,0.00050,0
9196.292,0.07910,-0.99512,-0.23999,1.02670,0.00256,0.00050,0
9198.797,0.07593,-0.99976,-0.23755,1.03039,0.00369,0.00050,0
9201.292,0.08154,-1.00171,-0.23730,1.03266,0.00227,0.00041,0
9203.798,0.07642,-0.99634,-0.24268,1.02831,0.00435,0.00043,0
9206.326,0.07642,-0.99438,-0.23926,1.02561,0.00269,0.00043,0
9208.834,0.07593,-0.99097,-0.23730,1.02181,0.00381,0.00044,0
9211.364,0.07593,-0.99634,-0.23608,1.02674,0.00493,0.00046,0
9213.862,0.08228,-0.99561,-0.23584,1.02646,0.00028,0.00045,0
9216.357,0.07666,-0.99365,-0.23633,1.02424,0.00222,0.00044,0
9218.856,0.08325,-0.99780,-0.24121,1.02991,0.00567,0.00047,0
9221.350,0.07202,-0.99829,-0.24292,1.02994,0.00003,0.00047,0
9223.846,0.07861,-0.99414,-0.24512,1.02693,0.00302,0.00046,0
9226.358,0.08374,-0.99390,-0.25366,1.02917,0.00224,0.00037,0
9228.859,0.07861,-0.99658,-0.23364,1.02662,0.00255,0.00037,0
9231.358,0.07983,-0.98584,-0.24756,1.01958,0.00704,0.00042,0
9233.856,0.07983,-0.99780,-0.23877,1.02907,0.00950,0.00050,0
9236.352,0.08130,-1.00195,-0.24341,1.03430,0.00522,0.00035,0
9238.856,0.07397,-0.99683,-0.23364,1.02651,0.00779,0.00041,0
9241.354,0.08203,-0.99438,-0.23633,1.02537,0.00114,0.00041,0
9243.851,0.08130,-0.99463,-0.24854,1.02843,0.00306,0.00042,0
9246.349,0.08472,-0.99609,-0.25049,1.03059,0.00217,0.00041,0
9248.851,0.07959,-0.99365,-0.23560,1.02430,0.00630,0.00045,0
9251.374,0.07910,-0.99536,-0.24292,1.02762,0.00333,0.00044,0
9253.872,0.08154,-1.00073,-0.24854,1.03435,0.00673,0.00049,0
9256.367,0.07886,-1.00244,-0.24146,1.03412,0.00023,0.00049,0
9258.869,0.07861,-1.00024,-0.25244,1.03460,0.00048,0.00048,0
9261.365,0.08276,-0.99731,-0.24316,1.02986,0.00474,0.00049,0
9263.859,0.07520,-0.99585,-0.24414,1.02809,0.00177,0.00049,0
9266.357,0.08154,-1.00195,-0.24365,1.03437,0.00628,0.00051,0
9268.856,0.08423,-0.99951,-0.24390,1.03228,0.00209,0.00051,0
9271.357,0.08130,-0.99097,-0.24048,1.02296,0.00932,0.00058,0
9274.005,0.08325,-1.00049,-0.25220,1.03514,0.01217,0.00070,0
9276.512,0.07910,-0.99585,-0.24780,1.02926,0.00588,0.00074,0
9279.014,0.07935,-0.99902,-0.24268,1.03113,0.00187,0.00073,0
9281.511,0.08325,-0.99585,-0.24194,1.02819,0.00294,0.00071,0
9284.006,0.07788,-0.99805,-0.24316,1.03019,0.00200,0.00071,0
9286.504,0.07861,-0.99976,-0.23340,1.02964,0.00055,0.00071,0
9289.015,0.08008,-0.99243,-0.25269,1.02722,0.00242,0.00071,0
9291.511,0.07983,-0.99658,-0.24048,1.02829,0.00107,0.00070,0
9294.008,0.07959,-0.99707,-0.24023,1.02869,0.00040,0.00065,0
9296.503,0.08008,-0.99414,-0.24341,1.02663,0.00205,0.00057,0
9299.001,0.07886,-0.99805,-0.24194,1.02998,0.00334,0.00055,0
9301.498,0.07837,-0.99756,-0.23877,1.02873,0.00125,0.00049,0
9303.993,0.08252,-0.99219,-0.23584,1.02316,0.00556,0.00052,0
9306.490,0.07471,-0.99170,-0.23682,1.02232,0.00085,0.00051,0
9308.992,0.07471,-0.99609,-0.24878,1.02941,0.00709,0.00056,0
9311.488,0.07739,-0.99976,-0.23779,1.03056,0.00115,0.00052,0
9314.005,0.07837,-0.99927,-0.24536,1.03193,0.00137,0.00051,0
9316.533,0.08105,-0.99365,-0.24316,1.02618,0.00575,0.00050,0
9319.063,0.08130,-0.99878,-0.23877,1.03014,0.00396,0.00051,0
9321.632,0.08154,-0.99097,-0.23950,1.02275,0.00738,0.00057,0
9324.180,0.07373,-0.99390,-0.24268,1.02575,0.00299,0.00055,0
9326.600,0.07593,-0.99512,-0.23560,1.02544,0.00031,0.00055,0
9328.107,0.08057,-0.99585,-0.24585,1.02891,0.00347,0.00052,0
9329.620,0.08472,-0.99609,-0.23486,1.02691,0.00200,0.00052,0
9331.117,0.08081,-0.99365,-0.24146,1.02576,0.00115,0.00044,0
9332.620,0.08252,-0.99561,-0.24878,1.02953,0.00377,0.00030,0
9334.113,0.07861,-0.99438,-0.24731,1.02769,0.00184,0.00027,0
9335.578,0.08032,-0.99878,-0.24341,1.03114,0.00346,0.00028,0
9337.062,0.07935,-0.99756,-0.23389,1.02768,0.00347,0.00028,0
9338.544,0.08105,-0.99146,-0.23877,1.02302,0.00466,0.00030,0
9340.786,0.07495,-0.99048,-0.23950,1.02178,0.00124,0.00030,0
9343.164,0.07886,-0.99951,-0.24487,1.03209,0.01031,0.00040,0
9345.411,0.08179,-1.00024,-0.24414,1.03285,0.00076,0.00040,0
9347.657,0.08081,-0.99585,-0.24219,1.02806,0.00479,0.00043,0
9349.913,0.07959,-0.99438,-0.24414,1.02701,0.00105,0.00042,0
9352.165,0.08154,-0.99585,-0.23999,1.02760,0.00059,0.00041,0
9354.427,0.08057,-0.99585,-0.24194,1.02798,0.00038,0.00041,0
9356.689,0.08154,-0.98779,-0.23657,1.01899,0.00899,0.00046,0
9358.939,0.07983,-0.99341,-0.24243,1.02567,0.00668,0.00050,0
9361.188,0.08252,-0.99927,-0.24561,1.03231,0.00664,0.00050,0
9363.439,0.07837,-0.99292,-0.25073,1.02708,0.00523,0.00052,0
9365.690,0.07812,-0.99292,-0.23730,1.02387,0.00321,0.00053,0
9367.952,0.08105,-0.99512,-0.23169,1.02494,0.00107,0.00050,0
9370.216,0.08057,-0.99658,-0.25122,1.03091,0.00597,0.00052,0
9372.483,0.08057,-0.99780,-0.23682,1.02868,0.00223,0.00047,0
9374.753,0.08228,-0.99707,-0.24487,1.02999,0.00131,0.00046,0
9376.972,0.07568,-0.99951,-0.24146,1.03104,0.00105,0.00047,0
9379.230,0.08203,-0.99683,-0.24268,1.02921,0.00183,0.00046,0
9381.480,0.07935,-0.99780,-0.24414,1.03030,0.00108,0.00045,0
9383.732,0.07959,-0.99414,-0.24463,1.02689,0.00341,0.00046,0
9385.984,0.07959,-0.99829,-0.23584,1.02885,0.00197,0.00045,0
9388.249,0.08374,-0.99390,-0.23755,1.02532,0.00354,0.00046,0
9390.512,0.07983,-0.99561,-0.24658,1.02879,0.00347,0.00046,0
9392.766,0.08130,-0.99487,-0.24292,1.02732,0.00147,0.00045,0
9395.023,0.07959,-0.99463,-0.24365,1.02713,0.00020,0.00043,0
9397.274,0.07764,-0.99121,-0.23462,1.02155,0.00557,0.00046,0
9399.497,0.08081,-0.98975,-0.24487,1.02279,0.00123,0.00036,0
9401.747,0.07788,-0.99561,-0.24072,1.02725,0.00446,0.00038,0
9403.998,0.08154,-0.99756,-0.24243,1.02983,0.00258,0.00036,0
9406.248,0.07886,-0.99292,-0.23804,1.02409,0.00573,0.00039,0
9408.504,0.07861,-0.99658,-0.24707,1.02976,0.00566,0.00042,0
9410.753,0.07812,-0.99683,-0.24146,1.02862,0.00113,0.00042,0
9413.010,0.07886,-0.98999,-0.23975,1.02165,0.00697,0.00039,0
9415.278,0.08008,-0.99463,-0.23706,1.02562,0.00397,0.00036,0
9417.538,0.08032,-0.99292,-0.23267,1.02297,0.00265,0.00033,0
9419.790,0.07715,-0.99805,-0.23730,1.02877,0.00579,0.00033,0
9422.035,0.07739,-1.00098,-0.23926,1.03208,0.00331,0.00033,0
9424.286,0.07983,-0.99536,-0.23901,1.02676,0.00532,0.00036,0
9426.546,0.07959,-0.99365,-0.23901,1.02509,0.00168,0.00033,0
9428.790,0.08081,-0.99438,-0.23633,1.02527,0.00018,0.00032,0
9431.039,0.07544,-0.99561,-0.23999,1.02690,0.00162,0.00032,0
9433.320,0.08350,-0.99927,-0.24536,1.03233,0.00544,0.00035,0
9435.577,0.08374,-0.99731,-0.24878,1.03128,0.00105,0.00035,0
9438.120,0.08057,-0.99414,-0.24463,1.02696,0.00432,0.00037,0
9440.660,0.08081,-0.99854,-0.23804,1.02969,0.00273,0.00036,0
9443.149,0.07959,-0.99878,-0.23975,1.03023,0.00054,0.00036,0
9445.637,0.08008,-0.99268,-0.24194,1.02487,0.00536,0.00037,0
9448.197,0.08105,-0.99634,-0.24072,1.02821,0.00334,0.00037,0
9450.700,0.08008,-0.99707,-0.23682,1.02793,0.00027,0.00037,0
9453.196,0.08423,-0.99902,-0.24341,1.03169,0.00376,0.00039,0
9455.691,0.08374,-0.99609,-0.24438,1.02905,0.00265,0.00036,0
9458.199,0.07910,-0.99438,-0.24902,1.02814,0.00091,0.00036,0
9460.715,0.08423,-0.99365,-0.23218,1.02389,0.00425,0.00036,0
9463.217,0.07739,-0.99243,-0.24268,1.02460,0.00071,0.00035,0
9465.709,0.07910,-0.99365,-0.24463,1.02637,0.00178,0.00032,0
9468.205,0.07593,-0.99512,-0.23706,1.02578,0.00060,0.00029,0
9470.706,0.08179,-0.99951,-0.23779,1.03066,0.00488,0.00031,0
9473.204,0.08203,-0.99365,-0.24292,1.02620,0.00446,0.00029,0
9475.715,0.08252,-0.99487,-0.23901,1.02650,0.00030,0.00027,0
9478.235,0.08032,-0.99219,-0.24048,1.02407,0.00243,0.00027,0
9480.737,0.07959,-0.99292,-0.24854,1.02664,0.00257,0.00024,0
9483.234,0.08130,-0.99536,-0.23315,1.02553,0.00111,0.00023,0
9485.730,0.07959,-0.99243,-0.24268,1.02477,0.00076,0.00020,0
9488.225,0.07690,-0.99365,-0.23120,1.02309,0.00168,0.00020,0
9490.723,0.08008,-0.99536,-0.24487,1.02816,0.00507,0.00023,0
9493.216,0.08154,-1.00391,-0.23926,1.03524,0.00708,0.00028,0
9495.708,0.07739,-0.99658,-0.23462,1.02675,0.00849,0.00032,0
9498.238,0.08154,-0.99951,-0.23657,1.03036,0.00361,0.00033,0
9500.855,0.07739,-0.99512,-0.23975,1.02651,0.00385,0.00033,0
9503.359,0.08057,-0.99487,-0.24878,1.02867,0.00215,0.00033,0
9505.855,0.07544,-0.99878,-0.24878,1.03206,0.00339,0.00034,0
9508.353,0.08057,-0.99341,-0.23584,1.02419,0.00786,0.00037,0
9510.851,0.07935,-0.99707,-0.24341,1.02941,0.00522,0.00039,0
9513.346,0.08350,-1.00073,-0.24170,1.03289,0.00347,0.00040,0
9515.842,0.08569,-0.99463,-0.22900,1.02424,0.00864,0.00046,0
9518.345,0.07715,-0.99365,-0.24707,1.02681,0.00257,0.00046,0
9520.859,0.08374,-0.99658,-0.24121,1.02877,0.00196,0.00046,0
9523.411,0.07690,-0.99292,-0.24243,1.02498,0.00379,0.00046,0
9525.904,0.07642,-0.99414,-0.23657,1.02475,0.00022,0.00046,0
9528.401,0.07837,-0.99463,-0.24072,1.02634,0.00159,0.00046,0
9530.901,0.07544,-0.99341,-0.23608,1.02386,0.00248,0.00046,0
9533.394,0.08008,-0.99976,-0.23608,1.03037,0.00651,0.00048,0
9535.889,0.07568,-0.98999,-0.24097,1.02170,0.00867,0.00054,0
9538.385,0.08130,-1.00024,-0.23706,1.03116,0.00946,0.00063,0
9540.886,0.08252,-0.99585,-0.24414,1.02865,0.00251,0.00063,0
9543.430,0.07642,-0.99072,-0.24536,1.02351,0.00514,0.00065,0
9545.922,0.07959,-0.99390,-0.24048,1.02567,0.00216,0.00065,0
9548.416,0.08130,-0.99878,-0.23950,1.03031,0.00464,0.00067,0
9550.921,0.07397,-0.99609,-0.23169,1.02536,0.00495,0.00069,0
9553.415,0.07666,-0.99561,-0.23730,1.02636,0.00101,0.00067,0
9555.909,0.07471,-0.99463,-0.24097,1.02613,0.00024,0.00062,0
9558.411,0.07764,-0.99438,-0.23950,1.02576,0.00036,0.00055,0
9560.886,0.08423,-0.99854,-0.24487,1.03157,0.00580,0.00057,0
9563.407,0.07568,-0.99585,-0.24292,1.02784,0.00373,0.00056,0
9565.906,0.07959,-0.99854,-0.24585,1.03143,0.00359,0.00057,0
9568.418,0.07935,-0.99829,-0.24268,1.03042,0.00101,0.00056,0
9570.918,0.08252,-1.00000,-0.24634,1.03319,0.00277,0.00051,0
9573.419,0.07690,-0.99512,-0.23779,1.02602,0.00717,0.00053,0
9575.926,0.07837,-1.00269,-0.23853,1.03364,0.00762,0.00058,0
9578.432,0.07715,-1.00195,-0.23486,1.03200,0.00164,0.00051,0
9580.946,0.07446,-0.99561,-0.24097,1.02705,0.00495,0.00052,0
9583.452,0.07544,-0.99316,-0.23486,1.02334,0.00371,0.00053,0
9585.949,0.07788,-0.99829,-0.24194,1.03014,0.00680,0.00057,0
9588.443,0.07739,-0.99878,-0.23608,1.02922,0.00092,0.00057,0
9590.945,0.08105,-0.99536,-0.24048,1.02720,0.00201,0.00057,0
9593.438,0.08228,-0.99829,-0.23877,1.02974,0.00254,0.00057,0
9595.931,0.08179,-0.99683,-0.23706,1.02789,0.00185,0.00053,0
9598.443,0.07715,-1.00195,-0.23877,1.03290,0.00501,0.00048,0
9600.967,0.08398,-0.99707,-0.24292,1.02967,0.00323,0.00040,0
9603.466,0.08374,-1.00024,-0.24170,1.03243,0.00277,0.00040,0
9605.963,0.08008,-0.99585,-0.24023,1.02754,0.00489,0.00040,0
9608.460,0.08032,-0.99683,-0.24341,1.02925,0.00171,0.00040,0
9610.957,0.07544,-0.99536,-0.23511,1.02553,0.00372,0.00039,0
9613.452,0.07935,-0.99097,-0.23999,1.02270,0.00283,0.00037,0
9615.948,0.07959,-0.99829,-0.25000,1.03219,0.00950,0.00046,0
9618.444,0.08130,-1.00000,-0.24805,1.03351,0.00132,0.00046,0
9620.950,0.07812,-0.99756,-0.23730,1.02837,0.00514,0.00049,0
9623.440,0.08057,-0.99585,-0.24805,1.02943,0.00107,0.00046,0
9625.938,0.07520,-0.99097,-0.24731,1.02413,0.00531,0.00047,0
9628.432,0.08130,-0.99585,-0.23462,1.02634,0.00221,0.00046,0
9630.910,0.07959,-0.99365,-0.24634,1.02682,0.00048,0.00046,0
9633.403,0.07495,-0.99976,-0.23926,1.03072,0.00389,0.00047,0
9635.900,0.07764,-0.99023,-0.24561,1.02319,0.00753,0.00048,0
9638.408,0.08179,-0.99609,-0.23486,1.02667,0.00348,0.00043,0
9640.909,0.08130,-0.99463,-0.24194,1.02686,0.00019,0.00043,0
9643.442,0.08032,-0.99805,-0.24072,1.02980,0.00295,0.00041,0
9645.947,0.07642,-0.99780,-0.22827,1.02643,0.00337,0.00041,0
9648.443,0.08105,-0.99731,-0.24121,1.02927,0.00284,0.00037,0
9650.945,0.07690,-1.00195,-0.23804,1.03271,0.00344,0.00038,0
9653.445,0.08203,-0.99805,-0.24072,1.02994,0.00277,0.00039,0
9655.939,0.08472,-0.99146,-0.24658,1.02516,0.00477,0.00040,0
9658.437,0.08032,-0.99414,-0.23438,1.02455,0.00062,0.00040,0
9660.942,0.07837,-0.99927,-0.22876,1.02811,0.00356,0.00039,0
9663.438,0.07910,-0.99536,-0.23926,1.02676,0.00134,0.00038,0
9665.935,0.08008,-0.99585,-0.24390,1.02840,0.00164,0.00037,0
9668.436,0.08325,-0.99927,-0.23999,1.03105,0.00265,0.00036,0
9671.051,0.07861,-1.00024,-0.24365,1.03249,0.00144,0.00036,0
9673.561,0.07544,-1.00195,-0.24878,1.03513,0.00264,0.00035,0
9676.065,0.08154,-0.99463,-0.24805,1.02833,0.00680,0.00039,0
9678.564,0.07300,-1.00269,-0.23999,1.03359,0.00526,0.00032,0
9681.069,0.08423,-0.99512,-0.23633,1.02626,0.00733,0.00038,0
9683.567,0.08032,-0.99634,-0.24609,1.02942,0.00316,0.00036,0
9686.107,0.07886,-0.99585,-0.24023,1.02745,0.00197,0.00036,0
9688.606,0.08057,-0.99976,-0.24170,1.03171,0.00426,0.00035,0
9691.106,0.08252,-0.99829,-0.24878,1.03213,0.00042,0.00035,0
9693.601,0.07715,-0.99683,-0.24048,1.02832,0.00381,0.00036,0
9696.100,0.07837,-0.99805,-0.23486,1.02830,0.00002,0.00035,0
9698.600,0.08203,-0.99609,-0.23633,1.02703,0.00127,0.00029,0
9701.091,0.08105,-0.99194,-0.24268,1.02441,0.00262,0.00029,0
9703.645,0.08032,-0.99561,-0.24365,1.02813,0.00372,0.00030,0
9706.144,0.08203,-0.99731,-0.24414,1.03003,0.00191,0.00030,0
9708.687,0.07642,-0.99438,-0.23975,1.02573,0.00431,0.00030,0
9711.185,0.08154,-0.99951,-0.23779,1.03064,0.00491,0.00032,0
9713.679,0.08276,-0.99780,-0.23022,1.02736,0.00328,0.00032,0
9716.173,0.07690,-0.99097,-0.23877,1.02222,0.00513,0.00034,0
9718.673,0.07690,-0.99805,-0.24536,1.03064,0.00841,0.00038,0
9721.167,0.07959,-0.99390,-0.24097,1.02578,0.00486,0.00041,0
9723.673,0.08105,-0.99878,-0.24048,1.03051,0.00473,0.00042,0
9726.224,0.08179,-0.99390,-0.22949,1.02332,0.00719,0.00047,0
9728.755,0.07812,-0.99756,-0.24463,1.03008,0.00676,0.00051,0
9731.255,0.08496,-0.99731,-0.24683,1.03091,0.00083,0.00050,0
9733.752,0.08008,-0.99219,-0.24487,1.02509,0.00582,0.00054,0
9736.251,0.07739,-1.00464,-0.24121,1.03608,0.01099,0.00065,0
9738.752,0.07959,-0.99951,-0.24316,1.03174,0.00434,0.00062,0
9741.247,0.07788,-1.00024,-0.23999,1.03158,0.00016,0.00059,0
9743.743,0.07837,-0.99585,-0.24609,1.02880,0.00278,0.00055,0
9746.236,0.07397,-0.99170,-0.24170,1.02341,0.00539,0.00057,0
9748.735,0.08447,-0.99902,-0.24341,1.03171,0.00831,0.00063,0
9751.208,0.07959,-0.99854,-0.24414,1.03102,0.00069,0.00062,0
9753.701,0.07886,-1.00171,-0.24292,1.03375,0.00273,0.00062,0
9756.196,0.08057,-0.99658,-0.24390,1.02915,0.00460,0.00063,0
9758.701,0.07886,-0.99951,-0.24414,1.03191,0.00276,0.00064,0
9761.196,0.08057,-0.99731,-0.24316,1.02969,0.00223,0.00064,0
9763.694,0.07935,-0.99609,-0.23633,1.02682,0.00287,0.00064,0
9766.257,0.08008,-0.99561,-0.23975,1.02719,0.00038,0.00063,0
9768.788,0.07690,-0.99463,-0.24243,1.02663,0.00056,0.00062,0
9771.281,0.07739,-0.99976,-0.24487,1.03221,0.00558,0.00064,0
9773.757,0.08350,-0.99512,-0.23291,1.02542,0.00680,0.00066,0
9776.268,0.08081,-0.99390,-0.23853,1.02531,0.00011,0.00065,0
9778.769,0.08228,-0.99316,-0.24316,1.02580,0.00050,0.00062,0
9781.276,0.07593,-1.00000,-0.23755,1.03063,0.00482,0.00057,0
9783.771,0.07690,-0.99609,-0.23926,1.02731,0.00332,0.00056,0
9786.281,0.07178,-0.99829,-0.24194,1.02970,0.00239,0.00055,0
9788.784,0.08081,-0.99658,-0.23877,1.02797,0.00173,0.00050,0
9791.281,0.08081,-0.99609,-0.25000,1.03016,0.00219,0.00046,0
9793.779,0.07983,-1.00098,-0.23901,1.03221,0.00205,0.00046,0
9796.279,0.08228,-0.99487,-0.23901,1.02648,0.00572,0.00046,0
9798.776,0.07617,-0.99658,-0.23828,1.02750,0.00102,0.00034,0
9801.272,0.08521,-0.99854,-0.24463,1.03159,0.00409,0.00034,0
9803.776,0.08301,-0.99365,-0.24146,1.02593,0.00566,0.00037,0
9806.270,0.08154,-0.99780,-0.23511,1.02837,0.00243,0.00037,0
9808.783,0.07544,-0.99707,-0.23828,1.02792,0.00045,0.00034,0
9811.289,0.07520,-1.00171,-0.23975,1.03274,0.00482,0.00029,0
9813.781,0.07764,-0.99341,-0.24976,1.02726,0.00548,0.00032,0
9816.277,0.08154,-0.99902,-0.23877,1.03039,0.00313,0.00032,0
9818.784,0.07739,-0.99951,-0.24414,1.03180,0.00141,0.00030,0
9821.278,0.08472,-1.00635,-0.24536,1.03929,0.00748,0.00035,0
9823.774,0.07666,-0.99878,-0.23462,1.02883,0.01046,0.00046,0
9826.275,0.08130,-0.99658,-0.24634,1.02979,0.00096,0.00045,0
9828.775,0.07764,-0.99219,-0.24463,1.02484,0.00495,0.00047,0
9831.274,0.07593,-0.99878,-0.24097,1.03024,0.00539,0.00050,0
9833.777,0.07764,-1.00024,-0.24292,1.03224,0.00201,0.00048,0
9836.273,0.08325,-0.99902,-0.24609,1.03225,0.00001,0.00043,0
9838.898,0.07471,-0.99316,-0.23462,1.02323,0.00902,0.00051,0
9841.392,0.07837,-0.99512,-0.24194,1.02710,0.00387,0.00053,0
9843.887,0.07837,-0.99487,-0.23145,1.02444,0.00266,0.00051,0
9846.386,0.08423,-1.00122,-0.23389,1.03162,0.00718,0.00055,0
9848.890,0.08032,-0.99487,-0.24487,1.02771,0.00391,0.00056,0
9851.450,0.07520,-0.99683,-0.23926,1.02789,0.00018,0.00056,0
9853.955,0.07983,-1.00171,-0.24365,1.03400,0.00611,0.00059,0
9856.451,0.08569,-0.99316,-0.23755,1.02477,0.00924,0.00067,0
9858.948,0.07837,-0.99854,-0.24023,1.03001,0.00525,0.00067,0
9861.446,0.08130,-0.99146,-0.23267,1.02163,0.00838,0.00073,0
9863.916,0.07910,-0.99902,-0.23999,1.03049,0.00886,0.00080,0
9866.434,0.08008,-0.99707,-0.24390,1.02959,0.00090,0.00076,0
9868.938,0.07446,-0.99121,-0.23608,1.02166,0.00793,0.00082,0
9871.447,0.08179,-0.99561,-0.24731,1.02912,0.00746,0.00088,0
9873.965,0.08008,-0.99756,-0.24170,1.02954,0.00042,0.00085,0
9876.495,0.08008,-0.99780,-0.24316,1.03012,0.00058,0.00082,0
9878.998,0.07666,-0.99585,-0.23828,1.02683,0.00330,0.00083,0
9881.505,0.07886,-1.00049,-0.23779,1.03138,0.00455,0.00084,0
9884.009,0.07983,-1.00000,-0.24951,1.03375,0.00237,0.00079,0
9886.509,0.08447,-0.99390,-0.24414,1.02692,0.00682,0.00073,0
9889.053,0.07666,-0.99512,-0.23755,1.02595,0.00098,0.00073,0
9891.557,0.07544,-0.99707,-0.24194,1.02877,0.00283,0.00071,0
9894.056,0.07788,-0.99536,-0.24097,1.02707,0.00170,0.00069,0
9896.604,0.07666,-0.99878,-0.24072,1.03024,0.00316,0.00069,0
9899.114,0.08618,-1.00122,-0.23926,1.03301,0.00278,0.00070,0
9901.612,0.07935,-0.99658,-0.23901,1.02791,0.00510,0.00065,0
9904.125,0.08081,-0.99292,-0.23975,1.02465,0.00326,0.00064,0
9906.633,0.08032,-0.99585,-0.23364,1.02604,0.00139,0.00064,0
9909.157,0.07227,-0.99292,-0.23901,1.02384,0.00220,0.00059,0
9911.667,0.07788,-0.99951,-0.23682,1.03013,0.00630,0.00062,0
9914.230,0.07690,-0.99683,-0.24072,1.02836,0.00177,0.00062,0
9916.725,0.07642,-0.99878,-0.24048,1.03016,0.00180,0.00058,0
9919.218,0.08423,-0.99438,-0.24829,1.02837,0.00179,0.00050,0
9921.725,0.08301,-0.99756,-0.23779,1.02886,0.00049,0.00047,0
9924.222,0.08276,-0.99585,-0.24585,1.02908,0.00022,0.00040,0
9926.734,0.08154,-0.99219,-0.23877,1.02377,0.00532,0.00035,0
9929.235,0.07959,-1.00171,-0.23682,1.03239,0.00863,0.00043,0
9931.733,0.07715,-0.99585,-0.24365,1.02812,0.00427,0.00038,0
9934.275,0.08472,-0.99829,-0.24927,1.03242,0.00430,0.00035,0
9936.820,0.07666,-0.99976,-0.24829,1.03297,0.00055,0.00035,0
9939.317,0.07617,-0.99805,-0.24097,1.02955,0.00343,0.00036,0
9941.810,0.08154,-0.99658,-0.23706,1.02763,0.00192,0.00035,0
9944.320,0.08081,-0.99805,-0.23413,1.02832,0.00069,0.00033,0
9946.823,0.08130,-0.99609,-0.24536,1.02908,0.00076,0.00033,0
9949.329,0.07764,-0.99341,-0.24170,1.02533,0.00375,0.00029,0
9951.832,0.08081,-0.99805,-0.23901,1.02944,0.00411,0.00031,0
9954.329,0.07837,-0.99976,-0.24731,1.03287,0.00342,0.00031,0
9956.827,0.07617,-0.99268,-0.23999,1.02411,0.00876,0.00039,0
9959.334,0.07935,-0.99951,-0.24072,1.03115,0.00704,0.00043,0
9961.830,0.07642,-0.99976,-0.24902,1.03313,0.00198,0.00042,0
9964.326,0.08057,-0.99634,-0.24023,1.02805,0.00508,0.00042,0
9966.826,0.07715,-1.00049,-0.24243,1.03233,0.00428,0.00043,0
9969.322,0.07935,-0.99268,-0.24878,1.02645,0.00588,0.00046,0
9971.818,0.07764,-0.99243,-0.24023,1.02404,0.00241,0.00046,0
9974.331,0.08203,-0.99927,-0.23340,1.02944,0.00540,0.00045,0
9976.842,0.08203,-0.99829,-0.24194,1.03046,0.00102,0.00045,0
9979.344,0.07910,-0.99634,-0.24561,1.02921,0.00125,0.00045,0
9981.839,0.07837,-0.99731,-0.24438,1.02981,0.00060,0.00045,0
9984.336,0.07690,-0.99194,-0.24634,1.02496,0.00484,0.00047,0
9986.839,0.07764,-0.99390,-0.24658,1.02697,0.00200,0.00047,0
9989.333,0.08252,-1.00000,-0.23804,1.03125,0.00428,0.00046,0
9991.830,0.08398,-0.99316,-0.24292,1.02588,0.00536,0.00042,0
9994.326,0.08203,-0.99731,-0.23706,1.02838,0.00249,0.00041,0
9996.839,0.07324,-0.99829,-0.23560,1.02833,0.00005,0.00039,0
9999.330,0.07666,-0.99683,-0.23438,1.02687,0.00145,0.00039,0
10001.826,0.07861,-0.99365,-0.24951,1.02751,0.00064,0.00038,0
10004.324,0.08057,-0.99536,-0.23975,1.02699,0.00052,0.00037,0
10006.932,0.07886,-0.99536,-0.24414,1.02789,0.00090,0.00037,0
10009.428,0.08350,-0.99683,-0.24316,1.02945,0.00155,0.00038,0
10011.924,0.08252,-0.99878,-0.23755,1.02995,0.00050,0.00036,0
10014.438,0.08228,-0.99585,-0.23828,1.02726,0.00269,0.00035,0
10016.933,0.07812,-0.99683,-0.24683,1.02990,0.00264,0.00035,0
10019.481,0.07666,-0.99683,-0.24097,1.02840,0.00150,0.00027,0
10021.982,0.07788,-0.99927,-0.24097,1.03086,0.00246,0.00023,0
10024.479,0.08105,-1.00049,-0.23584,1.03110,0.00024,0.00023,0
10026.976,0.07690,-1.00024,-0.24463,1.03259,0.00149,0.00020,0
10029.474,0.07861,-0.99854,-0.23950,1.02986,0.00273,0.00019,0
10031.972,0.07983,-0.99902,-0.24048,1.03066,0.00079,0.00016,0
10034.481,0.07861,-1.00195,-0.23755,1.03272,0.00207,0.00016,0
10036.983,0.07642,-0.99658,-0.24561,1.02924,0.00348,0.00014,0
10039.479,0.08252,-0.99487,-0.24048,1.02685,0.00240,0.00014,0
10041.975,0.08203,-0.99023,-0.23877,1.02191,0.00493,0.00017,0
10044.471,0.07959,-0.99707,-0.25000,1.03101,0.00910,0.00025,0
10046.944,0.08374,-0.99390,-0.24268,1.02652,0.00450,0.00025,0
10049.438,0.08423,-0.99487,-0.24585,1.02826,0.00174,0.00024,0
10051.932,0.08057,-0.99512,-0.23584,1.02585,0.00240,0.00023,0
10054.457,0.07739,-1.00122,-0.24170,1.03288,0.00703,0.00025,0
10056.959,0.08228,-0.99341,-0.24194,1.02575,0.00713,0.00030,0
10059.492,0.07495,-0.99683,-0.24170,1.02844,0.00269,0.00031,0
10061.982,0.08447,-0.99780,-0.24390,1.03065,0.00220,0.00031,0
10064.478,0.08276,-0.99805,-0.23730,1.02920,0.00144,0.00031,0
10066.979,0.08472,-1.00317,-0.23560,1.03394,0.00474,0.00033,0
10069.479,0.08521,-0.99756,-0.24194,1.03001,0.00393,0.00035,0
10071.974,0.07935,-0.99438,-0.24121,1.02629,0.00372,0.00036,0
10074.569,0.07397,-0.99707,-0.25195,1.03107,0.00477,0.00038,0
10077.098,0.08105,-0.99805,-0.24121,1.02998,0.00109,0.00037,0
10079.618,0.08130,-1.00635,-0.24487,1.03890,0.00892,0.00045,0
10082.523,0.08569,-0.99463,-0.24292,1.02744,0.01145,0.00058,0
10085.149,0.08447,-0.99683,-0.24097,1.02901,0.00157,0.00057,0
10087.760,0.07642,-0.99390,-0.23901,1.02508,0.00393,0.00059,0
10090.346,0.07349,-0.99316,-0.23560,1.02337,0.00172,0.00059,0
10093.129,0.07690,-0.99683,-0.24121,1.02847,0.00511,0.00061,0
10095.773,0.07812,-0.99658,-0.24414,1.02902,0.00055,0.00061,0
10098.623,0.08398,-1.00122,-0.23462,1.03177,0.00275,0.00061,0
10101.125,0.07959,-0.99634,-0.24487,1.02907,0.00270,0.00060,0
10103.915,0.08105,-0.99390,-0.24780,1.02752,0.00155,0.00060,0
10106.681,0.08032,-0.99438,-0.24023,1.02614,0.00138,0.00058,0
10109.190,0.07251,-0.99390,-0.24561,1.02636,0.00022,0.00050,0
10111.853,0.07568,-1.00098,-0.24194,1.03258,0.00622,0.00051,0
10114.530,0.08130,-0.99731,-0.23926,1.02883,0.00375,0.00053,0
10117.048,0.08643,-1.00146,-0.24121,1.03372,0.00489,0.00054,0
10119.547,0.07666,-0.99341,-0.23755,1.02429,0.00944,0.00058,0
10122.064,0.08154,-0.99731,-0.24512,1.03023,0.00594,0.00057,0
10124.567,0.08350,-0.99487,-0.23853,1.02647,0.00376,0.00057,0
10127.069,0.07812,-0.99609,-0.24072,1.02774,0.00127,0.00057,0
10129.568,0.07202,-0.99805,-0.24268,1.02965,0.00191,0.00057,0
10132.072,0.08179,-0.99756,-0.23755,1.02871,0.00094,0.00055,0
10134.719,0.08057,-0.99487,-0.24634,1.02808,0.00063,0.00054,0
10137.108,0.07935,-1.00269,-0.24780,1.03590,0.00782,0.00058,0
10139.370,0.07617,-0.99878,-0.24048,1.03014,0.00575,0.00059,0
10141.624,0.08105,-0.99463,-0.24048,1.02649,0.00365,0.00061,0
10143.989,0.08301,-0.99658,-0.23730,1.02780,0.00131,0.00053,0
10146.429,0.07812,-0.99829,-0.23999,1.02970,0.00190,0.00040,0
10148.816,0.08130,-0.99829,-0.24048,1.03006,0.00036,0.00040,0
10151.175,0.07593,-0.99512,-0.24243,1.02703,0.00303,0.00039,0
10153.427,0.07861,-0.99585,-0.24390,1.02829,0.00126,0.00039,0
10155.684,0.08398,-0.99536,-0.23560,1.02631,0.00199,0.00037,0
10158.056,0.07764,-1.00049,-0.23950,1.03168,0.00538,0.00040,0
10160.339,0.08130,-1.00269,-0.23901,1.03398,0.00230,0.00040,0
10162.673,0.07227,-0.99829,-0.24146,1.02962,0.00436,0.00041,0
10164.931,0.07275,-0.99536,-0.24512,1.02768,0.00194,0.00041,0
10167.189,0.07983,-0.99219,-0.23999,1.02392,0.00376,0.00042,0
10169.441,0.08105,-0.99756,-0.23853,1.02888,0.00496,0.00045,0
10171.828,0.07886,-0.99683,-0.24463,1.02943,0.00055,0.00041,0
10174.093,0.08032,-0.99292,-0.23755,1.02410,0.00533,0.00042,0
10176.362,0.07910,-1.00098,-0.24609,1.03381,0.00972,0.00049,0
10178.621,0.08276,-0.99609,-0.24463,1.02903,0.00479,0.00043,0
10180.874,0.07617,-0.99658,-0.24268,1.02853,0.00050,0.00039,0
10183.130,0.08032,-0.99146,-0.24219,1.02376,0.00477,0.00040,0
10185.380,0.08252,-0.99756,-0.22803,1.02661,0.00285,0.00041,0
10187.632,0.07910,-0.99316,-0.24438,1.02584,0.00077,0.00040,0
10189.885,0.08252,-0.99976,-0.24585,1.03284,0.00700,0.00045,0
10192.137,0.08545,-0.99609,-0.24048,1.02827,0.00457,0.00047,0
10194.389,0.07983,-0.99194,-0.24609,1.02513,0.00314,0.00042,0
10196.643,0.07812,-0.99854,-0.24219,1.03045,0.00532,0.00042,0
10198.899,0.07666,-0.99756,-0.24023,1.02894,0.00151,0.00040,0
10201.149,0.07935,-0.99561,-0.24121,1.02748,0.00146,0.00040,0
10203.409,0.08350,-1.00073,-0.24805,1.03439,0.00691,0.00045,0
10205.660,0.07910,-0.99609,-0.24243,1.02822,0.00617,0.00049,0
10207.915,0.07959,-1.00146,-0.23511,1.03177,0.00355,0.00049,0
10210.168,0.08008,-0.99561,-0.24829,1.02922,0.00255,0.00050,0
10212.416,0.08008,-1.00293,-0.25244,1.03731,0.00809,0.00056,0
10214.679,0.08179,-0.99829,-0.24585,1.03137,0.00594,0.00056,0
10216.934,0.08105,-0.99121,-0.24365,1.02393,0.00743,0.00061,0
10219.189,0.07812,-0.99658,-0.24854,1.03007,0.00614,0.00063,0
10221.441,0.07715,-0.99023,-0.23779,1.02130,0.00877,0.00070,0
10223.693,0.08594,-0.99780,-0.23779,1.02934,0.00804,0.00076,0
10225.950,0.08521,-0.99658,-0.24146,1.02895,0.00039,0.00073,0
10228.199,0.08057,-1.00024,-0.24219,1.03230,0.00335,0.00074,0
10230.463,0.08398,-1.00513,-0.23926,1.03662,0.00432,0.00073,0
10232.741,0.07739,-0.99316,-0.23950,1.02456,0.01206,0.00078,0
10235.005,0.08276,-1.00122,-0.24805,1.03480,0.01024,0.00086,0
10237.507,0.08057,-0.99683,-0.25171,1.03127,0.00354,0.00088,0
10240.006,0.08057,-0.99536,-0.24316,1.02780,0.00347,0.00087,0
10242.503,0.08130,-0.99731,-0.23364,1.02754,0.00026,0.00086,0
10245.019,0.08105,-0.99512,-0.24512,1.02806,0.00052,0.00086,0
10247.518,0.08032,-0.99927,-0.24438,1.03185,0.00379,0.00082,0
10250.015,0.07886,-0.99805,-0.23755,1.02895,0.00289,0.00081,0
10252.511,0.07959,-0.99463,-0.23950,1.02615,0.00280,0.00081,0
10255.013,0.08057,-0.99341,-0.24048,1.02527,0.00088,0.00078,0
10257.507,0.08105,-0.99731,-0.23999,1.02898,0.00371,0.00079,0
10260.001,0.07373,-0.99536,-0.22803,1.02381,0.00518,0.00082,0
10262.526,0.08203,-0.99341,-0.24268,1.02590,0.00210,0.00077,0
10265.015,0.08008,-0.99512,-0.23950,1.02666,0.00076,0.00074,0
10267.511,0.08130,-0.99219,-0.24219,1.02455,0.00211,0.00073,0
10270.009,0.07959,-0.99585,-0.24390,1.02837,0.00382,0.00074,0
10272.504,0.07593,-0.99854,-0.24121,1.03006,0.00169,0.00067,0
10275.209,0.07495,-0.99731,-0.23999,1.02852,0.00154,0.00064,0
10277.720,0.08081,-0.99731,-0.24487,1.03011,0.00159,0.00059,0
10280.217,0.07520,-0.99146,-0.24170,1.02326,0.00685,0.00060,0
10282.719,0.08472,-0.99561,-0.23950,1.02751,0.00425,0.00054,0
10285.215,0.07910,-0.99951,-0.24585,1.03234,0.00483,0.00050,0
10287.710,0.07812,-0.99512,-0.24316,1.02737,0.00497,0.00052,0
10290.212,0.08057,-0.99512,-0.23926,1.02664,0.00073,0.00051,0
10292.771,0.08691,-0.99512,-0.24683,1.02895,0.00231,0.00050,0
10295.261,0.07739,-0.99536,-0.24365,1.02767,0.00128,0.00035,0
10297.760,0.07812,-0.99805,-0.23047,1.02729,0.00038,0.00025,0
10300.258,0.08472,-0.99902,-0.24756,1.03272,0.00543,0.00027,0
10302.752,0.07715,-0.99707,-0.23926,1.02827,0.00445,0.00027,0
10305.260,0.07568,-0.99414,-0.24438,1.02653,0.00174,0.00028,0
10307.768,0.07422,-0.99854,-0.23828,1.02925,0.00272,0.00028,0
10310.281,0.08105,-0.99243,-0.24121,1.02454,0.00472,0.00029,0
10312.802,0.08350,-0.99463,-0.24268,1.02720,0.00267,0.00029,0
10315.338,0.08472,-0.99658,-0.24048,1.02868,0.00148,0.00029,0
10317.857,0.08057,-0.99756,-0.23804,1.02873,0.00005,0.00028,0
10320.399,0.08398,-0.99536,-0.23413,1.02597,0.00276,0.00028,0
10322.963,0.08032,-0.99731,-0.24146,1.02927,0.00330,0.00026,0
10325.468,0.07886,-0.99536,-0.24902,1.02907,0.00020,0.00026,0
10327.159,0.07593,-0.99585,-0.24023,1.02723,0.00184,0.00026,0
10328.862,0.08398,-1.00073,-0.23608,1.03163,0.00440,0.00028,0
10330.394,0.07544,-0.99780,-0.23315,1.02745,0.00417,0.00028,0
10331.894,0.08276,-0.99756,-0.23926,1.02918,0.00173,0.00028,0
10333.434,0.07422,-1.00171,-0.23633,1.03188,0.00270,0.00028,0
10334.922,0.07812,-0.99805,-0.23804,1.02901,0.00287,0.00029,0
10336.405,0.07715,-1.00098,-0.24146,1.03257,0.00356,0.00025,0
10337.889,0.08350,-0.99463,-0.24976,1.02890,0.00367,0.00025,0
10339.851,0.08154,-0.99805,-0.24170,1.03013,0.00123,0.00023,0
10342.096,0.07690,-0.99536,-0.24536,1.02804,0.00209,0.00021,0
10344.350,0.07812,-0.99634,-0.24463,1.02890,0.00086,0.00021,0
10346.596,0.08228,-0.99756,-0.24902,1.03146,0.00256,0.00021,0
10348.848,0.07910,-1.00049,-0.23877,1.03162,0.00016,0.00021,0
10351.118,0.07715,-0.99609,-0.24072,1.02767,0.00395,0.00022,0
10353.385,0.07812,-0.99438,-0.23755,1.02535,0.00232,0.00020,0
10355.635,0.08252,-0.99902,-0.24023,1.03081,0.00546,0.00021,0
10357.889,0.07959,-0.99390,-0.24072,1.02573,0.00509,0.00023,0
10360.141,0.08105,-0.99414,-0.24146,1.02625,0.00052,0.00023,0
10362.387,0.08276,-0.99243,-0.24146,1.02473,0.00152,0.00021,0
10364.636,0.08643,-0.99414,-0.24414,1.02732,0.00259,0.00020,0
10366.894,0.07349,-0.99243,-0.24341,1.02448,0.00284,0.00021,0
10369.144,0.07788,-1.00171,-0.23584,1.03204,0.00756,0.00027,0
10371.406,0.08496,-0.99170,-0.24658,1.02542,0.00662,0.00030,0
10373.659,0.07666,-0.99243,-0.23730,1.02328,0.00214,0.00030,0
10375.963,0.08105,-0.99780,-0.23657,1.02866,0.00538,0.00033,0
10378.220,0.07642,-0.99780,-0.24194,1.02956,0.00089,0.00032,0
10380.465,0.08594,-0.99292,-0.24121,1.02541,0.00415,0.00032,0
10382.713,0.07764,-0.99976,-0.23145,1.02913,0.00372,0.00032,0
10384.989,0.07715,-0.99194,-0.23877,1.02319,0.00594,0.00035,0
10387.237,0.08350,-1.00293,-0.23730,1.03400,0.01081,0.00046,0
10389.488,0.07910,-0.99609,-0.23877,1.02736,0.00664,0.00050,0
10391.737,0.07886,-0.99756,-0.23901,1.02882,0.00146,0.00049,0
10394.026,0.08179,-0.99634,-0.23975,1.02804,0.00078,0.00047,0
10396.276,0.07666,-0.99805,-0.24438,1.03039,0.00235,0.00048,0
10398.528,0.07837,-0.99609,-0.24048,1.02770,0.00268,0.00048,0
10400.780,0.07910,-0.99561,-0.23120,1.02515,0.00255,0.00049,0
10403.032,0.08301,-0.99365,-0.23999,1.02559,0.00043,0.00048,0
10405.282,0.07837,-0.99438,-0.24414,1.02691,0.00132,0.00048,0
10407.590,0.07861,-0.99927,-0.24536,1.03195,0.00504,0.00049,0
10409.841,0.07959,-0.99561,-0.24536,1.02848,0.00347,0.00050,0
10412.093,0.08008,-0.99731,-0.23950,1.02879,0.00031,0.00047,0
10414.355,0.08203,-1.00098,-0.23706,1.03193,0.00314,0.00045,0
10416.617,0.07812,-0.99585,-0.24512,1.02854,0.00339,0.00046,0
10418.869,0.07764,-0.99658,-0.23608,1.02710,0.00144,0.00046,0
10421.126,0.08057,-0.99268,-0.24194,1.02491,0.00220,0.00046,0
10423.384,0.08252,-0.99512,-0.24121,1.02725,0.00235,0.00046,0
10425.636,0.07373,-0.99194,-0.24658,1.02479,0.00247,0.00041,0
10427.891,0.07690,-0.99219,-0.24414,1.02467,0.00011,0.00036,0
10430.137,0.08057,-0.99658,-0.24487,1.02938,0.00471,0.00038,0
10432.380,0.08032,-0.99072,-0.24194,1.02300,0.00639,0.00039,0
10434.638,0.07935,-0.99658,-0.24365,1.02900,0.00600,0.00043,0
10437.080,0.07642,-0.99829,-0.23584,1.02861,0.00039,0.00041,0
10439.574,0.08276,-1.00171,-0.24268,1.03400,0.00539,0.00043,0
10442.091,0.08154,-0.99609,-0.23999,1.02784,0.00617,0.00043,0
10444.588,0.07910,-0.99219,-0.24438,1.02490,0.00294,0.00032,0
10447.087,0.07788,-0.99634,-0.24292,1.02848,0.00358,0.00029,0
10449.587,0.08472,-1.00171,-0.23901,1.03331,0.00483,0.00031,0
10452.106,0.07910,-0.99951,-0.24854,1.03298,0.00033,0.00031,0
10454.608,0.08032,-0.99634,-0.24561,1.02930,0.00368,0.00032,0
10457.115,0.07764,-0.99731,-0.23608,1.02781,0.00149,0.00031,0
10459.612,0.07544,-0.99829,-0.23242,1.02776,0.00005,0.00031,0
10462.111,0.07910,-0.99609,-0.23608,1.02674,0.00102,0.00031,0
10464.616,0.08325,-0.99463,-0.24023,1.02661,0.00013,0.00031,0
10467.112,0.08179,-0.99097,-0.23828,1.02249,0.00412,0.00030,0
10469.609,0.08325,-0.99316,-0.24634,1.02664,0.00415,0.00030,0
10472.112,0.08374,-0.99585,-0.23730,1.02715,0.00051,0.00030,0
10474.609,0.07886,-0.99829,-0.24561,1.03108,0.00393,0.00031,0
10477.280,0.07788,-0.99634,-0.24292,1.02848,0.00260,0.00030,0
10479.806,0.08032,-0.98999,-0.23364,1.02035,0.00812,0.00037,0
10482.319,0.07666,-0.99634,-0.24658,1.02926,0.00890,0.00044,0
10484.821,0.08203,-0.99316,-0.24512,1.02625,0.00301,0.00045,0
10487.322,0.07520,-0.99609,-0.24805,1.02926,0.00302,0.00045,0
10489.820,0.07715,-0.99927,-0.24414,1.03155,0.00228,0.00045,0
10492.316,0.07935,-1.00146,-0.23584,1.03191,0.00037,0.00043,0
10494.817,0.07690,-0.99658,-0.24707,1.02963,0.00229,0.00040,0
10497.314,0.07690,-0.99976,-0.24487,1.03218,0.00255,0.00037,0
10499.838,0.08618,-1.00073,-0.23975,1.03265,0.00048,0.00037,0
10502.336,0.08032,-0.99536,-0.23462,1.02579,0.00686,0.00038,0
10504.854,0.07739,-0.99219,-0.24756,1.02553,0.00026,0.00035,0
10507.350,0.07764,-1.00073,-0.24121,1.03232,0.00679,0.00038,0
10509.850,0.07910,-0.99463,-0.24121,1.02651,0.00580,0.00040,0
10512.346,0.07300,-0.99756,-0.23779,1.02810,0.00159,0.00038,0
10514.848,0.08057,-0.99194,-0.24097,1.02397,0.00414,0.00040,0
10517.341,0.08301,-0.99780,-0.24146,1.02995,0.00599,0.00042,0
10519.836,0.07690,-0.99219,-0.23901,1.02346,0.00649,0.00046,0
10522.339,0.08423,-0.99658,-0.24536,1.02979,0.00633,0.00050,0
10524.829,0.08032,-0.99243,-0.23462,1.02295,0.00685,0.00055,0
10527.325,0.08154,-0.99097,-0.24365,1.02373,0.00079,0.00055,0
10529.820,0.07886,-0.99365,-0.24072,1.02543,0.00170,0.00054,0
10532.314,0.07788,-0.99536,-0.24463,1.02794,0.00250,0.00052,0
10534.811,0.08057,-0.99878,-0.23633,1.02952,0.00158,0.00053,0
10537.152,0.07861,-1.00122,-0.23608,1.03168,0.00216,0.00052,0
10539.408,0.07788,-0.99194,-0.24561,1.02486,0.00682,0.00056,0
10541.660,0.07959,-0.99365,-0.23462,1.02407,0.00079,0.00049,0
10543.886,0.08472,-0.99268,-0.24146,1.02513,0.00105,0.00041,0
10546.137,0.08203,-0.99268,-0.23682,1.02382,0.00130,0.00040,0
10548.389,0.08325,-0.99756,-0.23877,1.02911,0.00528,0.00042,0
10550.678,0.07495,-0.99585,-0.23950,1.02698,0.00213,0.00042,0
10552.940,0.08008,-0.99536,-0.24097,1.02724,0.00026,0.00042,0
10555.193,0.08130,-0.99292,-0.24170,1.02514,0.00210,0.00042,0
10557.444,0.08105,-1.00464,-0.24097,1.03631,0.01116,0.00054,0
10559.696,0.07666,-0.99194,-0.23853,1.02309,0.01321,0.00071,0
10561.948,0.07788,-0.99658,-0.24438,1.02906,0.00597,0.00070,0
10564.206,0.07739,-0.99390,-0.24512,1.02660,0.00246,0.00071,0
10566.459,0.08057,-0.99609,-0.24365,1.02862,0.00202,0.00067,0
10568.713,0.07300,-0.99683,-0.24170,1.02830,0.00032,0.00063,0
10570.968,0.08057,-0.99707,-0.23828,1.02831,0.00000,0.00063,0
10573.215,0.07935,-1.00098,-0.23608,1.03150,0.00319,0.00062,0
10575.465,0.07495,-0.99292,-0.23584,1.02329,0.00820,0.00066,0
10577.856,0.07812,-1.00073,-0.24316,1.03281,0.00952,0.00070,0
10580.113,0.07910,-0.98853,-0.24170,1.02071,0.01210,0.00081,0
10582.375,0.08325,-0.99585,-0.23584,1.02678,0.00606,0.00080,0
10584.602,0.07837,-0.99731,-0.24658,1.03033,0.00355,0.00081,0
10586.855,0.07910,-1.00293,-0.24072,1.03444,0.00411,0.00083,0
10589.104,0.07666,-0.99048,-0.24219,1.02254,0.01191,0.00096,0
10591.359,0.07935,-0.99756,-0.23926,1.02891,0.00638,0.00100,0
10593.609,0.08350,-0.99487,-0.23413,1.02546,0.00346,0.00101,0
10595.872,0.08252,-0.98999,-0.23535,1.02092,0.00454,0.00098,0
10598.136,0.08325,-0.99487,-0.24561,1.02812,0.00720,0.00103,0
10600.390,0.08081,-0.99536,-0.24561,1.02840,0.00028,0.00103,0
10602.678,0.07666,-1.00439,-0.23901,1.03528,0.00689,0.00108,0
10604.960,0.07886,-0.99243,-0.24438,1.02512,0.01017,0.00115,0
10607.209,0.07617,-0.99121,-0.23755,1.02212,0.00300,0.00116,0
10609.461,0.08057,-0.99365,-0.23242,1.02365,0.00153,0.00116,0
10611.712,0.07812,-0.99292,-0.23364,1.02303,0.00062,0.00116,0
10613.964,0.07983,-0.99707,-0.24390,1.02957,0.00654,0.00107,0
10616.227,0.08057,-0.99951,-0.24683,1.03268,0.00312,0.00091,0
10618.491,0.07471,-0.99561,-0.24463,1.02794,0.00475,0.00090,0
10620.746,0.07861,-0.99658,-0.24121,1.02837,0.00043,0.00089,0
10623.000,0.07275,-0.99194,-0.23975,1.02309,0.00527,0.00091,0
10625.250,0.08472,-0.99487,-0.23657,1.02612,0.00302,0.00092,0
10627.471,0.08008,-0.99585,-0.23706,1.02680,0.00069,0.00092,0
10629.721,0.08179,-0.99658,-0.25513,1.03197,0.00516,0.00094,0
10632.081,0.08203,-1.00244,-0.24414,1.03500,0.00303,0.00088,0
10634.365,0.08105,-0.99414,-0.23755,1.02534,0.00966,0.00088,0
10636.747,0.08203,-0.99341,-0.24268,1.02590,0.00057,0.00074,0
10639.245,0.08350,-0.99438,-0.24463,1.02743,0.00153,0.00070,0
10641.741,0.07446,-0.99097,-0.24365,1.02319,0.00424,0.00071,0
10644.237,0.08765,-0.99683,-0.23706,1.02837,0.00517,0.00072,0
10646.739,0.07666,-0.99121,-0.24243,1.02330,0.00507,0.00060,0
10649.205,0.08105,-0.99658,-0.23657,1.02748,0.00418,0.00058,0
10651.705,0.07617,-0.99292,-0.24585,1.02574,0.00174,0.00057,0
10654.317,0.08105,-0.99927,-0.24316,1.03162,0.00588,0.00058,0
10656.809,0.07544,-0.99902,-0.24097,1.03044,0.00118,0.00053,0
10659.308,0.08252,-0.99878,-0.24683,1.03213,0.00169,0.00054,0
10661.805,0.08105,-1.00098,-0.23804,1.03208,0.00005,0.00049,0
10664.301,0.07764,-0.99854,-0.23267,1.02822,0.00386,0.00040,0
10666.799,0.07812,-0.99536,-0.23999,1.02686,0.00136,0.00039,0
10669.294,0.07764,-0.99048,-0.23779,1.02158,0.00528,0.00042,0
10671.769,0.07837,-0.99438,-0.24609,1.02738,0.00580,0.00045,0
10674.263,0.08130,-0.99438,-0.23950,1.02605,0.00133,0.00041,0
10676.808,0.08179,-1.00098,-0.24487,1.03373,0.00769,0.00046,0
10679.316,0.08154,-0.99927,-0.23999,1.03091,0.00282,0.00045,0
10681.814,0.08350,-0.99512,-0.24146,1.02739,0.00352,0.00046,0
10684.309,0.08105,-0.99756,-0.24927,1.03142,0.00403,0.00045,0
10686.810,0.07715,-0.99536,-0.23779,1.02628,0.00514,0.00046,0
10689.304,0.07910,-0.99438,-0.24463,1.02708,0.00081,0.00046,0
10691.798,0.08252,-0.99829,-0.23511,1.02892,0.00183,0.00044,0
10694.342,0.07959,-0.99243,-0.24463,1.02523,0.00369,0.00045,0
10696.859,0.08398,-0.99268,-0.24194,1.02518,0.00005,0.00035,0
10699.356,0.08203,-0.99756,-0.23682,1.02856,0.00338,0.00036,0
10701.851,0.08203,-1.00293,-0.24268,1.03513,0.00657,0.00040,0
10704.347,0.08691,-0.99585,-0.24512,1.02925,0.00588,0.00042,0
10706.843,0.07837,-0.99341,-0.23999,1.02499,0.00426,0.00041,0
10709.339,0.08447,-0.98975,-0.23950,1.02181,0.00318,0.00040,0
10711.844,0.08447,-0.99561,-0.23975,1.02754,0.00573,0.00041,0
10714.339,0.08276,-0.99609,-0.24365,1.02879,0.00125,0.00041,0
10716.838,0.08301,-0.99390,-0.23584,1.02486,0.00393,0.00039,0
10719.336,0.07959,-0.99683,-0.24023,1.02845,0.00359,0.00040,0
10721.830,0.08203,-0.99048,-0.23853,1.02209,0.00636,0.00044,0
10724.320,0.07739,-0.99561,-0.23242,1.02530,0.00321,0.00045,0
10726.811,0.08008,-0.99731,-0.24048,1.02902,0.00372,0.00045,0
10729.311,0.07935,-1.00000,-0.24316,1.03219,0.00318,0.00046,0
10731.808,0.07788,-0.99609,-0.23486,1.02637,0.00583,0.00046,0
10734.292,0.07935,-1.00098,-0.23413,1.03105,0.00468,0.00045,0
10736.850,0.07715,-0.99927,-0.24341,1.03138,0.00032,0.00045,0
10739.343,0.07690,-0.99829,-0.24585,1.03099,0.00038,0.00039,0
10741.817,0.07642,-0.99634,-0.23779,1.02717,0.00382,0.00040,0
10744.312,0.08276,-0.99902,-0.24316,1.03152,0.00435,0.00040,0
10746.811,0.08350,-0.99048,-0.24414,1.02354,0.00798,0.00045,0
10749.308,0.08081,-0.99951,-0.24048,1.03121,0.00767,0.00048,0
10751.802,0.08374,-0.99487,-0.23633,1.02598,0.00522,0.00051,0
10754.330,0.08179,-0.99072,-0.23730,1.02202,0.00396,0.00052,0
10756.836,0.08569,-0.99365,-0.24512,1.02702,0.00500,0.00053,0
10759.334,0.07983,-0.99634,-0.23853,1.02760,0.00058,0.00054,0
10761.830,0.07812,-0.99683,-0.24048,1.02839,0.00080,0.00052,0
10764.333,0.07935,-0.99927,-0.23999,1.03074,0.00235,0.00049,0
10766.829,0.07373,-0.99536,-0.24194,1.02699,0.00375,0.00047,0
10769.326,0.08228,-0.99829,-0.23975,1.02997,0.00297,0.00046,0
10771.848,0.08350,-0.99634,-0.23730,1.02761,0.00236,0.00045,0
10774.379,0.07812,-0.99854,-0.25391,1.03327,0.00566,0.00045,0
10776.901,0.08423,-0.99487,-0.23730,1.02625,0.00702,0.00050,0
10779.388,0.07666,-0.99976,-0.24170,1.03141,0.00516,0.00051,0
10781.885,0.08203,-0.99780,-0.24756,1.03132,0.00009,0.00050,0
10784.381,0.07861,-0.99609,-0.23535,1.02653,0.00479,0.00048,0
10786.888,0.07568,-0.99072,-0.24072,1.02235,0.00418,0.00049,0
10789.381,0.07910,-0.99292,-0.23828,1.02417,0.00182,0.00048,0
10791.877,0.07739,-0.99487,-0.23730,1.02571,0.00154,0.00047,0
10794.378,0.08350,-0.99707,-0.24414,1.02992,0.00421,0.00045,0
10797.005,0.07837,-0.99658,-0.24194,1.02852,0.00139,0.00043,0
10799.504,0.07715,-0.98999,-0.23657,1.02078,0.00774,0.00049,0
10802.000,0.08105,-0.99512,-0.24609,1.02829,0.00751,0.00055,0
10804.495,0.07837,-0.99341,-0.24268,1.02562,0.00268,0.00054,0
10806.993,0.08276,-0.99121,-0.23535,1.02212,0.00349,0.00053,0
10809.458,0.07886,-0.99512,-0.24561,1.02801,0.00588,0.00051,0
10811.952,0.07812,-0.99854,-0.25269,1.03297,0.00496,0.00047,0
10814.452,0.07837,-0.99878,-0.24146,1.03053,0.00243,0.00045,0
10816.955,0.07764,-0.99731,-0.24097,1.02895,0.00159,0.00044,0
10819.452,0.08032,-0.99609,-0.24072,1.02791,0.00103,0.00041,0
10821.950,0.08545,-1.00635,-0.23438,1.03681,0.00890,0.00049,0
10824.450,0.07812,-0.99683,-0.24292,1.02897,0.00784,0.00055,0
10826.949,0.07812,-0.99609,-0.23901,1.02734,0.00163,0.00055,0
10829.447,0.08057,-0.99878,-0.23999,1.03036,0.00302,0.00054,0
10831.951,0.07959,-0.99927,-0.24268,1.03139,0.00103,0.00054,0
10834.457,0.07593,-0.99878,-0.24292,1.03070,0.00069,0.00053,0
10836.958,0.08228,-0.99683,-0.24634,1.03010,0.00059,0.00050,0
10839.463,0.07983,-0.99634,-0.24658,1.02950,0.00061,0.00045,0
10841.961,0.07886,-0.98999,-0.23413,1.02035,0.00915,0.00051,0
10844.457,0.07739,-0.99609,-0.24268,1.02815,0.00779,0.00057,0
10846.966,0.08447,-0.99683,-0.24536,1.03005,0.00190,0.00055,0
10849.459,0.07812,-0.99683,-0.24268,1.02891,0.00114,0.00053,0
10851.955,0.07983,-0.99536,-0.24146,1.02734,0.00158,0.00053,0
10854.459,0.07495,-0.98853,-0.24048,1.02011,0.00722,0.00058,0
10856.953,0.08496,-0.99536,-0.24268,1.02803,0.00792,0.00063,0
10859.452,0.07593,-0.99609,-0.24951,1.02967,0.00164,0.00063,0
10861.953,0.08057,-0.99878,-0.24121,1.03065,0.00098,0.00057,0
10864.452,0.07520,-0.99414,-0.23950,1.02534,0.00530,0.00054,0
10866.955,0.07837,-0.99731,-0.23755,1.02821,0.00286,0.00054,0
10869.455,0.08398,-0.99463,-0.24756,1.02841,0.00020,0.00053,0
10871.950,0.07324,-0.99756,-0.23047,1.02645,0.00196,0.00050,0
10874.447,0.08325,-0.99829,-0.24146,1.03044,0.00399,0.00049,0
10877.123,0.07617,-0.99951,-0.23315,1.02917,0.00128,0.00049,0
10879.627,0.08154,-0.99512,-0.23730,1.02627,0.00290,0.00049,0
10882.125,0.08301,-0.99365,-0.23975,1.02553,0.00073,0.00049,0
10884.621,0.08203,-0.99780,-0.23608,1.02863,0.00310,0.00042,0
10887.118,0.08203,-0.99780,-0.24219,1.03005,0.00142,0.00036,0
10889.613,0.07935,-0.99438,-0.24243,1.02658,0.00346,0.00037,0
10892.108,0.08081,-0.99805,-0.23706,1.02899,0.00241,0.00037,0
10894.606,0.08252,-0.99292,-0.23413,1.02348,0.00551,0.00040,0
10897.108,0.07690,-1.00024,-0.24316,1.03225,0.00876,0.00047,0
10899.606,0.08301,-0.99902,-0.24487,1.03194,0.00031,0.00047,0
10902.101,0.08081,-1.00098,-0.23926,1.03234,0.00040,0.00047,0
10904.600,0.07886,-0.99316,-0.23633,1.02394,0.00841,0.00046,0
10907.070,0.08545,-0.99829,-0.23706,1.02960,0.00567,0.00043,0
10909.565,0.07593,-1.00146,-0.24487,1.03376,0.00416,0.00045,0
10912.061,0.07886,-1.00073,-0.23877,1.03184,0.00192,0.00045,0
10914.575,0.07617,-0.99951,-0.23975,1.03068,0.00116,0.00045,0
10917.070,0.08032,-0.99927,-0.23804,1.03036,0.00032,0.00040,0
10919.601,0.07959,-0.99463,-0.24561,1.02759,0.00277,0.00034,0
10922.114,0.07642,-0.99487,-0.24292,1.02695,0.00064,0.00034,0
10924.610,0.08008,-0.99512,-0.24390,1.02769,0.00075,0.00034,0
10927.108,0.08008,-0.99780,-0.24194,1.02983,0.00214,0.00031,0
10929.611,0.08008,-0.99561,-0.23999,1.02725,0.00259,0.00031,0
10932.104,0.08374,-0.99609,-0.24634,1.02951,0.00227,0.00032,0
10934.609,0.08350,-1.00098,-0.23755,1.03216,0.00265,0.00032,0
10937.138,0.08374,-0.99658,-0.24023,1.02854,0.00362,0.00032,0
10939.638,0.07886,-0.99902,-0.24463,1.03156,0.00301,0.00033,0
10942.134,0.08057,-0.99561,-0.24878,1.02937,0.00218,0.00032,0
10944.639,0.08252,-0.99365,-0.23828,1.02515,0.00422,0.00034,0
10947.134,0.07812,-1.00073,-0.24243,1.03264,0.00749,0.00039,0
10949.631,0.08154,-1.00073,-0.23315,1.03076,0.00187,0.00039,0
10952.133,0.08496,-1.00098,-0.24048,1.03296,0.00219,0.00038,0
10954.629,0.07959,-0.99634,-0.23315,1.02635,0.00661,0.00042,0
10957.171,0.08032,-1.00098,-0.24561,1.03379,0.00745,0.00044,0
10959.686,0.08569,-0.99585,-0.23755,1.02737,0.00642,0.00041,0
10962.413,0.07446,-0.99902,-0.24072,1.03031,0.00294,0.00042,0
10964.913,0.07666,-1.00122,-0.23877,1.03215,0.00184,0.00042,0
10967.422,0.08350,-1.00073,-0.24438,1.03352,0.00137,0.00035,0
10969.919,0.07861,-0.99658,-0.25024,1.03052,0.00300,0.00033,0
10972.414,0.07715,-0.99438,-0.23975,1.02578,0.00474,0.00033,0
10974.912,0.07959,-1.00220,-0.23779,1.03309,0.00731,0.00038,0
10977.415,0.08301,-0.99683,-0.23608,1.02776,0.00533,0.00041,0
10979.922,0.08032,-0.99805,-0.24951,1.03189,0.00414,0.00043,0
10982.450,0.07812,-0.99365,-0.24170,1.02561,0.00629,0.00046,0
10984.948,0.07568,-0.99731,-0.24854,1.03060,0.00499,0.00048,0
10987.447,0.07910,-0.99512,-0.24243,1.02727,0.00333,0.00049,0
10989.942,0.07788,-0.99878,-0.23828,1.02976,0.00249,0.00049,0
10992.437,0.08228,-0.99829,-0.23560,1.02901,0.00075,0.00049,0
10994.939,0.07935,-0.99585,-0.24048,1.02754,0.00147,0.00049,0
10997.434,0.07959,-0.99585,-0.24268,1.02808,0.00054,0.00048,0
10999.927,0.08057,-0.99878,-0.23413,1.02901,0.00094,0.00047,0
11002.424,0.07886,-0.99536,-0.24683,1.02854,0.00048,0.00046,0
11004.921,0.08618,-0.99072,-0.25293,1.02612,0.00241,0.00046,0
11007.415,0.07861,-0.99463,-0.24048,1.02630,0.00018,0.00044,0
11009.911,0.08179,-0.99341,-0.23950,1.02514,0.00116,0.00039,0
11012.407,0.07959,-0.99951,-0.24170,1.03140,0.00626,0.00042,0
11014.903,0.08057,-0.98560,-0.24194,1.01805,0.01335,0.00060,0
11017.398,0.07861,-0.99976,-0.24121,1.03144,0.01339,0.00073,0
11019.888,0.08203,-0.99365,-0.23779,1.02500,0.00645,0.00072,0
11022.401,0.07910,-0.99805,-0.23389,1.02813,0.00314,0.00069,0
11024.902,0.07886,-1.00244,-0.23901,1.03355,0.00542,0.00071,0
11027.409,0.07471,-1.00073,-0.25098,1.03443,0.00087,0.00070,0
11029.901,0.07959,-0.99634,-0.24170,1.02832,0.00611,0.00074,0
11032.399,0.08350,-0.99121,-0.24585,1.02465,0.00367,0.00074,0
11034.907,0.07910,-0.99512,-0.24243,1.02727,0.00262,0.00073,0
11037.400,0.08252,-0.99658,-0.24487,1.02954,0.00227,0.00068,0
11039.907,0.08325,-0.99243,-0.25073,1.02699,0.00254,0.00066,0
11042.409,0.08081,-0.99316,-0.24365,1.02580,0.00119,0.00064,0
11044.932,0.07812,-0.99878,-0.23608,1.02927,0.00347,0.00061,0
11047.435,0.07324,-0.99878,-0.23535,1.02874,0.00053,0.00059,0
11049.937,0.08130,-0.99683,-0.23584,1.02757,0.00118,0.00058,0
11052.432,0.08032,-0.99707,-0.24829,1.03065,0.00309,0.00058,0
11054.932,0.08105,-0.99268,-0.24048,1.02460,0.00605,0.00062,0
11057.432,0.08301,-0.99731,-0.24805,1.03104,0.00645,0.00066,0
11059.925,0.07300,-1.00146,-0.23511,1.03128,0.00023,0.00066,0
11062.420,0.08105,-1.00537,-0.24219,1.03730,0.00602,0.00069,0
11064.926,0.08081,-0.99609,-0.23633,1.02693,0.01037,0.00080,0
11067.422,0.07935,-0.99048,-0.25195,1.02510,0.00183,0.00080,0
11069.916,0.08130,-0.99756,-0.24487,1.03039,0.00529,0.00083,0
11072.416,0.08252,-0.99561,-0.24243,1.02801,0.00237,0.00083,0
11074.910,0.07837,-0.99365,-0.24097,1.02545,0.00256,0.00080,0
11077.402,0.07935,-0.99463,-0.24121,1.02653,0.00108,0.00062,0
11079.925,0.07520,-1.00049,-0.25244,1.03458,0.00805,0.00051,0
11082.428,0.08057,-0.99390,-0.24170,1.02603,0.00855,0.00054,0
11084.929,0.07397,-1.00244,-0.23413,1.03207,0.00604,0.00057,0
11087.438,0.07520,-0.99878,-0.23462,1.02872,0.00336,0.00055,0
11089.932,0.08398,-0.99902,-0.24365,1.03173,0.00301,0.00056,0
11092.429,0.08325,-1.00513,-0.23486,1.03555,0.00382,0.00053,0
11094.936,0.08276,-0.99341,-0.23755,1.02476,0.01079,0.00064,0
11097.429,0.08447,-0.99390,-0.24268,1.02658,0.00181,0.00063,0
11099.926,0.08252,-0.99951,-0.23608,1.03032,0.00375,0.00064,0
11102.439,0.08618,-0.99683,-0.23853,1.02858,0.00174,0.00064,0
11104.937,0.08008,-0.99438,-0.24097,1.02629,0.00229,0.00064,0
11107.434,0.07788,-0.99390,-0.24023,1.02548,0.00081,0.00063,0
11109.935,0.08203,-0.99438,-0.24951,1.02849,0.00301,0.00064,0
11112.431,0.07788,-0.99341,-0.23462,1.02370,0.00478,0.00066,0
11114.929,0.07812,-0.99756,-0.24146,1.02933,0.00563,0.00068,0
11117.428,0.07764,-0.99683,-0.24097,1.02847,0.00086,0.00065,0
11119.923,0.08057,-0.98975,-0.24536,1.02288,0.00559,0.00064,0
11122.418,0.07715,-0.99878,-0.24048,1.03021,0.00733,0.00069,0
11124.922,0.07690,-0.99316,-0.24390,1.02556,0.00465,0.00068,0
11127.553,0.07861,-0.99292,-0.25146,1.02728,0.00172,0.00057,0
11130.056,0.07983,-1.00122,-0.24878,1.03475,0.00747,0.00062,0
11132.598,0.08740,-0.99854,-0.23975,1.03063,0.00412,0.00061,0
11135.106,0.08057,-0.99561,-0.23633,1.02644,0.00419,0.00062,0
11137.605,0.08032,-0.99658,-0.24048,1.02833,0.00189,0.00062,0
11140.105,0.08130,-0.99780,-0.25024,1.03191,0.00358,0.00063,0
11142.606,0.08105,-1.00098,-0.23779,1.03202,0.00011,0.00057,0
11145.105,0.07910,-0.99292,-0.23486,1.02338,0.00864,0.00057,0
11147.628,0.08447,-0.99365,-0.24341,1.02651,0.00313,0.00054,0
11150.126,0.08350,-0.99683,-0.23853,1.02836,0.00185,0.00054,0
11152.625,0.07666,-0.99146,-0.23901,1.02274,0.00563,0.00056,0
11155.124,0.08032,-0.99512,-0.24292,1.02748,0.00475,0.00057,0
11157.623,0.07886,-0.99927,-0.24243,1.03127,0.00379,0.00046,0
11160.118,0.07959,-0.99536,-0.23315,1.02540,0.00588,0.00049,0
11162.615,0.07690,-0.99609,-0.24219,1.02799,0.00260,0.00049,0
11165.118,0.07690,-1.00024,-0.23730,1.03088,0.00289,0.00049,0
11167.619,0.07812,-0.99438,-0.24463,1.02701,0.00387,0.00050,0
11170.110,0.08008,-0.99951,-0.23511,1.02991,0.00290,0.00051,0
11172.606,0.07886,-0.99585,-0.24756,1.02918,0.00072,0.00050,0
11175.102,0.07690,-0.99219,-0.23853,1.02335,0.00583,0.00051,0
11177.600,0.08252,-0.99194,-0.23999,1.02389,0.00054,0.00048,0
11180.130,0.07568,-0.99561,-0.24170,1.02732,0.00342,0.00049,0
11182.632,0.07788,-0.99585,-0.24316,1.02806,0.00075,0.00046,0
11185.201,0.07520,-0.99219,-0.24048,1.02368,0.00438,0.00043,0
11187.700,0.07690,-0.99951,-0.24414,1.03177,0.00809,0.00047,0
11190.197,0.07690,-0.99414,-0.23779,1.02507,0.00669,0.00051,0
11192.693,0.08057,-0.99976,-0.24170,1.03171,0.00663,0.00050,0
11195.193,0.07935,-0.99536,-0.23853,1.02661,0.00509,0.00051,0
11197.688,0.07739,-0.99634,-0.24121,1.02804,0.00142,0.00049,0
11200.181,0.07275,-0.99731,-0.24536,1.02963,0.00159,0.00049,0
11202.683,0.07788,-0.99683,-0.24438,1.02930,0.00033,0.00048,0
11205.228,0.08374,-0.99805,-0.24316,1.03065,0.00135,0.00048,0
11207.724,0.08130,-0.99634,-0.23779,1.02754,0.00311,0.00042,0
11210.221,0.08032,-0.99316,-0.23633,1.02405,0.00349,0.00042,0
11212.716,0.07861,-0.99658,-0.24756,1.02987,0.00582,0.00045,0
11215.210,0.07935,-1.00195,-0.24463,1.03443,0.00456,0.00044,0
11217.704,0.07764,-0.99609,-0.24683,1.02915,0.00528,0.00044,0
11220.181,0.08276,-0.99463,-0.24927,1.02872,0.00043,0.00043,0
11222.680,0.07520,-0.99878,-0.23901,1.02973,0.00101,0.00040,0
11225.188,0.08057,-0.99536,-0.23560,1.02603,0.00370,0.00040,0
11227.689,0.08252,-0.99561,-0.23853,1.02710,0.00107,0.00040,0
11230.184,0.08252,-0.99463,-0.23853,1.02615,0.00095,0.00038,0
11232.682,0.07544,-0.99170,-0.24072,1.02328,0.00287,0.00038,0
11235.215,0.07764,-0.99976,-0.23779,1.03057,0.00729,0.00044,0
11237.704,0.08301,-1.00049,-0.24634,1.03371,0.00313,0.00041,0
11240.202,0.07544,-0.99194,-0.24048,1.02346,0.01025,0.00052,0
11242.708,0.07910,-0.99707,-0.22803,1.02587,0.00241,0.00051,0
11245.216,0.08032,-0.99585,-0.25317,1.03066,0.00480,0.00053,0
11247.712,0.08423,-0.99365,-0.24194,1.02615,0.00452,0.00053,0
11250.215,0.08423,-0.99561,-0.24097,1.02781,0.00166,0.00047,0
11252.713,0.08105,-0.99316,-0.23291,1.02332,0.00448,0.00045,0
11255.212,0.08447,-0.99561,-0.23975,1.02754,0.00422,0.00042,0
11257.714,0.08154,-0.99902,-0.23730,1.03005,0.00251,0.00040,0
11260.207,0.07983,-0.99585,-0.23877,1.02718,0.00287,0.00041,0
11262.705,0.08057,-0.99731,-0.24048,1.02906,0.00188,0.00041,0
11265.205,0.08179,-0.99805,-0.23926,1.02958,0.00052,0.00041,0
11267.696,0.07666,-0.99121,-0.24951,1.02500,0.00457,0.00043,0
11270.191,0.07935,-0.99878,-0.23950,1.03015,0.00515,0.00044,0
11272.695,0.08521,-0.99878,-0.23975,1.03068,0.00052,0.00043,0
11275.189,0.08276,-0.99536,-0.24365,1.02809,0.00259,0.00040,0
11277.686,0.07837,-0.99146,-0.24609,1.02454,0.00354,0.00040,0
11280.215,0.07935,-0.99512,-0.24316,1.02746,0.00292,0.00038,0
11282.718,0.07910,-0.99878,-0.24683,1.03186,0.00440,0.00040,0
11285.214,0.08008,-0.99780,-0.23657,1.02859,0.00328,0.00041,0
11287.723,0.08545,-0.99609,-0.24219,1.02867,0.00008,0.00039,0
11290.220,0.08130,-0.99438,-0.24609,1.02761,0.00106,0.00039,0
11292.840,0.07544,-0.99805,-0.23267,1.02758,0.00002,0.00039,0
11295.341,0.07910,-0.99121,-0.24438,1.02395,0.00363,0.00040,0
11297.836,0.07861,-0.99561,-0.24341,1.02794,0.00399,0.00036,0
11300.333,0.07861,-1.00024,-0.23877,1.03135,0.00341,0.00036,0
11302.833,0.07690,-0.99170,-0.24683,1.02484,0.00650,0.00030,0
11305.324,0.07983,-0.99512,-0.24756,1.02855,0.00371,0.00031,0
11307.819,0.08423,-0.99634,-0.23120,1.02627,0.00228,0.00029,0
11310.332,0.08252,-0.99438,-0.23389,1.02485,0.00143,0.00027,0
11312.907,0.08203,-0.99365,-0.24072,1.02568,0.00083,0.00027,0
11315.445,0.07837,-1.00513,-0.24658,1.03789,0.01221,0.00040,0
11317.971,0.08423,-0.99585,-0.24756,1.02961,0.00828,0.00045,0
11320.521,0.08643,-1.00244,-0.24707,1.03605,0.00644,0.00048,0
11323.077,0.07764,-0.99976,-0.24292,1.03177,0.00428,0.00049,0
11325.640,0.08374,-1.00073,-0.23706,1.03183,0.00006,0.00049,0
11327.301,0.07544,-0.99707,-0.23315,1.02674,0.00509,0.00051,0
11328.968,0.07397,-1.00024,-0.23779,1.03078,0.00404,0.00051,0
11330.704,0.07593,-1.00122,-0.23804,1.03193,0.00115,0.00049,0
11332.206,0.07642,-1.00146,-0.24683,1.03426,0.00234,0.00049,0
11333.755,0.07690,-0.99365,-0.24390,1.02603,0.00823,0.00055,0
11335.227,0.08008,-0.99756,-0.24902,1.03128,0.00525,0.00057,0
11336.712,0.07812,-0.99756,-0.23926,1.02882,0.00246,0.00056,0
11338.167,0.07886,-0.99463,-0.24390,1.02713,0.00169,0.00055,0
11340.347,0.08545,-1.00000,-0.23853,1.03160,0.00447,0.00056,0
11342.592,0.07520,-0.99292,-0.24316,1.02502,0.00658,0.00060,0
11344.886,0.08252,-0.99536,-0.24243,1.02778,0.00275,0.00061,0
11347.144,0.08008,-0.99194,-0.24097,1.02393,0.00385,0.00062,0
11349.389,0.08032,-0.99854,-0.23560,1.02909,0.00516,0.00063,0
11351.690,0.08105,-0.99194,-0.25171,1.02659,0.00251,0.00062,0
11353.933,0.08423,-0.99951,-0.24023,1.03142,0.00484,0.00064,0
11356.177,0.07715,-0.99536,-0.23560,1.02577,0.00565,0.00063,0
11358.433,0.08252,-0.99585,-0.23999,1.02768,0.00191,0.00062,0
11360.673,0.07300,-0.99609,-0.24170,1.02759,0.00008,0.00061,0
11362.920,0.08179,-0.99609,-0.23730,1.02723,0.00036,0.00061,0
11365.169,0.08325,-0.99585,-0.24243,1.02831,0.00108,0.00061,0
11367.410,0.07837,-0.99951,-0.24512,1.03211,0.00380,0.00047,0
11369.665,0.08081,-0.99512,-0.24121,1.02712,0.00499,0.00043,0
11371.951,0.07471,-0.99463,-0.23975,1.02584,0.00128,0.00039,0
11374.196,0.07910,-0.99634,-0.24072,1.02805,0.00221,0.00038,0
11376.450,0.07812,-1.00024,-0.24146,1.03194,0.00388,0.00039,0
11378.725,0.07739,-0.99683,-0.23828,1.02783,0.00411,0.00038,0
11381.021,0.07886,-0.99707,-0.24268,1.02920,0.00138,0.00037,0
11383.303,0.08154,-0.99536,-0.24268,1.02776,0.00145,0.00037,0
11385.890,0.07959,-1.00049,-0.23730,1.03132,0.00356,0.00038,0
11388.156,0.08276,-0.99878,-0.24048,1.03065,0.00067,0.00031,0
11390.424,0.07886,-0.99048,-0.24072,1.02236,0.00829,0.00035,0
11392.673,0.08203,-0.99658,-0.24414,1.02932,0.00697,0.00039,0
11394.926,0.07788,-0.99390,-0.23633,1.02457,0.00475,0.00041,0
11397.206,0.07715,-1.00098,-0.24170,1.03263,0.00806,0.00046,0
11399.449,0.07495,-1.00195,-0.24512,1.03422,0.00159,0.00042,0
11401.712,0.08643,-0.99780,-0.24341,1.03069,0.00353,0.00042,0
11403.964,0.08472,-0.99683,-0.23438,1.02751,0.00319,0.00042,0
11406.217,0.07861,-0.99463,-0.24487,1.02734,0.00017,0.00039,0
11408.469,0.07959,-0.99951,-0.24658,1.03255,0.00521,0.00041,0
11410.698,0.08008,-0.99658,-0.23804,1.02774,0.00481,0.00041,0
11412.956,0.07788,-0.99268,-0.23779,1.02373,0.00401,0.00040,0
11415.207,0.08081,-0.99683,-0.24023,1.02855,0.00482,0.00042,0
11417.452,0.08447,-0.99170,-0.23999,1.02382,0.00473,0.00044,0
11419.719,0.07544,-0.99487,-0.24097,1.02642,0.00260,0.00044,0
11421.989,0.07544,-1.00122,-0.23804,1.03189,0.00547,0.00047,0
11424.253,0.08081,-0.99878,-0.23901,1.03015,0.00173,0.00046,0
11426.516,0.07471,-0.99390,-0.24292,1.02588,0.00428,0.00046,0
11428.765,0.08008,-0.99316,-0.24561,1.02621,0.00034,0.00045,0
11431.016,0.08130,-0.99634,-0.24268,1.02868,0.00247,0.00046,0
11433.239,0.07593,-0.99048,-0.24023,1.02202,0.00666,0.00048,0
11435.526,0.08276,-0.99683,-0.24023,1.02870,0.00668,0.00051,0
11437.782,0.07886,-0.98901,-0.24341,1.02157,0.00713,0.00056,0
11440.386,0.07056,-1.00000,-0.23950,1.03070,0.00912,0.00064,0
11442.890,0.07764,-0.99707,-0.23267,1.02680,0.00390,0.00064,0
11445.385,0.08008,-0.99878,-0.24365,1.03118,0.00439,0.00066,0
11447.890,0.08301,-0.99878,-0.24683,1.03217,0.00099,0.00060,0
11450.390,0.07690,-0.99316,-0.23145,1.02267,0.00950,0.00064,0
11452.934,0.07959,-1.00049,-0.24365,1.03280,0.01013,0.00072,0
11455.431,0.08301,-0.99707,-0.24463,1.02999,0.00281,0.00066,0
11457.928,0.08057,-0.99536,-0.23486,1.02586,0.00413,0.00068,0
11460.420,0.08057,-1.00024,-0.23730,1.03116,0.00530,0.00069,0
11462.911,0.08301,-0.99170,-0.24902,1.02585,0.00531,0.00071,0
11465.409,0.08130,-0.99243,-0.24292,1.02496,0.00089,0.00071,0
11467.909,0.07690,-0.99268,-0.23535,1.02309,0.00187,0.00069,0
11470.426,0.07642,-0.99438,-0.23096,1.02371,0.00062,0.00066,0
11472.925,0.07593,-0.99976,-0.23950,1.03084,0.00713,0.00070,0
11475.410,0.07983,-0.99878,-0.24658,1.03186,0.00102,0.00068,0
11477.942,0.08081,-0.99805,-0.24268,1.03030,0.00156,0.00066,0
11480.470,0.08154,-0.99268,-0.23853,1.02418,0.00612,0.00069,0
11482.978,0.07812,-0.99902,-0.24121,1.03070,0.00651,0.00070,0
11485.486,0.07910,-0.99341,-0.23828,1.02464,0.00605,0.00073,0
11488.004,0.07959,-0.99731,-0.24243,1.02944,0.00479,0.00074,0
11490.524,0.08252,-0.99878,-0.24170,1.03092,0.00148,0.00074,0
11493.032,0.08423,-0.99341,-0.23901,1.02522,0.00569,0.00077,0
11495.553,0.08057,-0.99316,-0.23291,1.02329,0.00194,0.00073,0
11498.051,0.08032,-0.99683,-0.23340,1.02693,0.00365,0.00069,0
11500.563,0.08228,-0.99561,-0.23608,1.02652,0.00042,0.00064,0
11503.074,0.08276,-0.99805,-0.24561,1.03115,0.00463,0.00058,0
11505.573,0.08252,-0.99512,-0.24341,1.02777,0.00338,0.00058,0
11508.075,0.07520,-1.00244,-0.24316,1.03425,0.00648,0.00060,0
11510.610,0.07812,-0.99731,-0.24341,1.02956,0.00469,0.00062,0
11513.113,0.08545,-0.98804,-0.24268,1.02099,0.00857,0.00060,0
11515.614,0.07886,-0.99780,-0.24731,1.03102,0.01003,0.00060,0
11518.123,0.07397,-0.99536,-0.24219,1.02707,0.00395,0.00061,0
11520.621,0.07642,-0.99292,-0.23682,1.02363,0.00344,0.00060,0
11523.125,0.08447,-0.99463,-0.24146,1.02700,0.00337,0.00059,0
11525.620,0.08154,-0.99438,-0.23267,1.02449,0.00250,0.00057,0
11528.115,0.08325,-0.99634,-0.23975,1.02815,0.00366,0.00058,0
11530.615,0.08032,-0.99683,-0.24146,1.02879,0.00064,0.00058,0
11533.110,0.08032,-0.99854,-0.24463,1.03120,0.00240,0.00058,0
11535.609,0.07886,-0.99438,-0.24170,1.02637,0.00483,0.00055,0
11538.106,0.08032,-0.99194,-0.24170,1.02412,0.00225,0.00056,0
11540.603,0.07764,-0.99316,-0.24390,1.02562,0.00150,0.00056,0
11543.104,0.08667,-0.99438,-0.23730,1.02598,0.00036,0.00052,0
11545.597,0.07837,-1.00024,-0.23755,1.03105,0.00507,0.00050,0
11548.095,0.08008,-0.99292,-0.24194,1.02510,0.00594,0.00050,0
11550.595,0.07812,-0.99854,-0.24463,1.03103,0.00592,0.00051,0
11553.113,0.07910,-0.99878,-0.23706,1.02957,0.00146,0.00051,0
11555.609,0.08228,-0.99048,-0.24365,1.02332,0.00625,0.00052,0
11558.106,0.07593,-0.99976,-0.24512,1.03216,0.00884,0.00060,0
11560.602,0.07764,-0.99512,-0.24390,1.02751,0.00466,0.00060,0
11563.105,0.07495,-0.98877,-0.24390,1.02116,0.00635,0.00064,0
11565.603,0.07837,-0.99414,-0.24438,1.02673,0.00557,0.00065,0
11568.114,0.08203,-0.99878,-0.24634,1.03197,0.00524,0.00067,0
11570.611,0.07812,-0.98950,-0.24023,1.02124,0.01074,0.00074,0
11573.108,0.07959,-0.99902,-0.24194,1.03098,0.00974,0.00082,0
11575.614,0.08228,-0.99731,-0.24780,1.03093,0.00005,0.00074,0
11578.118,0.08691,-0.99438,-0.24707,1.02830,0.00263,0.00065,0
11580.652,0.07764,-0.99976,-0.24707,1.03276,0.00446,0.00065,0
11583.164,0.08130,-0.99585,-0.23828,1.02718,0.00557,0.00067,0
11585.656,0.07715,-0.99658,-0.24097,1.02820,0.00102,0.00066,0
11588.151,0.07764,-1.00073,-0.23804,1.03158,0.00338,0.00067,0
11590.682,0.08301,-0.99170,-0.24609,1.02514,0.00643,0.00069,0
11593.176,0.07715,-0.99756,-0.23975,1.02886,0.00372,0.00071,0
11595.673,0.08496,-1.00000,-0.24243,1.03247,0.00361,0.00072,0
11598.177,0.08154,-0.99780,-0.23706,1.02881,0.00366,0.00071,0
11600.673,0.08032,-1.00269,-0.24561,1.03545,0.00663,0.00074,0
11603.172,0.07812,-0.99805,-0.24194,1.02992,0.00553,0.00077,0
11605.788,0.07471,-0.99902,-0.24390,1.03107,0.00115,0.00077,0
11608.285,0.08252,-0.99707,-0.24170,1.02926,0.00181,0.00075,0
11610.787,0.07812,-0.99805,-0.23926,1.02929,0.00003,0.00072,0
11613.289,0.08301,-0.99512,-0.23560,1.02599,0.00330,0.00069,0
11615.783,0.08301,-0.99219,-0.23999,1.02417,0.00182,0.00069,0
11618.279,0.07715,-0.99512,-0.24268,1.02718,0.00301,0.00066,0
11620.774,0.08008,-1.00220,-0.24146,1.03398,0.00680,0.00063,0
11623.269,0.07764,-0.99805,-0.24268,1.03006,0.00392,0.00062,0
11625.764,0.07910,-0.99414,-0.24316,1.02650,0.00356,0.00060,0
11628.265,0.07568,-0.99487,-0.24512,1.02742,0.00092,0.00057,0
11630.761,0.07861,-1.00073,-0.24194,1.03256,0.00515,0.00057,0
11633.267,0.07935,-0.99561,-0.24097,1.02742,0.00514,0.00048,0
11635.770,0.07739,-0.99829,-0.24805,1.03155,0.00413,0.00040,0
11638.267,0.08008,-0.99878,-0.23364,1.02886,0.00269,0.00041,0
11640.766,0.07910,-0.99780,-0.24292,1.02999,0.00112,0.00040,0
11643.271,0.07935,-0.99951,-0.23169,1.02908,0.00091,0.00038,0
11645.765,0.08130,-0.99658,-0.24023,1.02835,0.00073,0.00035,0
11648.262,0.07104,-0.99951,-0.25171,1.03316,0.00482,0.00037,0
11650.790,0.07300,-0.99780,-0.23975,1.02879,0.00437,0.00038,0
11653.324,0.08105,-0.99487,-0.23413,1.02526,0.00353,0.00035,0
11655.880,0.08008,-0.99902,-0.23999,1.03056,0.00530,0.00037,0
11658.375,0.08105,-0.99512,-0.24805,1.02876,0.00180,0.00036,0
11660.871,0.07959,-0.99854,-0.24707,1.03172,0.00296,0.00035,0
11663.367,0.07690,-0.99219,-0.23560,1.02267,0.00905,0.00039,0
11665.843,0.07739,-0.99805,-0.25146,1.03214,0.00947,0.00045,0
11668.340,0.08276,-0.99927,-0.23633,1.03016,0.00198,0.00045,0
11670.839,0.07886,-0.99292,-0.24146,1.02489,0.00527,0.00048,0
11673.349,0.08423,-1.00049,-0.24072,1.03248,0.00759,0.00053,0
11675.849,0.08154,-0.99707,-0.22998,1.02649,0.00599,0.00056,0
11678.362,0.07397,-0.99072,-0.25098,1.02469,0.00180,0.00056,0
11680.884,0.08032,-0.99634,-0.23901,1.02775,0.00306,0.00056,0
11683.384,0.07788,-0.99927,-0.23926,1.03046,0.00271,0.00052,0
11685.883,0.08398,-0.99463,-0.23975,1.02656,0.00390,0.00052,0
11688.386,0.07617,-0.99878,-0.24072,1.03020,0.00364,0.00052,0
11690.882,0.07959,-0.99731,-0.24414,1.02984,0.00036,0.00052,0
11693.380,0.07739,-0.99756,-0.23901,1.02871,0.00113,0.00049,0
11695.905,0.07910,-0.99731,-0.23950,1.02871,0.00001,0.00047,0
11698.487,0.08008,-0.99316,-0.25000,1.02727,0.00144,0.00045,0
11701.016,0.08008,-0.99634,-0.24194,1.02842,0.00114,0.00045,0
11703.517,0.08325,-0.99463,-0.23291,1.02492,0.00349,0.00046,0
11706.007,0.07935,-0.99561,-0.24170,1.02759,0.00267,0.00046,0
11708.504,0.08252,-1.00220,-0.24951,1.03608,0.00849,0.00054,0
11711.004,0.08008,-0.99585,-0.24658,1.02904,0.00704,0.00056,0
11713.498,0.08032,-0.99927,-0.23608,1.02991,0.00087,0.00054,0
11715.993,0.07812,-0.99976,-0.23682,1.03039,0.00047,0.00053,0
11718.518,0.07764,-1.00049,-0.24170,1.03219,0.00181,0.00051,0
11721.007,0.08521,-0.99365,-0.24048,1.02588,0.00631,0.00054,0
11723.505,0.08032,-0.98755,-0.24243,1.02004,0.00584,0.00057,0
11726.019,0.07886,-0.99512,-0.23926,1.02651,0.00647,0.00053,0
11728.514,0.08057,-0.99756,-0.24243,1.02975,0.00324,0.00045,0
11731.013,0.08228,-0.99878,-0.24536,1.03176,0.00201,0.00045,0
11733.515,0.08032,-1.00122,-0.24829,1.03467,0.00291,0.00043,0
11736.010,0.08350,-0.99512,-0.23730,1.02642,0.00825,0.00044,0
11738.508,0.07642,-0.99805,-0.24097,1.02956,0.00314,0.00042,0
11741.032,0.08423,-0.99292,-0.23926,1.02481,0.00476,0.00043,0
11743.533,0.07593,-0.99023,-0.24585,1.02312,0.00169,0.00043,0
11746.028,0.07739,-0.99634,-0.24805,1.02966,0.00654,0.00046,0
11748.533,0.08008,-1.00171,-0.24731,1.03489,0.00523,0.00048,0
11751.031,0.08276,-0.99609,-0.23804,1.02748,0.00741,0.00052,0
11753.528,0.08301,-0.99292,-0.23975,1.02482,0.00266,0.00052,0
11756.029,0.08228,-0.99707,-0.23999,1.02884,0.00402,0.00054,0
11758.524,0.08301,-0.99390,-0.23389,1.02441,0.00443,0.00056,0
11761.022,0.08057,-0.99805,-0.24194,1.03011,0.00570,0.00059,0
11763.525,0.07861,-0.99805,-0.23291,1.02787,0.00224,0.00059,0
11766.021,0.07373,-0.99438,-0.24243,1.02616,0.00171,0.00058,0
11768.519,0.07837,-1.00000,-0.24512,1.03258,0.00642,0.00062,0
11771.026,0.07593,-0.99414,-0.24072,1.02568,0.00690,0.00059,0
11773.621,0.08398,-0.99780,-0.24146,1.03003,0.00435,0.00056,0
11776.123,0.08130,-0.99902,-0.24219,1.03117,0.00114,0.00056,0
11778.618,0.08667,-0.99463,-0.24072,1.02701,0.00416,0.00058,0
11781.145,0.08130,-0.99072,-0.24609,1.02406,0.00295,0.00059,0
11783.655,0.08301,-0.99805,-0.24048,1.02996,0.00590,0.00058,0
11786.152,0.08252,-0.99951,-0.25195,1.03408,0.00412,0.00056,0
11788.651,0.07788,-0.99683,-0.23364,1.02680,0.00728,0.00057,0
11791.153,0.08423,-0.99976,-0.25098,1.03421,0.00741,0.00062,0
11793.625,0.08008,-0.99463,-0.23804,1.02585,0.00837,0.00068,0
11796.119,0.08374,-0.99683,-0.23413,1.02737,0.00153,0.00068,0
11798.617,0.07959,-0.99463,-0.25000,1.02865,0.00128,0.00061,0
11801.120,0.07837,-1.00220,-0.24365,1.03436,0.00571,0.00063,0
11803.616,0.07886,-0.98999,-0.24438,1.02275,0.01161,0.00075,0
11806.111,0.07715,-0.99683,-0.24097,1.02844,0.00568,0.00078,0
11808.622,0.07812,-0.99756,-0.23584,1.02803,0.00040,0.00073,0
11811.121,0.08130,-0.99707,-0.24194,1.02922,0.00119,0.00071,0
11813.618,0.07983,-0.99341,-0.23901,1.02487,0.00435,0.00067,0
11816.118,0.08008,-0.99658,-0.24634,1.02969,0.00482,0.00069,0
11818.640,0.07666,-0.99634,-0.24194,1.02815,0.00154,0.00067,0
11821.185,0.08325,-0.99780,-0.25000,1.03201,0.00385,0.00067,0
11823.707,0.08301,-0.99634,-0.23877,1.02791,0.00410,0.00065,0
11826.197,0.08252,-0.99536,-0.25000,1.02959,0.00168,0.00065,0
11828.695,0.07788,-1.00024,-0.24194,1.03203,0.00244,0.00065,0
11831.197,0.08350,-1.00049,-0.24658,1.03380,0.00177,0.00062,0
11833.693,0.07764,-0.99878,-0.23438,1.02884,0.00496,0.00059,0
11836.189,0.07861,-0.99438,-0.24512,1.02716,0.00168,0.00058,0
11838.698,0.07959,-1.00000,-0.23950,1.03136,0.00419,0.00059,0
11841.191,0.07373,-0.99878,-0.23535,1.02878,0.00258,0.00058,0
11843.731,0.07910,-0.99854,-0.24219,1.03053,0.00175,0.00058,0
11846.231,0.08350,-0.99805,-0.24316,1.03063,0.00010,0.00054,0
11848.726,0.07910,-1.00220,-0.24365,1.03442,0.00379,0.00054,0
11851.223,0.08228,-0.99316,-0.23633,1.02420,0.01021,0.00059,0
11853.725,0.08228,-0.99609,-0.24561,1.02922,0.00502,0.00056,0
11856.219,0.07861,-0.99878,-0.24121,1.03050,0.00128,0.00049,0
11858.721,0.07739,-0.99536,-0.23999,1.02681,0.00369,0.00050,0
11861.221,0.08130,-0.99561,-0.23950,1.02723,0.00042,0.00050,0
11863.717,0.07739,-0.99121,-0.23535,1.02170,0.00553,0.00050,0
11866.215,0.08472,-0.99829,-0.24170,1.03062,0.00892,0.00045,0
11868.716,0.07666,-0.99243,-0.24731,1.02565,0.00497,0.00044,0
11871.216,0.08105,-0.99243,-0.24072,1.02442,0.00123,0.00044,0
11873.712,0.08228,-0.99609,-0.24976,1.03022,0.00580,0.00047,0
11876.215,0.07715,-0.99365,-0.23608,1.02422,0.00600,0.00049,0
11878.710,0.08008,-0.99634,-0.23853,1.02762,0.00339,0.00048,0
11881.276,0.07739,-1.00049,-0.23169,1.02988,0.00226,0.00048,0
11883.771,0.08398,-0.99683,-0.24658,1.03030,0.00042,0.00047,0
11886.267,0.08057,-0.99683,-0.24023,1.02853,0.00177,0.00045,0
11888.763,0.08398,-0.99585,-0.23413,1.02644,0.00208,0.00045,0
11891.275,0.07910,-0.99609,-0.24487,1.02880,0.00235,0.00045,0
11893.771,0.08081,-0.99365,-0.24512,1.02662,0.00217,0.00045,0
11896.270,0.08130,-0.99268,-0.24146,1.02485,0.00178,0.00043,0
11898.774,0.08105,-0.99292,-0.23608,1.02381,0.00103,0.00043,0
11901.341,0.08252,-0.99512,-0.23193,1.02512,0.00130,0.00042,0
11903.893,0.07715,-0.99536,-0.24316,1.02753,0.00242,0.00041,0
11906.391,0.13550,-0.97803,-0.30469,1.03331,0.00578,0.00044,0
11908.887,0.99023,-1.13501,-0.83838,1.72386,0.69055,0.47730,0
11911.381,-0.93408,0.32031,-0.67285,1.19492,0.52894,0.75706,0
11913.891,-0.13794,-2.00000,0.70825,2.12618,0.93126,1.62420,0
11916.385,-0.03564,-0.25391,-0.54663,0.60377,1.52241,3.94190,0
11918.890,0.11182,-0.75220,-0.06470,0.76321,0.15943,3.96732,1
11921.967,0.26636,-1.12183,0.02808,1.15336,0.39015,4.11952,0
11924.643,0.18018,-1.69824,-0.18726,1.71801,0.56465,4.43835,0
11927.256,0.19604,-1.02856,-0.38208,1.11461,0.60340,4.80241,0
11929.832,-0.00244,-1.26367,-0.14917,1.27245,0.15783,4.82724,0
11932.416,0.03882,-1.08057,-0.17090,1.09469,0.17776,4.85881,0
11935.044,0.12061,-1.15332,-0.19897,1.17656,0.08187,4.86551,0
11939.584,0.03589,-1.05811,-0.28101,1.09537,0.08118,4.87207,0
11942.161,0.05103,-1.10083,-0.30981,1.14473,0.04936,4.87447,0
11944.270,0.12231,-1.20093,-0.16089,1.21781,0.07308,4.87980,0
11946.155,-0.01807,-1.03149,-0.23438,1.05794,0.15987,4.90536,0
11947.661,0.08691,-1.08423,-0.20386,1.10664,0.04870,4.90773,0
11949.164,0.08667,-0.88306,-0.30762,0.93911,0.16753,4.93579,0
11950.685,0.09668,-1.07080,-0.25708,1.10546,0.16635,4.96346,0
11952.191,0.03687,-1.00293,-0.25903,1.03650,0.06897,4.96821,0
11953.711,0.10376,-1.12671,-0.21265,1.15129,0.11479,4.98138,0
11955.244,0.04248,-0.89624,-0.28760,0.94221,0.20907,5.02509,0
11957.354,0.10986,-1.15039,-0.22705,1.17772,0.23551,5.08056,0
11959.556,0.03320,-0.98096,-0.24023,1.01049,0.16723,5.10852,0
11961.784,0.04541,-0.99292,-0.20190,1.01426,0.00377,5.10853,0
11963.999,0.14209,-0.92749,-0.25122,0.97136,0.04290,5.11033,0
11966.323,0.04053,-0.98755,-0.28369,1.02829,0.05693,4.63672,0
11968.565,0.06812,-1.01343,-0.24707,1.04533,0.01704,4.35723,0
11970.891,0.11353,-0.93384,-0.21973,0.96603,0.07930,3.49628,0
11973.444,0.06348,-0.95801,-0.26318,0.99553,0.02949,1.17942,0
11975.793,0.07715,-0.98438,-0.27539,1.02508,0.02955,1.15488,0
11978.135,0.05591,-1.03711,-0.19653,1.05705,0.03197,1.00369,0
11980.315,0.07861,-0.93555,-0.23120,0.96689,0.09015,0.69298,0
11982.534,0.08740,-0.98291,-0.26782,1.02249,0.05559,0.33199,0
11984.717,0.07617,-0.95874,-0.26172,0.99674,0.02575,0.30774,0
11986.808,0.05811,-1.03516,-0.19873,1.05566,0.05892,0.27961,0
11988.883,0.07007,-0.96191,-0.26929,1.00135,0.05431,0.27586,0
11990.960,0.12036,-1.01270,-0.23047,1.04554,0.04419,0.27122,0
11993.042,0.06567,-1.02197,-0.23145,1.04991,0.00437,0.26880,0
11995.129,0.06372,-0.95679,-0.23608,0.98754,0.06237,0.26735,0
11997.205,0.10229,-1.00391,-0.25977,1.04200,0.05446,0.24476,0
11999.281,0.05444,-1.01318,-0.22681,1.03969,0.00232,0.24239,0
12001.359,0.08911,-1.01514,-0.22729,1.04408,0.00440,0.21434,0
12003.471,0.08716,-0.93726,-0.24731,0.97325,0.07083,0.19168,0
12005.675,0.06494,-1.04370,-0.24536,1.07412,0.10087,0.19710,0
12007.946,0.08447,-0.99561,-0.24414,1.02858,0.04554,0.18600,0
12010.180,0.08032,-0.97461,-0.24438,1.00799,0.02059,0.14271,0
12012.356,0.08398,-1.03906,-0.24194,1.07016,0.06217,0.09112,0
12014.544,0.07227,-1.01782,-0.23950,1.04812,0.02204,0.06364,0
12016.648,0.09155,-0.97070,-0.24658,1.00571,0.04241,0.06542,0
12018.783,0.05444,-1.00928,-0.23975,1.03879,0.03308,0.06467,0
12020.976,0.08740,-0.99097,-0.25146,1.02610,0.01269,0.06159,0
12023.245,0.08057,-1.01904,-0.24756,1.05177,0.02567,0.06196,0
12025.497,0.06299,-1.01611,-0.23047,1.04382,0.00795,0.05574,0
12027.699,0.08569,-0.97729,-0.24121,1.01026,0.03356,0.05599,0
12029.975,0.09082,-1.02002,-0.24829,1.05373,0.04346,0.05701,0
12032.087,0.07227,-0.98486,-0.24146,1.01660,0.03712,0.05737,0
12034.165,0.08301,-0.98462,-0.25342,1.02009,0.00349,0.04925,0
12036.236,0.07642,-1.00635,-0.24341,1.03818,0.01809,0.04649,0
12038.316,0.08276,-0.99658,-0.24463,1.02950,0.00868,0.04590,0
12040.387,0.07520,-0.99438,-0.23804,1.02524,0.00426,0.04245,0
12042.064,0.08496,-0.98047,-0.24316,1.01374,0.01150,0.03963,0
12043.912,0.09253,-0.98853,-0.25269,1.02450,0.01076,0.03779,0
12045.701,0.08374,-0.99756,-0.23120,1.02742,0.00292,0.03778,0
12047.407,0.07983,-0.99585,-0.24634,1.02897,0.00155,0.03389,0
12049.175,0.08496,-0.99780,-0.24072,1.02994,0.00097,0.03093,0
12050.825,0.06958,-1.01099,-0.23486,1.04024,0.01030,0.03103,0
12052.347,0.07251,-1.00366,-0.23560,1.03349,0.00675,0.03106,0
12054.186,0.08203,-0.99536,-0.26123,1.03233,0.00115,0.02604,0
12055.689,0.09082,-1.00269,-0.24609,1.03643,0.00410,0.01588,0
12057.225,0.07568,-0.98584,-0.23389,1.01603,0.02040,0.01422,0
12059.013,0.07886,-1.01318,-0.24048,1.04431,0.02829,0.01460,0
12060.731,0.08936,-0.97559,-0.25024,1.01113,0.03319,0.01184,0
12062.432,0.08179,-1.00586,-0.23364,1.03587,0.02475,0.01196,0
12064.142,0.07568,-0.99194,-0.24927,1.02558,0.01029,0.01027,0
12065.783,0.08447,-0.99805,-0.23486,1.02878,0.00320,0.00919,0
12067.490,0.07495,-0.99194,-0.24219,1.02383,0.00495,0.00905,0
12069.337,0.08203,-1.00708,-0.24731,1.04024,0.01641,0.00866,0
12071.034,0.07764,-0.97412,-0.24829,1.00826,0.03198,0.00962,0
12072.964,0.07642,-1.02148,-0.23779,1.05158,0.04332,0.01037,0
12074.709,0.09058,-0.97119,-0.25659,1.00859,0.04299,0.01033,0
12076.195,0.07935,-0.99829,-0.25122,1.03247,0.02388,0.00952,0
12077.660,0.07471,-1.01196,-0.23120,1.04072,0.00825,0.00958,0
12079.128,0.08130,-0.97900,-0.24683,1.01291,0.02782,0.01002,0
12080.641,0.07495,-1.00024,-0.24805,1.03326,0.02036,0.01036,0
12082.124,0.08374,-1.00146,-0.24194,1.03367,0.00041,0.01034,0
12083.592,0.07129,-1.00879,-0.23975,1.03933,0.00566,0.01024,0
12085.053,0.07227,-1.00269,-0.24316,1.03428,0.00506,0.01015,0
12086.731,0.08154,-1.00391,-0.24341,1.03621,0.00193,0.01015,0
12088.473,0.08179,-1.02319,-0.24072,1.05431,0.01810,0.01047,0
12090.312,0.07349,-0.98804,-0.23438,1.01811,0.03620,0.01178,0
12092.085,0.08032,-0.99316,-0.23926,1.02473,0.00662,0.01172,0
12093.908,0.07202,-0.99634,-0.24829,1.02933,0.00460,0.01170,0
12095.650,0.07812,-1.00415,-0.23145,1.03344,0.00410,0.01171,0
12097.611,0.08276,-0.98120,-0.24878,1.01563,0.01781,0.01201,0
12099.427,0.08008,-0.99756,-0.23096,1.02707,0.01145,0.01173,0
12101.195,0.07837,-0.98608,-0.25244,1.02090,0.00618,0.01096,0
12102.683,0.08081,-1.00928,-0.23853,1.04022,0.01933,0.01024,0
12104.158,0.07715,-0.97900,-0.24707,1.01264,0.02758,0.01039,0
12105.625,0.07153,-1.01514,-0.23535,1.04451,0.03187,0.01130,0
12107.094,0.08740,-0.99316,-0.24268,1.02611,0.01840,0.01162,0
12108.563,0.08521,-1.00684,-0.24023,1.03860,0.01249,0.01175,0
12110.030,0.07715,-1.01147,-0.22827,1.03978,0.00118,0.01149,0
12111.494,0.07300,-1.00269,-0.24487,1.03473,0.00505,0.01049,0
12112.966,0.08081,-0.99609,-0.24341,1.02858,0.00615,0.00865,0
12114.692,0.07983,-0.99097,-0.23975,1.02268,0.00591,0.00684,0
12116.465,0.07983,-0.99194,-0.24390,1.02460,0.00193,0.00627,0
12118.234,0.07446,-1.00757,-0.24731,1.04015,0.01554,0.00644,0
12119.975,0.08618,-0.98999,-0.24414,1.02329,0.01686,0.00596,0
12121.785,0.08594,-0.99072,-0.24219,1.02351,0.00022,0.00554,0
12123.735,0.07788,-1.00757,-0.24487,1.03982,0.01631,0.00581,0
12125.566,0.08081,-0.98877,-0.24756,1.02249,0.01733,0.00608,0
12127.364,0.07178,-1.01025,-0.23755,1.04029,0.01780,0.00637,0
12129.062,0.08252,-0.97241,-0.24463,1.00610,0.03419,0.00753,0
12130.564,0.07520,-1.00928,-0.24756,1.04191,0.03581,0.00849,0
12132.047,0.07861,-1.00000,-0.23682,1.03066,0.01125,0.00730,0
12133.508,0.07935,-0.99023,-0.24585,1.02338,0.00728,0.00731,0
12134.972,0.08081,-0.98926,-0.24878,1.02326,0.00012,0.00729,0
12136.441,0.08667,-0.99683,-0.23926,1.02879,0.00554,0.00730,0
12137.913,0.07812,-0.98730,-0.24756,1.02086,0.00793,0.00705,0
12139.381,0.07983,-0.99756,-0.24048,1.02924,0.00837,0.00699,0
12140.889,0.08716,-0.98315,-0.25171,1.01860,0.01064,0.00706,0
12142.679,0.07715,-1.00269,-0.23145,1.03194,0.01334,0.00687,0
12144.443,0.07788,-0.99561,-0.25244,1.03006,0.00188,0.00611,0
12146.226,0.08228,-1.00708,-0.24756,1.04032,0.01026,0.00520,0
12148.399,0.07422,-0.99414,-0.23853,1.02505,0.01527,0.00510,0
12150.274,0.07837,-1.00244,-0.24463,1.03483,0.00978,0.00504,0
12151.996,0.08789,-0.98242,-0.24292,1.01582,0.01901,0.00540,0
12153.842,0.07275,-1.00879,-0.23169,1.03761,0.02179,0.00584,0
12155.536,0.08936,-0.98291,-0.25391,1.01910,0.01851,0.00615,0
12157.125,0.07666,-1.00122,-0.24756,1.03422,0.01512,0.00634,0
12158.600,0.07642,-0.99170,-0.24561,1.02451,0.00970,0.00643,0
12160.064,0.07471,-1.01001,-0.23828,1.04042,0.01591,0.00645,0
12161.533,0.09058,-0.97388,-0.24463,1.00821,0.03221,0.00720,0
12162.997,0.08301,-0.99634,-0.23901,1.02796,0.01975,0.00759,0
12164.460,0.07739,-0.99658,-0.24219,1.02850,0.00054,0.00732,0
12165.921,0.08008,-0.98926,-0.24683,1.02273,0.00578,0.00706,0
12167.391,0.08032,-0.99268,-0.24170,1.02483,0.00210,0.00674,0
12168.877,0.08105,-1.00146,-0.24292,1.03369,0.00886,0.00565,0
12170.708,0.08032,-0.99316,-0.25049,1.02741,0.00628,0.00441,0
12172.551,0.07495,-0.99536,-0.24731,1.02836,0.00095,0.00429,0
12174.547,0.07837,-0.99854,-0.24390,1.03087,0.00251,0.00424,0
12176.261,0.08032,-0.99048,-0.24658,1.02387,0.00701,0.00429,0
12178.140,0.08179,-0.99805,-0.24683,1.03136,0.00750,0.00431,0
12179.894,0.07666,-0.99561,-0.24365,1.02785,0.00351,0.00426,0
12182.475,0.07886,-0.99487,-0.23755,1.02588,0.00197,0.00420,0
12184.338,0.08057,-1.00146,-0.23877,1.03268,0.00681,0.00413,0
12185.876,0.07739,-0.99731,-0.23291,1.02707,0.00561,0.00398,0
12187.346,0.07861,-0.99121,-0.24463,1.02397,0.00310,0.00399,0
12188.811,0.08130,-0.99121,-0.24170,1.02349,0.00049,0.00388,0
12190.273,0.08496,-0.99976,-0.24292,1.03235,0.00886,0.00373,0
12191.739,0.08691,-0.99121,-0.24585,1.02494,0.00741,0.00369,0
12193.204,0.08301,-1.00317,-0.23877,1.03453,0.00960,0.00342,0
12194.669,0.08862,-0.99292,-0.23999,1.02535,0.00918,0.00303,0
12196.130,0.07031,-1.00781,-0.24194,1.03883,0.01348,0.00287,0
12197.604,0.07642,-0.99829,-0.24170,1.02997,0.00886,0.00272,0
12199.483,0.08252,-0.99878,-0.24268,1.03115,0.00117,0.00262,0
12201.166,0.08252,-0.99438,-0.23340,1.02474,0.00641,0.00241,0
12202.959,0.07886,-0.99219,-0.23730,1.02321,0.00152,0.00138,0
12204.858,0.08350,-0.99341,-0.23926,1.02522,0.00201,0.00099,0
12206.754,0.07837,-0.98926,-0.23999,1.02096,0.00426,0.00101,0
12208.623,0.08105,-1.00049,-0.24414,1.03303,0.01207,0.00112,0
12210.401,0.08032,-0.99561,-0.23535,1.02619,0.00684,0.00116,0
12212.185,0.07690,-0.99561,-0.24365,1.02787,0.00167,0.00109,0
12213.832,0.08203,-0.98901,-0.24341,1.02182,0.00604,0.00109,0
12215.340,0.07983,-0.99438,-0.24072,1.02622,0.00439,0.00110,0
12216.802,0.08032,-0.99341,-0.24170,1.02554,0.00068,0.00110,0
12218.266,0.07983,-0.99365,-0.23096,1.02326,0.00228,0.00105,0
12219.735,0.07861,-0.99072,-0.23804,1.02195,0.00131,0.00100,0
12221.203,0.08057,-1.00073,-0.24292,1.03294,0.01099,0.00111,0
12222.673,0.08154,-1.00757,-0.23853,1.03862,0.00568,0.00114,0
12224.133,0.08154,-0.99487,-0.23950,1.02654,0.01208,0.00124,0
12225.595,0.07812,-0.99829,-0.24146,1.03004,0.00350,0.00122,0
12227.082,0.08374,-0.99731,-0.24609,1.03064,0.00059,0.00121,0
12228.751,0.08130,-0.99731,-0.24194,1.02946,0.00118,0.00121,0
12230.550,0.08105,-0.99292,-0.24023,1.02478,0.00468,0.00115,0
12232.437,0.07886,-0.99805,-0.23486,1.02834,0.00356,0.00111,0
12234.299,0.08057,-0.99658,-0.23340,1.02671,0.00162,0.00102,0
12236.099,0.07959,-1.00854,-0.24097,1.03998,0.01327,0.00111,0
12237.924,0.08618,-0.99927,-0.24023,1.03135,0.00864,0.00100,0
12239.630,0.07544,-0.99731,-0.24292,1.02924,0.00211,0.00093,0
12242.489,0.08398,-0.99023,-0.24780,1.02422,0.00502,0.00095,0
12244.018,0.07764,-1.00195,-0.23584,1.03226,0.00804,0.00098,0
12245.520,0.08154,-0.99902,-0.24341,1.03148,0.00078,0.00098,0
12247.001,0.08228,-0.99390,-0.24341,1.02657,0.00491,0.00100,0
12248.480,0.07935,-0.99536,-0.24390,1.02787,0.00130,0.00098,0
12249.986,0.07544,-0.99634,-0.24414,1.02858,0.00071,0.00083,0
12251.498,0.07959,-0.99780,-0.23682,1.02860,0.00002,0.00079,0
12253.016,0.07861,-0.98975,-0.24463,1.02256,0.00605,0.00082,0
12254.494,0.07861,-1.00244,-0.23438,1.03247,0.00992,0.00088,0
12256.044,0.07935,-0.98975,-0.24585,1.02291,0.00957,0.00096,0
12258.444,0.08203,-1.00171,-0.23975,1.03326,0.01036,0.00106,0
12259.924,0.07886,-0.99731,-0.24072,1.02898,0.00428,0.00108,0
12261.405,0.07983,-0.99756,-0.24243,1.02969,0.00071,0.00107,0
12262.876,0.08130,-0.99512,-0.24414,1.02785,0.00185,0.00096,0
12264.348,0.08691,-1.00562,-0.23389,1.03611,0.00826,0.00099,0
12265.820,0.07886,-1.00269,-0.24683,1.03563,0.00048,0.00085,0
12267.292,0.08447,-0.99683,-0.24878,1.03087,0.00476,0.00086,0
12268.761,0.08228,-0.99561,-0.24438,1.02846,0.00241,0.00086,0
12270.401,0.08057,-1.00171,-0.22949,1.03081,0.00236,0.00087,0
12274.752,0.07959,-0.99097,-0.24536,1.02399,0.00683,0.00089,0
12276.512,0.08130,-1.00537,-0.23730,1.03619,0.01220,0.00103,0
12278.141,0.08081,-0.99390,-0.24390,1.02657,0.00962,0.00112,0
12279.645,0.08521,-1.00293,-0.23926,1.03459,0.00802,0.00101,0
12282.686,0.07397,-0.99805,-0.23535,1.02809,0.00650,0.00097,0
12284.180,0.08740,-0.99316,-0.24878,1.02757,0.00051,0.00097,0
12286.530,0.08228,-0.99707,-0.23511,1.02771,0.00014,0.00094,0
12288.031,0.07642,-1.00244,-0.24219,1.03411,0.00640,0.00092,0
12289.741,0.08203,-0.99048,-0.24219,1.02295,0.01116,0.00105,0
12291.527,0.07837,-1.00220,-0.23438,1.03222,0.00926,0.00111,0
12293.261,0.07837,-0.99390,-0.22998,1.02316,0.00905,0.00119,0
12295.262,0.07593,-0.99512,-0.24512,1.02767,0.00451,0.00121,0
12297.768,0.07690,-1.00000,-0.24243,1.03184,0.00417,0.00122,0
12299.264,0.08374,-0.99561,-0.23535,1.02647,0.00537,0.00122,0
12300.752,0.07910,-1.00098,-0.23584,1.03142,0.00496,0.00114,0
12302.356,0.08105,-0.99902,-0.24121,1.03092,0.00050,0.00105,0
12305.354,0.08032,-0.99658,-0.24048,1.02833,0.00259,0.00095,0
12306.904,0.07715,-0.99609,-0.23779,1.02699,0.00134,0.00093,0
12309.621,0.07397,-0.99438,-0.23633,1.02476,0.00223,0.00094,0
12311.101,0.07617,-0.99146,-0.23779,1.02241,0.00234,0.00094,0
12312.564,0.07788,-0.99780,-0.23804,1.02876,0.00634,0.00091,0
12314.060,0.08081,-0.99365,-0.24683,1.02703,0.00172,0.00092,0
12317.682,0.07935,-0.99438,-0.24951,1.02828,0.00124,0.00089,0
12319.261,0.07593,-0.99829,-0.24243,1.03011,0.00183,0.00089,0
12320.757,0.07959,-0.99072,-0.24756,1.02428,0.00583,0.00092,0
12322.227,0.07788,-0.99316,-0.25244,1.02770,0.00342,0.00089,0
12324.223,0.07495,-0.99292,-0.23950,1.02414,0.00356,0.00075,0
12332.760,0.08032,-0.99365,-0.23657,1.02458,0.00044,0.00066,0
12334.826,0.07886,-1.00024,-0.23779,1.03114,0.00656,0.00064,0
12336.451,0.08057,-0.99414,-0.24048,1.02598,0.00516,0.00062,0
12337.981,0.08228,-0.99634,-0.24414,1.02911,0.00313,0.00063,0
12339.807,0.07227,-0.99854,-0.23730,1.02889,0.00022,0.00063,0
12341.411,0.07251,-0.99634,-0.23975,1.02734,0.00155,0.00059,0
12343.018,0.07861,-0.99731,-0.23975,1.02873,0.00140,0.00047,0
12344.636,0.07861,-0.99902,-0.23975,1.03039,0.00166,0.00039,0
12346.288,0.08203,-0.99585,-0.24585,1.02902,0.00137,0.00031,0
12347.785,0.08179,-0.99438,-0.23877,1.02591,0.00311,0.00029,0
12351.458,0.08179,-0.99268,-0.23242,1.02280,0.00312,0.00029,0
12353.175,0.07959,-1.00171,-0.23584,1.03217,0.00937,0.00035,0
12354.752,0.07910,-0.99707,-0.23853,1.02825,0.00392,0.00034,0
12356.264,0.08252,-0.99316,-0.23877,1.02479,0.00346,0.00035,0
12357.801,0.08179,-0.99341,-0.23706,1.02457,0.00022,0.00034,0
12359.373,0.08325,-0.99316,-0.23267,1.02344,0.00113,0.00034,0
12360.914,0.08228,-0.99805,-0.24072,1.02996,0.00651,0.00038,0
12362.465,0.08154,-0.99927,-0.24341,1.03171,0.00175,0.00038,0
12363.980,0.08081,-0.99805,-0.24072,1.02984,0.00187,0.00034,0
12365.532,0.08057,-1.00220,-0.23560,1.03266,0.00282,0.00034,0
12367.000,0.07910,-1.00757,-0.23242,1.03705,0.00438,0.00036,0
12368.454,0.08301,-0.99561,-0.24658,1.02904,0.00801,0.00042,0
12369.911,0.07935,-0.99902,-0.23706,1.02983,0.00079,0.00039,0
12371.369,0.07739,-0.99927,-0.24072,1.03076,0.00094,0.00038,0
12373.012,0.07593,-1.00024,-0.24512,1.03264,0.00187,0.00037,0
12374.503,0.07788,-0.99390,-0.24194,1.02588,0.00675,0.00042,0
12375.985,0.08130,-0.99390,-0.24268,1.02632,0.00044,0.00037,0
12377.478,0.08105,-0.99463,-0.23462,1.02514,0.00118,0.00035,0
12379.027,0.08618,-0.99438,-0.23535,1.02548,0.00035,0.00034,0
12381.122,0.08008,-0.99854,-0.24316,1.03083,0.00535,0.00037,0
12382.747,0.07568,-0.99951,-0.24292,1.03139,0.00056,0.00036,0
12384.731,0.08008,-0.99536,-0.24438,1.02805,0.00334,0.00037,0
12387.067,0.07886,-0.99438,-0.24365,1.02683,0.00121,0.00037,0
12388.592,0.08130,-0.99536,-0.24438,1.02814,0.00131,0.00037,0
12390.088,0.08179,-0.99878,-0.24219,1.03097,0.00283,0.00037,0
12398.627,0.08130,-0.99731,-0.24414,1.02998,0.00100,0.00036,0
12400.333,0.07788,-0.99365,-0.24976,1.02752,0.00246,0.00028,0
12402.200,0.07324,-0.99731,-0.24170,1.02879,0.00128,0.00027,0
12403.801,0.08032,-0.99609,-0.24365,1.02860,0.00019,0.00025,0
12405.500,0.08447,-0.99609,-0.24072,1.02824,0.00036,0.00025,0
12407.074,0.08105,-0.99634,-0.24707,1.02971,0.00147,0.00025,0
12408.610,0.07495,-0.99390,-0.23560,1.02418,0.00553,0.00024,0
12410.160,0.07422,-0.99414,-0.24268,1.02602,0.00183,0.00024,0
12411.694,0.08057,-0.99951,-0.24658,1.03263,0.00661,0.00028,0
12413.213,0.07300,-1.00073,-0.23120,1.02968,0.00294,0.00028,0
12414.690,0.07812,-1.00000,-0.23584,1.03040,0.00072,0.00027,0
12416.154,0.07983,-0.99634,-0.24048,1.02805,0.00235,0.00021,0
12417.614,0.07690,-0.99585,-0.23828,1.02684,0.00121,0.00021,0
12419.074,0.08032,-0.99536,-0.23438,1.02573,0.00111,0.00021,0
12422.855,0.07910,-0.99756,-0.23975,1.02901,0.00328,0.00022,0
12424.536,0.08154,-0.99902,-0.24316,1.03142,0.00241,0.00018,0
12426.124,0.07837,-0.99878,-0.23169,1.02829,0.00313,0.00019,0
12427.814,0.07910,-0.99902,-0.24072,1.03066,0.00237,0.00019,0
12429.282,0.08130,-0.98682,-0.24756,1.02064,0.01002,0.00029,0
12430.769,0.08105,-0.99927,-0.24756,1.03266,0.01202,0.00041,0
12432.240,0.08057,-0.99463,-0.23633,1.02549,0.00717,0.00046,0
12433.758,0.08838,-0.99536,-0.24268,1.02832,0.00283,0.00045,0
12435.235,0.07959,-1.00024,-0.23730,1.03109,0.00276,0.00046,0
12436.693,0.07568,-0.99634,-0.24023,1.02768,0.00340,0.00047,0
12438.291,0.07739,-0.99951,-0.24634,1.03233,0.00464,0.00048,0
12439.759,0.07788,-0.99609,-0.23877,1.02727,0.00506,0.00051,0
12441.221,0.08154,-0.99243,-0.23486,1.02310,0.00417,0.00052,0
12442.685,0.07788,-0.99536,-0.24121,1.02713,0.00403,0.00053,0
12444.147,0.07715,-0.99707,-0.24219,1.02896,0.00183,0.00054,0
12445.604,0.08545,-0.99951,-0.23438,1.03017,0.00121,0.00054,0
12447.065,0.08057,-0.99146,-0.23877,1.02298,0.00719,0.00059,0
12448.523,0.08130,-0.99609,-0.24146,1.02816,0.00518,0.00058,0
12449.981,0.07617,-0.99731,-0.23438,1.02731,0.00085,0.00058,0
12451.440,0.07446,-0.99683,-0.24121,1.02829,0.00098,0.00054,0
12452.908,0.07764,-1.00146,-0.24561,1.03406,0.00577,0.00056,0
12454.377,0.07959,-0.99487,-0.24243,1.02707,0.00699,0.00061,0
12455.845,0.08228,-1.00146,-0.24072,1.03327,0.00620,0.00064,0
12457.322,0.07910,-0.99902,-0.23242,1.02875,0.00452,0.00066,0
12458.782,0.07935,-1.00049,-0.24097,1.03215,0.00340,0.00067,0
12460.242,0.07861,-0.99512,-0.24561,1.02799,0.00416,0.00068,0
12462.788,0.08008,-0.99902,-0.24780,1.03241,0.00442,0.00069,0
12464.352,0.07983,-1.00024,-0.23926,1.03156,0.00085,0.00069,0
12465.953,0.07812,-0.99683,-0.24194,1.02874,0.00282,0.00069,0
12467.515,0.07788,-0.99658,-0.23438,1.02673,0.00201,0.00059,0
12469.081,0.08618,-1.00049,-0.23560,1.03146,0.00473,0.00047,0
12471.081,0.07935,-0.99951,-0.24414,1.03195,0.00049,0.00042,0
12472.714,0.07593,-0.99683,-0.24341,1.02892,0.00303,0.00042,0
12474.205,0.08203,-0.99243,-0.23364,1.02286,0.00606,0.00045,0
12475.665,0.08374,-0.99561,-0.24609,1.02898,0.00612,0.00047,0
12477.120,0.07397,-0.99854,-0.23950,1.02952,0.00053,0.00045,0
12478.581,0.07642,-0.99438,-0.23389,1.02437,0.00514,0.00045,0
12480.035,0.07910,-0.99536,-0.24243,1.02751,0.00313,0.00045,0
12481.493,0.08203,-0.99854,-0.23877,1.02996,0.00245,0.00044,0
12482.950,0.08130,-0.99365,-0.23901,1.02522,0.00473,0.00045,0
12484.405,0.08618,-0.99219,-0.24390,1.02535,0.00013,0.00045,0
12485.859,0.08179,-0.99829,-0.25269,1.03302,0.00766,0.00046,0
12487.347,0.07764,-0.99585,-0.25146,1.03004,0.00298,0.00044,0
12488.809,0.07422,-0.98755,-0.23804,1.01854,0.01150,0.00057,0
12490.266,0.07642,-0.99365,-0.23389,1.02366,0.00512,0.00060,0
12491.723,0.07910,-0.99561,-0.23315,1.02560,0.00193,0.00057,0
12493.177,0.07764,-0.99731,-0.24512,1.02993,0.00433,0.00054,0
12494.631,0.08154,-0.99780,-0.24878,1.03158,0.00165,0.00050,0
12496.090,0.07837,-0.99609,-0.24585,1.02897,0.00260,0.00049,0
12497.636,0.08496,-0.99463,-0.24438,1.02773,0.00124,0.00048,0
12499.102,0.07837,-0.99023,-0.24341,1.02272,0.00501,0.00049,0
12500.564,0.07861,-0.99707,-0.23853,1.02821,0.00550,0.00050,0
12502.023,0.07788,-0.99731,-0.24609,1.03018,0.00196,0.00050,0
12503.482,0.07715,-0.99365,-0.23730,1.02450,0.00567,0.00053,0
12504.944,0.08130,-0.99463,-0.23950,1.02628,0.00178,0.00053,0
12506.403,0.08716,-0.99414,-0.24243,1.02698,0.00070,0.00050,0
12507.864,0.08105,-0.99805,-0.23315,1.02812,0.00114,0.00050,0
12509.324,0.08472,-1.00024,-0.23584,1.03116,0.00304,0.00050,0
12510.784,0.07666,-0.99536,-0.24219,1.02727,0.00389,0.00048,0
12512.243,0.07642,-0.99536,-0.24390,1.02765,0.00039,0.00045,0
12513.702,0.07788,-0.99585,-0.24146,1.02766,0.00001,0.00045,0
12515.196,0.08325,-0.99390,-0.23999,1.02584,0.00181,0.00042,0
12516.656,0.08716,-0.99414,-0.23486,1.02522,0.00063,0.00041,0
12518.115,0.07788,-0.99951,-0.25073,1.03342,0.00820,0.00047,0
12519.578,0.08374,-1.00537,-0.25635,1.04091,0.00749,0.00051,0
12521.043,0.07153,-0.99902,-0.23120,1.02792,0.01299,0.00068,0
12522.503,0.07593,-0.99292,-0.24097,1.02456,0.00336,0.00063,0
12524.041,0.07861,-0.99829,-0.24121,1.03002,0.00546,0.00065,0
12525.501,0.07617,-0.99512,-0.24463,1.02757,0.00245,0.00052,0
12526.962,0.07788,-0.99951,-0.23901,1.03064,0.00307,0.00051,0
12528.440,0.07886,-0.99585,-0.24487,1.02854,0.00210,0.00051,0
12529.897,0.08496,-0.99927,-0.24072,1.03136,0.00282,0.00050,0
12531.356,0.08398,-0.99585,-0.23438,1.02650,0.00486,0.00052,0
12532.815,0.08008,-0.99512,-0.24194,1.02723,0.00073,0.00051,0
12534.274,0.07715,-0.99365,-0.24023,1.02519,0.00205,0.00051,0
12535.733,0.07812,-0.99585,-0.24365,1.02820,0.00301,0.00050,0
12537.192,0.07886,-0.99805,-0.24805,1.03143,0.00323,0.00048,0
12538.654,0.07739,-1.00244,-0.24292,1.03435,0.00293,0.00048,0
12540.113,0.08594,-0.99927,-0.23926,1.03110,0.00326,0.00046,0
12541.572,0.08594,-0.99121,-0.23877,1.02318,0.00792,0.00052,0
12543.034,0.08765,-0.99658,-0.23975,1.02875,0.00558,0.00055,0
12544.495,0.07959,-0.99707,-0.24170,1.02903,0.00028,0.00055,0
12545.955,0.08374,-0.99707,-0.24097,1.02919,0.00016,0.00054,0
12547.414,0.08057,-0.98950,-0.24268,1.02201,0.00718,0.00058,0
12548.879,0.08423,-0.99243,-0.23657,1.02371,0.00170,0.00058,0
12550.616,0.08081,-0.99829,-0.23633,1.02906,0.00535,0.00061,0
12552.097,0.07715,-1.00220,-0.24414,1.03439,0.00533,0.00063,0
12553.574,0.08203,-0.99072,-0.24341,1.02348,0.01091,0.00075,0
12555.041,0.07886,-0.99634,-0.24268,1.02849,0.00502,0.00071,0
12556.504,0.08057,-0.99463,-0.24268,1.02697,0.00152,0.00066,0
12557.970,0.08105,-1.00122,-0.24072,1.03294,0.00597,0.00052,0
12559.434,0.07837,-0.99438,-0.24170,1.02633,0.00660,0.00056,0
12560.897,0.07983,-0.99609,-0.24146,1.02805,0.00171,0.00053,0
12562.356,0.07812,-1.00293,-0.24146,1.03454,0.00649,0.00056,0
12563.816,0.07739,-0.99219,-0.23120,1.02170,0.01284,0.00072,0
12565.276,0.07397,-0.99219,-0.24561,1.02481,0.00310,0.00073,0
12566.736,0.07935,-0.99756,-0.23462,1.02784,0.00304,0.00073,0
12568.194,0.08545,-0.99902,-0.23730,1.03037,0.00253,0.00071,0
12569.650,0.07935,-0.99683,-0.23828,1.02798,0.00239,0.00071,0
12571.108,0.08179,-1.00024,-0.22852,1.02927,0.00129,0.00071,0
12572.566,0.08276,-0.99268,-0.24243,1.02520,0.00407,0.00072,0
12574.023,0.07861,-0.99121,-0.24341,1.02368,0.00151,0.00071,0
12575.483,0.07886,-0.99780,-0.24023,1.02934,0.00566,0.00074,0
12576.945,0.08032,-0.99365,-0.24585,1.02676,0.00258,0.00073,0
12578.402,0.08374,-0.99536,-0.24414,1.02828,0.00152,0.00067,0
12579.861,0.07959,-1.00122,-0.25122,1.03532,0.00704,0.00069,0
12581.319,0.08398,-1.00073,-0.24463,1.03362,0.00170,0.00069,0
12582.788,0.07886,-0.99365,-0.24292,1.02595,0.00767,0.00075,0
12584.248,0.07690,-0.99927,-0.24438,1.03159,0.00564,0.00073,0
12585.703,0.07617,-1.00024,-0.24243,1.03202,0.00043,0.00073,0
12587.159,0.08203,-1.00293,-0.23853,1.03416,0.00214,0.00070,0
12588.627,0.07812,-0.99316,-0.23926,1.02456,0.00960,0.00077,0
12590.086,0.07812,-1.00000,-0.23682,1.03062,0.00606,0.00069,0
12591.545,0.07739,-0.99341,-0.23975,1.02485,0.00577,0.00069,0
12593.033,0.07812,-0.99683,-0.24072,1.02845,0.00360,0.00070,0
12594.492,0.08179,-0.99927,-0.24512,1.03214,0.00369,0.00068,0
12595.951,0.08179,-0.99829,-0.23926,1.02981,0.00232,0.00064,0
12597.409,0.08228,-0.99854,-0.23853,1.02992,0.00011,0.00064,0
12598.871,0.08301,-0.99683,-0.24341,1.02947,0.00045,0.00060,0
12600.313,0.08301,-0.99585,-0.24048,1.02783,0.00163,0.00044,0
12601.771,0.08252,-0.99390,-0.24219,1.02630,0.00153,0.00043,0
12603.230,0.07910,-0.99805,-0.24341,1.03034,0.00404,0.00044,0
12604.686,0.08545,-0.99194,-0.23975,1.02408,0.00626,0.00047,0
12606.144,0.08911,-0.99829,-0.24365,1.03145,0.00738,0.00052,0
12607.602,0.08032,-0.99390,-0.24072,1.02578,0.00567,0.00055,0
12609.070,0.08203,-0.99512,-0.25342,1.03015,0.00437,0.00055,0
12610.544,0.07935,-0.99243,-0.23950,1.02400,0.00615,0.00059,0
12611.993,0.08057,-0.99780,-0.23975,1.02936,0.00536,0.00058,0
12613.452,0.08228,-0.99731,-0.23975,1.02902,0.00034,0.00058,0
12614.909,0.08447,-0.99756,-0.23975,1.02944,0.00041,0.00058,0
12616.364,0.07886,-0.99487,-0.24292,1.02713,0.00230,0.00053,0
12617.821,0.07764,-0.99707,-0.24536,1.02975,0.00261,0.00053,0
12619.279,0.07886,-0.99463,-0.24194,1.02667,0.00308,0.00049,0
12620.810,0.07788,-0.99561,-0.23755,1.02651,0.00015,0.00045,0
12622.264,0.07788,-0.99585,-0.24170,1.02772,0.00120,0.00046,0
12623.718,0.07739,-0.99536,-0.23999,1.02681,0.00091,0.00045,0
12625.170,0.07617,-0.99634,-0.23975,1.02760,0.00080,0.00036,0
12626.640,0.08008,-1.00000,-0.23438,1.03022,0.00261,0.00033,0
12628.111,0.08398,-0.99268,-0.24365,1.02559,0.00463,0.00032,0
12629.572,0.08545,-0.99243,-0.24243,1.02518,0.00040,0.00031,0
12631.035,0.08203,-0.99463,-0.24072,1.02663,0.00145,0.00029,0
12632.492,0.07861,-0.99854,-0.23999,1.02997,0.00335,0.00030,0
12633.960,0.08228,-0.99609,-0.23755,1.02733,0.00265,0.00031,0
12635.417,0.07886,-1.00122,-0.24023,1.03265,0.00533,0.00033,0
12636.873,0.08154,-0.99878,-0.23975,1.03038,0.00227,0.00034,0
12638.328,0.08228,-0.99731,-0.24683,1.03069,0.00031,0.00033,0
12639.786,0.08105,-0.99585,-0.23877,1.02728,0.00342,0.00033,0
12641.245,0.07666,-0.99609,-0.24805,1.02937,0.00210,0.00030,0
12642.705,0.08008,-0.99780,-0.24536,1.03064,0.00127,0.00024,0
12644.160,0.08325,-0.99487,-0.24292,1.02748,0.00316,0.00022,0
12645.618,0.08301,-0.99756,-0.24634,1.03087,0.00339,0.00021,0
12647.042,0.08325,-0.99683,-0.23975,1.02863,0.00225,0.00018,0
12648.509,0.08105,-0.99292,-0.23901,1.02449,0.00413,0.00017,0
12649.973,0.08008,-0.99536,-0.23730,1.02639,0.00189,0.00017,0
12651.429,0.08203,-0.99927,-0.23706,1.03027,0.00389,0.00019,0
12652.882,0.08081,-0.99585,-0.24365,1.02840,0.00187,0.00019,0
12654.337,0.08081,-0.99536,-0.24121,1.02735,0.00105,0.00018,0
12655.796,0.07910,-0.99512,-0.23877,1.02641,0.00094,0.00017,0
12657.263,0.07593,-1.00122,-0.23511,1.03125,0.00484,0.00019,0
12658.724,0.08179,-0.99438,-0.24219,1.02672,0.00454,0.00021,0
12660.179,0.07861,-0.99707,-0.24146,1.02890,0.00218,0.00022,0
12661.638,0.08252,-0.99683,-0.23901,1.02840,0.00050,0.00022,0
12663.096,0.07935,-0.99585,-0.25024,1.02987,0.00147,0.00021,0
12664.552,0.07886,-0.99536,-0.25391,1.03026,0.00039,0.00019,0
12666.010,0.07935,-0.99463,-0.24341,1.02705,0.00321,0.00020,0
12667.468,0.07739,-1.00122,-0.24097,1.03271,0.00566,0.00023,0
12668.925,0.07861,-0.99780,-0.23657,1.02847,0.00424,0.00024,0
12670.382,0.08179,-0.99536,-0.23706,1.02647,0.00201,0.00023,0
12671.841,0.08398,-0.99731,-0.24731,1.03095,0.00448,0.00023,0
12673.299,0.08057,-0.99878,-0.24194,1.03082,0.00013,0.00022,0
12674.757,0.07837,-0.99219,-0.24268,1.02444,0.00638,0.00026,0
12676.214,0.08398,-0.99414,-0.23950,1.02603,0.00159,0.00025,0
12677.686,0.07593,-0.99487,-0.23706,1.02554,0.00048,0.00025,0
12679.143,0.08105,-0.99634,-0.24536,1.02930,0.00376,0.00026,0
12680.606,0.08667,-0.99731,-0.24341,1.03024,0.00094,0.00025,0
12682.067,0.08447,-0.99316,-0.24219,1.02575,0.00449,0.00026,0
12683.537,0.07861,-0.99121,-0.24512,1.02409,0.00166,0.00026,0
12684.998,0.07861,-0.99512,-0.24048,1.02678,0.00268,0.00025,0
12686.456,0.08301,-0.99512,-0.24194,1.02747,0.00069,0.00025,0
12687.933,0.08887,-0.99414,-0.23486,1.02537,0.00210,0.00023,0
12689.388,0.08008,-0.99854,-0.23486,1.02891,0.00354,0.00024,0
12690.846,0.07642,-0.99243,-0.22412,1.02029,0.00862,0.00032,0
12692.303,0.08008,-0.99585,-0.23901,1.02726,0.00697,0.00036,0
12693.763,0.07983,-1.00317,-0.24023,1.03462,0.00737,0.00040,0
12695.232,0.08594,-0.99536,-0.24365,1.02835,0.00628,0.00041,0
12696.689,0.07910,-0.99243,-0.23755,1.02353,0.00482,0.00043,0
12698.146,0.08179,-0.99487,-0.24121,1.02696,0.00343,0.00044,0
12699.604,0.08350,-1.00098,-0.24048,1.03284,0.00588,0.00048,0
12701.061,0.07861,-0.99976,-0.23633,1.03031,0.00253,0.00048,0
12702.519,0.07544,-0.99829,-0.24121,1.02979,0.00053,0.00047,0
12703.976,0.08179,-0.99780,-0.23682,1.02878,0.00101,0.00044,0
12705.436,0.08057,-0.99951,-0.24292,1.03176,0.00298,0.00043,0
12706.894,0.07886,-0.99341,-0.24097,1.02525,0.00651,0.00047,0
12708.351,0.07837,-1.00122,-0.24902,1.03470,0.00944,0.00054,0
12709.808,0.07227,-1.00024,-0.24365,1.03203,0.00267,0.00055,0
12711.270,0.07935,-0.99634,-0.22974,1.02556,0.00647,0.00055,0
12712.726,0.07983,-0.99756,-0.23999,1.02912,0.00357,0.00056,0
12714.184,0.08008,-0.99731,-0.24927,1.03111,0.00199,0.00056,0
12715.643,0.08325,-1.00122,-0.24414,1.03391,0.00281,0.00056,0
12717.181,0.08081,-0.99780,-0.24097,1.02966,0.00425,0.00057,0
12718.638,0.08130,-0.99658,-0.23706,1.02761,0.00205,0.00056,0
12720.112,0.08521,-1.00146,-0.23608,1.03244,0.00483,0.00058,0
12721.569,0.08521,-1.00488,-0.23926,1.03648,0.00404,0.00059,0
12723.027,0.07251,-0.99561,-0.23975,1.02663,0.00985,0.00068,0
12724.483,0.08081,-1.00098,-0.24390,1.03343,0.00680,0.00073,0
12725.941,0.08276,-1.00000,-0.23779,1.03121,0.00222,0.00072,0
12727.399,0.08252,-0.99683,-0.23657,1.02783,0.00338,0.00065,0
12728.855,0.07690,-0.99731,-0.24487,1.02981,0.00198,0.00061,0
12730.312,0.07910,-0.99536,-0.24487,1.02809,0.00172,0.00056,0
12731.779,0.07959,-1.00391,-0.23926,1.03509,0.00700,0.00057,0
12733.237,0.07935,-1.00000,-0.24097,1.03168,0.00341,0.00056,0
12734.710,0.07495,-0.99878,-0.23901,1.02971,0.00197,0.00055,0
12736.168,0.08374,-0.99512,-0.23462,1.02582,0.00389,0.00053,0
12737.625,0.08374,-0.99756,-0.23730,1.02881,0.00298,0.00053,0
12739.084,0.08057,-0.99878,-0.23706,1.02968,0.00087,0.00053,0
12740.539,0.07983,-0.99316,-0.24243,1.02544,0.00425,0.00055,0
12741.996,0.08057,-0.99243,-0.23877,1.02392,0.00151,0.00054,0
12743.461,0.08228,-0.99487,-0.24512,1.02792,0.00400,0.00052,0
12744.917,0.07715,-0.99585,-0.24170,1.02766,0.00026,0.00043,0
12746.375,0.07959,-0.99756,-0.24170,1.02950,0.00184,0.00042,0
12747.833,0.07886,-1.00269,-0.23413,1.03267,0.00317,0.00039,0
12749.305,0.07495,-0.99780,-0.23779,1.02848,0.00419,0.00040,0
12750.762,0.08130,-0.99438,-0.23926,1.02599,0.00249,0.00040,0
12752.217,0.07593,-0.99536,-0.22925,1.02424,0.00175,0.00039,0
12753.675,0.08154,-0.99756,-0.23511,1.02813,0.00389,0.00039,0
12755.141,0.08350,-0.99365,-0.24048,1.02574,0.00239,0.00039,0
12756.601,0.08008,-0.99341,-0.24072,1.02529,0.00045,0.00037,0
12758.059,0.08447,-0.99487,-0.23120,1.02487,0.00042,0.00035,0
12759.517,0.07886,-0.99438,-0.23853,1.02563,0.00076,0.00026,0
12760.973,0.07959,-0.99805,-0.23901,1.02935,0.00372,0.00022,0
12762.432,0.08130,-0.99951,-0.24146,1.03147,0.00212,0.00022,0
12763.853,0.08228,-1.00342,-0.23901,1.03477,0.00330,0.00022,0
12765.311,0.07861,-0.99316,-0.24243,1.02534,0.00942,0.00031,0
12766.769,0.07983,-1.00098,-0.23901,1.03221,0.00687,0.00035,0
12768.224,0.08105,-0.99780,-0.24268,1.03008,0.00213,0.00031,0
12769.683,0.07886,-0.99268,-0.23755,1.02374,0.00634,0.00034,0
12771.141,0.07861,-0.99951,-0.24902,1.03306,0.00932,0.00042,0
12772.592,0.07910,-0.99707,-0.23877,1.02831,0.00475,0.00043,0
12774.046,0.07617,-0.99146,-0.24219,1.02345,0.00486,0.00044,0
12775.508,0.07593,-0.99219,-0.24756,1.02542,0.00197,0.00045,0
12776.966,0.08325,-0.99756,-0.24585,1.03077,0.00535,0.00046,0
12778.424,0.08228,-0.99585,-0.24316,1.02840,0.00237,0.00046,0
12779.880,0.08105,-0.99536,-0.24097,1.02732,0.00109,0.00044,0
12781.338,0.07910,-0.99390,-0.23291,1.02388,0.00343,0.00046,0
12782.797,0.08350,-0.99780,-0.23779,1.02914,0.00526,0.00048,0
12784.257,0.07642,-0.99438,-0.23340,1.02426,0.00488,0.00049,0
12785.718,0.08032,-0.99561,-0.23364,1.02580,0.00154,0.00048,0
12787.179,0.07812,-0.99634,-0.23999,1.02781,0.00200,0.00048,0
12788.633,0.08325,-0.99023,-0.23120,1.02027,0.00754,0.00053,0
12790.091,0.08008,-0.99756,-0.23950,1.02903,0.00876,0.00059,0
12791.547,0.07959,-1.00317,-0.24048,1.03466,0.00563,0.00062,0
12793.004,0.07886,-0.99438,-0.24731,1.02771,0.00695,0.00067,0
12794.461,0.07666,-0.99243,-0.23755,1.02334,0.00437,0.00069,0
12795.918,0.07910,-0.99585,-0.24170,1.02781,0.00447,0.00070,0
12797.375,0.08057,-0.99756,-0.24097,1.02941,0.00160,0.00069,0
12798.837,0.08008,-0.99731,-0.24146,1.02925,0.00016,0.00069,0
12800.291,0.07959,-0.99048,-0.23730,1.02161,0.00763,0.00074,0
12801.764,0.08643,-0.99365,-0.24512,1.02708,0.00547,0.00068,0
12803.247,0.08472,-0.99487,-0.24634,1.02841,0.00133,0.00063,0
12804.708,0.08057,-1.00024,-0.24243,1.03235,0.00394,0.00064,0
12806.165,0.08203,-0.99365,-0.24536,1.02678,0.00557,0.00063,0
12807.623,0.07788,-0.99561,-0.23828,1.02668,0.00010,0.00055,0
12809.095,0.07935,-0.99731,-0.24219,1.02936,0.00268,0.00053,0
12810.531,0.08130,-0.99316,-0.24487,1.02613,0.00323,0.00052,0
12811.987,0.08203,-0.99878,-0.24438,1.03151,0.00538,0.00054,0
12813.523,0.07642,-0.99805,-0.24121,1.02962,0.00189,0.00052,0
12814.980,0.07642,-0.99634,-0.24561,1.02900,0.00062,0.00051,0
12816.437,0.07520,-0.99487,-0.24463,1.02726,0.00174,0.00051,0
12817.895,0.07886,-0.99902,-0.23779,1.02996,0.00269,0.00051,0
12819.353,0.08203,-1.00293,-0.23950,1.03439,0.00443,0.00050,0
12820.810,0.08130,-0.99390,-0.24585,1.02707,0.00731,0.00053,0
12822.267,0.08008,-0.99780,-0.23706,1.02870,0.00162,0.00053,0
12823.725,0.08105,-0.99536,-0.24512,1.02830,0.00040,0.00053,0
12825.189,0.07544,-1.00146,-0.24463,1.03367,0.00537,0.00050,0
12826.663,0.08447,-0.99390,-0.23975,1.02589,0.00778,0.00048,0
12828.122,0.08398,-0.99756,-0.23901,1.02922,0.00334,0.00046,0
12829.580,0.07935,-0.99976,-0.23706,1.03054,0.00131,0.00042,0
12831.038,0.07983,-0.99341,-0.23022,1.02286,0.00768,0.00046,0
12832.495,0.08154,-0.99292,-0.23682,1.02402,0.00116,0.00044,0
12833.954,0.08032,-0.99902,-0.23975,1.03052,0.00650,0.00048,0
12835.411,0.08032,-0.99609,-0.24268,1.02837,0.00215,0.00048,0
12836.868,0.07690,-0.99780,-0.25342,1.03235,0.00398,0.00044,0
12838.326,0.07520,-1.00073,-0.23926,1.03168,0.00067,0.00041,0
12839.795,0.07935,-1.00024,-0.23413,1.03034,0.00134,0.00041,0
12841.253,0.07910,-0.99805,-0.24121,1.02982,0.00052,0.00040,0
12842.712,0.07886,-0.99390,-0.23535,1.02442,0.00540,0.00039,0
12844.168,0.07812,-0.99878,-0.24414,1.03115,0.00673,0.00044,0
12845.625,0.07690,-0.99707,-0.24927,1.03063,0.00052,0.00043,0
12847.083,0.07764,-1.00024,-0.24707,1.03323,0.00260,0.00043,0
12848.539,0.08057,-0.99731,-0.23486,1.02776,0.00547,0.00043,0
12849.997,0.07739,-0.99536,-0.23145,1.02484,0.00292,0.00043,0
12851.455,0.07935,-0.99658,-0.23901,1.02791,0.00307,0.00044,0
12852.911,0.08203,-0.99780,-0.24512,1.03074,0.00283,0.00045,0
12854.368,0.08325,-0.99805,-0.23291,1.02824,0.00250,0.00045,0
12855.827,0.08105,-0.99438,-0.23828,1.02574,0.00250,0.00043,0
12857.292,0.08350,-0.99609,-0.24561,1.02932,0.00358,0.00039,0
12858.748,0.07861,-1.00073,-0.24829,1.03407,0.00475,0.00041,0
12860.203,0.07715,-0.99561,-0.24658,1.02858,0.00548,0.00044,0
12861.661,0.07812,-0.99829,-0.23926,1.02953,0.00095,0.00042,0
12863.119,0.08057,-1.00000,-0.23853,1.03121,0.00168,0.00036,0
12864.576,0.08252,-0.99731,-0.23999,1.02910,0.00211,0.00035,0
12866.034,0.08496,-0.99756,-0.23779,1.02902,0.00007,0.00035,0
12867.492,0.08545,-0.99585,-0.22827,1.02524,0.00378,0.00030,0
12868.909,0.07861,-0.99829,-0.22729,1.02685,0.00161,0.00031,0
12870.367,0.07764,-0.99829,-0.23804,1.02921,0.00236,0.00027,0
12871.824,0.08276,-0.99048,-0.23486,1.02130,0.00791,0.00033,0
12873.281,0.07642,-1.00024,-0.23975,1.03141,0.01011,0.00041,0
12874.751,0.07886,-1.00195,-0.24072,1.03348,0.00207,0.00042,0
12876.209,0.07373,-0.99683,-0.23608,1.02705,0.00643,0.00046,0
12877.666,0.07617,-1.00073,-0.24097,1.03215,0.00510,0.00048,0
12879.123,0.07373,-0.99731,-0.25244,1.03141,0.00074,0.00045,0
12880.582,0.07861,-0.99707,-0.25122,1.03123,0.00017,0.00041,0
12882.039,0.08154,-0.99414,-0.24097,1.02617,0.00506,0.00043,0
12883.504,0.07886,-0.99023,-0.23999,1.02195,0.00422,0.00044,0
12884.966,0.07935,-0.99219,-0.23315,1.02230,0.00035,0.00041,0
12886.423,0.07690,-0.99683,-0.24243,1.02876,0.00646,0.00045,0
12887.882,0.07495,-1.00146,-0.24976,1.03486,0.00609,0.00048,0
12889.340,0.07739,-0.99756,-0.24121,1.02922,0.00564,0.00050,0
12890.800,0.07910,-0.99487,-0.24072,1.02663,0.00259,0.00050,0
12892.258,0.07642,-0.99585,-0.24243,1.02778,0.00114,0.00050,0
12893.740,0.07666,-0.99951,-0.23853,1.03043,0.00266,0.00049,0
12895.198,0.08252,-1.00122,-0.23193,1.03104,0.00061,0.00047,0
12896.654,0.07812,-0.99731,-0.23413,1.02740,0.00364,0.00045,0
12898.112,0.08130,-0.99536,-0.23828,1.02671,0.00069,0.00045,0
12899.571,0.08179,-1.00195,-0.23901,1.03331,0.00660,0.00049,0
12901.027,0.08081,-0.99585,-0.24951,1.02981,0.00350,0.00050,0
12902.484,0.07812,-0.99731,-0.23853,1.02841,0.00139,0.00050,0
12903.975,0.08105,-0.99854,-0.24268,1.03079,0.00238,0.00049,0
12905.431,0.08154,-0.99536,-0.23242,1.02538,0.00541,0.00052,0
12906.889,0.08008,-0.99805,-0.24170,1.03001,0.00463,0.00053,0
12908.345,0.08276,-0.99976,-0.23706,1.03081,0.00079,0.00047,0
12909.887,0.07861,-1.00000,-0.24341,1.03220,0.00139,0.00037,0
12911.345,0.08032,-0.99658,-0.24487,1.02936,0.00283,0.00038,0
12912.801,0.07690,-0.99731,-0.24072,1.02883,0.00053,0.00033,0
12914.260,0.07715,-0.99707,-0.24438,1.02948,0.00064,0.00031,0
12915.708,0.07959,-0.99390,-0.24194,1.02601,0.00347,0.00032,0
12917.164,0.08423,-0.99561,-0.24268,1.02821,0.00220,0.00033,0
12918.628,0.08179,-0.99902,-0.23877,1.03041,0.00220,0.00030,0
12920.084,0.08032,-0.99292,-0.24854,1.02670,0.00371,0.00030,0
12921.543,0.08105,-0.99463,-0.24463,1.02747,0.00077,0.00030,0
12923.001,0.07642,-1.00317,-0.23389,1.03291,0.00544,0.00029,0
12924.481,0.07715,-0.99658,-0.23657,1.02718,0.00573,0.00028,0
12925.942,0.08350,-0.99805,-0.24951,1.03215,0.00497,0.00028,0
12927.382,0.08057,-0.99878,-0.24536,1.03163,0.00052,0.00027,0
12928.839,0.07812,-0.99463,-0.24097,1.02638,0.00525,0.00030,0
12930.296,0.07886,-0.99683,-0.23584,1.02738,0.00100,0.00029,0
12931.753,0.08154,-0.99878,-0.24194,1.03090,0.00352,0.00030,0
12933.210,0.07837,-0.99805,-0.23999,1.02948,0.00141,0.00029,0
12934.677,0.08154,-0.99512,-0.24634,1.02839,0.00109,0.00029,0
12936.131,0.07715,-0.99390,-0.23950,1.02525,0.00314,0.00026,0
12937.589,0.07837,-0.99561,-0.23730,1.02649,0.00124,0.00025,0
12939.050,0.08447,-0.99780,-0.23633,1.02888,0.00239,0.00025,0
12940.506,0.08521,-0.99951,-0.24048,1.03156,0.00268,0.00025,0
12941.964,0.08105,-0.99341,-0.23706,1.02451,0.00705,0.00027,0
12943.421,0.07812,-0.99609,-0.23730,1.02695,0.00243,0.00026,0
12944.878,0.07983,-0.99829,-0.23682,1.02910,0.00215,0.00026,0
12946.336,0.07935,-1.00122,-0.23755,1.03207,0.00297,0.00027,0
12947.821,0.08154,-0.99780,-0.23950,1.02938,0.00269,0.00027,0
12949.276,0.08081,-0.99805,-0.23877,1.02939,0.00001,0.00027,0
12950.739,0.07861,-0.99536,-0.23633,1.02605,0.00334,0.00028,0
12952.193,0.07520,-1.00195,-0.24097,1.03326,0.00721,0.00032,0
12953.651,0.07812,-0.99951,-0.24268,1.03151,0.00175,0.00032,0
12955.109,0.07812,-0.99390,-0.24756,1.02724,0.00427,0.00033,0
12956.564,0.08008,-0.99634,-0.25146,1.03070,0.00346,0.00033,0
12958.031,0.08496,-0.99683,-0.23584,1.02786,0.00283,0.00034,0
12959.488,0.08130,-0.99756,-0.24268,1.02987,0.00200,0.00031,0
12960.944,0.08325,-0.99536,-0.23877,1.02698,0.00289,0.00029,0
12962.404,0.08301,-0.98926,-0.23828,1.02093,0.00605,0.00030,0
12963.861,0.07983,-0.99463,-0.24048,1.02640,0.00547,0.00033,0
12965.321,0.08008,-0.99683,-0.24146,1.02877,0.00238,0.00031,0
12966.776,0.07910,-0.99463,-0.24146,1.02657,0.00220,0.00031,0
12968.232,0.07642,-0.99487,-0.23560,1.02524,0.00133,0.00030,0
12969.689,0.08081,-0.99683,-0.23999,1.02849,0.00325,0.00031,0
12971.145,0.08057,-0.99976,-0.24878,1.03339,0.00490,0.00033,0
12972.602,0.07422,-0.99951,-0.24194,1.03105,0.00234,0.00033,0
12974.062,0.08398,-0.99219,-0.23364,1.02278,0.00827,0.00039,0
12975.519,0.08203,-0.99438,-0.23877,1.02593,0.00315,0.00040,0
12976.976,0.08057,-1.00610,-0.23975,1.03741,0.01147,0.00052,0
12978.432,0.08716,-0.99829,-0.23950,1.03031,0.00710,0.00052,0
12979.889,0.08008,-0.99561,-0.24146,1.02759,0.00272,0.00052,0
12981.349,0.08105,-0.99438,-0.23389,1.02473,0.00286,0.00053,0
12982.804,0.08032,-0.99316,-0.24634,1.02641,0.00167,0.00052,0
12984.271,0.08105,-0.99121,-0.24805,1.02499,0.00142,0.00052,0
12985.740,0.07764,-1.00098,-0.24585,1.03365,0.00866,0.00059,0
12987.198,0.07520,-0.99658,-0.23999,1.02783,0.00582,0.00061,0
12988.655,0.07544,-0.99756,-0.24780,1.03064,0.00282,0.00057,0
12990.112,0.07397,-0.99463,-0.24414,1.02682,0.00382,0.00058,0
12991.570,0.07886,-0.99878,-0.24854,1.03225,0.00543,0.00059,0
12993.027,0.08423,-0.99268,-0.24512,1.02595,0.00630,0.00062,0
12994.483,0.07910,-0.99341,-0.24414,1.02602,0.00007,0.00061,0
12995.942,0.07837,-0.99585,-0.24219,1.02787,0.00185,0.00061,0
12997.402,0.07886,-0.99731,-0.24316,1.02955,0.00169,0.00061,0
12998.860,0.08081,-0.99976,-0.24316,1.03207,0.00252,0.00058,0
13000.318,0.08252,-0.99609,-0.23901,1.02769,0.00438,0.00057,0
13001.790,0.08545,-1.00073,-0.24072,1.03282,0.00513,0.00059,0
13003.273,0.08618,-0.98950,-0.24414,1.02281,0.01001,0.00068,0
13004.730,0.08594,-0.99365,-0.24365,1.02669,0.00388,0.00069,0
13006.258,0.07666,-0.99438,-0.24634,1.02731,0.00062,0.00068,0
13007.719,0.07495,-0.99316,-0.23633,1.02364,0.00366,0.00067,0
13009.176,0.07153,-0.99292,-0.24243,1.02459,0.00095,0.00067,0
13010.636,0.07690,-0.99805,-0.24927,1.03157,0.00699,0.00065,0
13012.110,0.08057,-0.99878,-0.24121,1.03065,0.00093,0.00064,0
13013.568,0.08301,-0.99585,-0.24585,1.02910,0.00155,0.00051,0
13015.027,0.07935,-1.00269,-0.24707,1.03572,0.00662,0.00050,0
13016.505,0.07520,-0.99585,-0.24268,1.02775,0.00797,0.00056,0
13017.963,0.08276,-0.99658,-0.23877,1.02812,0.00038,0.00055,0
13019.436,0.07886,-0.99316,-0.23193,1.02293,0.00519,0.00058,0
13020.892,0.08545,-0.99927,-0.23584,1.03027,0.00734,0.00063,0
13022.356,0.08179,-0.99536,-0.23779,1.02663,0.00364,0.00057,0
13023.823,0.07642,-0.99658,-0.24023,1.02797,0.00134,0.00054,0
13025.278,0.07959,-0.99976,-0.23511,1.03011,0.00214,0.00053,0
13026.738,0.07983,-0.99829,-0.24170,1.03023,0.00012,0.00052,0
13028.173,0.07715,-0.99487,-0.24219,1.02683,0.00340,0.00050,0
13029.631,0.08252,-0.99121,-0.23877,1.02290,0.00393,0.00048,0
13031.089,0.08032,-0.99731,-0.24487,1.03007,0.00718,0.00053,0
13032.545,0.07837,-0.99536,-0.24731,1.02862,0.00146,0.00053,0
13034.004,0.07788,-0.99902,-0.24316,1.03114,0.00252,0.00053,0
13035.461,0.08081,-0.99561,-0.24170,1.02771,0.00343,0.00053,0
13036.919,0.07642,-0.99487,-0.24048,1.02637,0.00133,0.00052,0
13038.376,0.07788,-0.99658,-0.23804,1.02757,0.00120,0.00049,0
13039.837,0.08105,-0.99048,-0.24609,1.02381,0.00376,0.00041,0
13041.295,0.08081,-0.99756,-0.24585,1.03058,0.00677,0.00044,0
13042.755,0.07910,-0.99658,-0.24097,1.02835,0.00223,0.00044,0
13044.210,0.08301,-0.99365,-0.23145,1.02362,0.00472,0.00045,0
13045.667,0.08447,-0.99805,-0.24634,1.03146,0.00784,0.00051,0
13047.124,0.07690,-0.99585,-0.24976,1.02957,0.00190,0.00047,0
13048.580,0.08252,-0.99585,-0.24658,1.02924,0.00033,0.00046,0
13050.038,0.08350,-0.99390,-0.23926,1.02569,0.00354,0.00048,0
13051.497,0.08643,-0.99414,-0.24414,1.02732,0.00163,0.00043,0
13052.954,0.08447,-0.99658,-0.24951,1.03081,0.00349,0.00038,0
13054.411,0.07959,-0.99902,-0.22949,1.02813,0.00268,0.00039,0
13055.868,0.08057,-1.00000,-0.23145,1.02959,0.00146,0.00036,0
13057.327,0.08154,-0.99805,-0.24951,1.03199,0.00240,0.00032,0
13058.785,0.08447,-1.00366,-0.25073,1.03795,0.00596,0.00034,0
13060.240,0.08472,-0.99951,-0.24731,1.03313,0.00482,0.00036,0
13061.697,0.07910,-0.99902,-0.23926,1.03032,0.00282,0.00036,0
13063.157,0.08105,-0.99585,-0.23950,1.02745,0.00287,0.00037,0
13064.613,0.08496,-0.99683,-0.24219,1.02934,0.00189,0.00036,0
13066.071,0.08350,-0.98828,-0.23901,1.02020,0.00914,0.00043,0
13067.529,0.07690,-0.99487,-0.24438,1.02733,0.00714,0.00043,0
13068.987,0.07935,-1.00171,-0.24512,1.03431,0.00698,0.00048,0
13070.445,0.07886,-0.99902,-0.24561,1.03179,0.00252,0.00048,0
13071.901,0.08081,-0.99829,-0.23560,1.02889,0.00290,0.00047,0
13073.358,0.08203,-0.99072,-0.23926,1.02250,0.00639,0.00051,0
13074.819,0.08057,-0.99219,-0.22974,1.02162,0.00088,0.00051,0
13076.275,0.07910,-0.99463,-0.23926,1.02605,0.00444,0.00052,0
13077.742,0.07959,-0.99390,-0.24707,1.02723,0.00118,0.00047,0
13079.200,0.07910,-0.99023,-0.24414,1.02295,0.00428,0.00049,0
13080.656,0.08008,-0.99341,-0.24854,1.02715,0.00420,0.00048,0
13082.114,0.07764,-0.99536,-0.24097,1.02705,0.00010,0.00042,0
13083.571,0.08350,-0.99951,-0.23633,1.03046,0.00341,0.00043,0
13085.037,0.07983,-1.00317,-0.24268,1.03519,0.00473,0.00045,0
13086.503,0.07837,-0.99585,-0.24780,1.02921,0.00599,0.00047,0
13087.987,0.08057,-0.99976,-0.23877,1.03103,0.00182,0.00048,0
13089.443,0.08130,-0.99976,-0.24902,1.03351,0.00248,0.00047,0
13090.901,0.07959,-0.99927,-0.24731,1.03249,0.00102,0.00046,0
13092.357,0.07837,-0.99438,-0.25317,1.02910,0.00339,0.00047,0
13093.815,0.07617,-0.99756,-0.24243,1.02942,0.00032,0.00047,0
13095.287,0.07812,-0.99756,-0.23608,1.02809,0.00133,0.00043,0
13096.744,0.08105,-0.99951,-0.24341,1.03191,0.00382,0.00042,0
13098.197,0.08276,-0.99976,-0.23999,1.03148,0.00043,0.00042,0
13099.655,0.07935,-1.00024,-0.24927,1.03389,0.00240,0.00041,0
13101.113,0.08008,-1.00073,-0.24365,1.03308,0.00081,0.00041,0
13102.660,0.08228,-0.99585,-0.24048,1.02777,0.00530,0.00036,0
13104.120,0.07788,-0.99878,-0.24512,1.03136,0.00359,0.00032,0
13105.580,0.07983,-0.99756,-0.24316,1.02987,0.00150,0.00027,0
13107.039,0.07715,-0.99683,-0.23901,1.02798,0.00189,0.00027,0
13108.501,0.07446,-0.99048,-0.23730,1.02123,0.00675,0.00031,0
13109.963,0.07471,-0.99170,-0.24634,1.02456,0.00334,0.00028,0
13111.421,0.08081,-0.99854,-0.24390,1.03106,0.00650,0.00032,0
13112.878,0.07812,-0.99829,-0.24805,1.03161,0.00055,0.00030,0
13114.335,0.08301,-0.99829,-0.24170,1.03048,0.00113,0.00030,0
13115.795,0.08154,-0.99731,-0.23706,1.02834,0.00214,0.00028,0
13117.254,0.08447,-0.99707,-0.24072,1.02919,0.00085,0.00027,0
13118.714,0.07788,-1.00366,-0.24438,1.03592,0.00673,0.00031,0
13120.169,0.07812,-0.99731,-0.24536,1.03002,0.00590,0.00034,0
13121.626,0.08569,-0.99390,-0.24609,1.02749,0.00253,0.00032,0
13123.083,0.08105,-0.99585,-0.24146,1.02790,0.00041,0.00028,0
13124.535,0.07739,-0.99561,-0.24194,1.02750,0.00040,0.00028,0
13125.991,0.07617,-0.99438,-0.24170,1.02617,0.00133,0.00028,0
13127.449,0.08691,-0.99707,-0.23999,1.02922,0.00305,0.00029,0
13128.908,0.08228,-0.99536,-0.24390,1.02810,0.00112,0.00027,0
13130.366,0.07568,-0.99585,-0.25122,1.02983,0.00173,0.00028,0
13131.823,0.08130,-0.99512,-0.24683,1.02849,0.00134,0.00028,0
13133.279,0.08105,-0.99829,-0.23682,1.02919,0.00070,0.00026,0
13134.737,0.07812,-1.00122,-0.23926,1.03237,0.00318,0.00027,0
13136.194,0.08008,-0.99805,-0.24268,1.03024,0.00213,0.00027,0
13137.651,0.07886,-1.00171,-0.24854,1.03509,0.00485,0.00030,0
13139.109,0.07739,-0.99585,-0.24878,1.02937,0.00572,0.00030,0
13140.569,0.07422,-1.00024,-0.24072,1.03148,0.00211,0.00029,0
13142.026,0.07300,-0.99414,-0.24438,1.02634,0.00514,0.00032,0
13143.484,0.07520,-0.99585,-0.23950,1.02700,0.00066,0.00031,0
13144.940,0.08325,-0.99805,-0.23657,1.02907,0.00207,0.00027,0
13146.397,0.07690,-0.99609,-0.24097,1.02771,0.00137,0.00026,0
13147.872,0.07397,-0.99268,-0.24756,1.02575,0.00196,0.00022,0
13149.336,0.08301,-0.99756,-0.24463,1.03046,0.00471,0.00025,0
13150.796,0.08960,-0.99634,-0.24048,1.02886,0.00161,0.00025,0
13152.255,0.08252,-1.00098,-0.24243,1.03322,0.00436,0.00026,0
13153.711,0.08008,-1.00171,-0.23584,1.03221,0.00101,0.00026,0
13155.169,0.07544,-1.00024,-0.23999,1.03139,0.00081,0.00022,0
13156.624,0.07324,-1.00244,-0.24268,1.03399,0.00260,0.00019,0
13158.081,0.07471,-0.99512,-0.23926,1.02620,0.00780,0.00024,0
13159.540,0.08105,-0.99707,-0.24072,1.02892,0.00272,0.00025,0
13160.996,0.07837,-0.99658,-0.23486,1.02688,0.00204,0.00025,0
13162.454,0.08105,-0.99316,-0.24146,1.02530,0.00158,0.00026,0
13163.914,0.07666,-0.99487,-0.23901,1.02605,0.00075,0.00025,0
13165.371,0.07690,-1.00146,-0.24512,1.03389,0.00784,0.00031,0
13166.828,0.07910,-0.99707,-0.23853,1.02825,0.00564,0.00034,0
13168.284,0.07642,-0.99414,-0.24341,1.02635,0.00190,0.00034,0
13169.741,0.07715,-0.99561,-0.24243,1.02760,0.00124,0.00034,0
13171.199,0.07739,-0.99878,-0.24512,1.03133,0.00373,0.00034,0
13172.654,0.08618,-0.99878,-0.24219,1.03133,0.00000,0.00034,0
13174.111,0.07812,-0.99438,-0.24707,1.02759,0.00374,0.00033,0
13175.573,0.08057,-1.00000,-0.24097,1.03177,0.00418,0.00031,0
13177.031,0.07227,-0.99609,-0.24390,1.02806,0.00371,0.00032,0
13178.489,0.08008,-0.99097,-0.24170,1.02315,0.00491,0.00032,0
13179.945,0.07739,-0.99463,-0.23706,1.02541,0.00226,0.00032,0
13181.402,0.07642,-0.99585,-0.24756,1.02900,0.00359,0.00033,0
13182.861,0.07935,-1.00000,-0.23755,1.03089,0.00189,0.00033,0
13184.321,0.07886,-0.99902,-0.23926,1.03030,0.00059,0.00033,0
13185.784,0.08032,-0.98730,-0.24072,1.01940,0.01090,0.00043,0
13187.282,0.07812,-0.99829,-0.24487,1.03085,0.01145,0.00056,0
13188.733,0.08276,-0.99634,-0.24097,1.02840,0.00245,0.00054,0
13190.190,0.08252,-0.99585,-0.24902,1.02982,0.00143,0.00054,0
13191.647,0.07812,-0.99634,-0.24097,1.02804,0.00179,0.00055,0
13193.109,0.07935,-0.99658,-0.23853,1.02780,0.00024,0.00054,0
13194.567,0.08154,-0.99097,-0.23462,1.02162,0.00618,0.00052,0
13196.024,0.07910,-0.99756,-0.24292,1.02975,0.00813,0.00058,0
13197.482,0.08105,-0.99902,-0.24365,1.03150,0.00174,0.00058,0
13199.014,0.08472,-0.99512,-0.23047,1.02496,0.00653,0.00062,0
13200.470,0.07837,-0.99634,-0.23877,1.02754,0.00258,0.00062,0
13201.927,0.06958,-0.99536,-0.24292,1.02694,0.00061,0.00056,0
13203.387,0.07324,-0.99316,-0.24414,1.02535,0.00158,0.00053,0
13204.844,0.07642,-0.99316,-0.24097,1.02483,0.00052,0.00053,0
13206.303,0.07910,-0.99634,-0.23755,1.02731,0.00248,0.00053,0
13207.761,0.07959,-0.99780,-0.23853,1.02900,0.00168,0.00052,0
13209.219,0.08350,-0.99707,-0.24072,1.02911,0.00011,0.00052,0
13210.677,0.07837,-0.98901,-0.24487,1.02189,0.00722,0.00056,0
13212.133,0.07935,-0.99072,-0.24365,1.02332,0.00144,0.00054,0
13213.591,0.08008,-0.99048,-0.23584,1.02131,0.00201,0.00053,0
13215.048,0.08203,-0.99707,-0.23999,1.02882,0.00751,0.00057,0
13216.535,0.07788,-0.99951,-0.24194,1.03132,0.00250,0.00057,0
13217.991,0.07959,-0.99487,-0.23462,1.02526,0.00606,0.00059,0
13219.459,0.07617,-0.99194,-0.23315,1.02182,0.00344,0.00060,0
13220.916,0.07886,-0.99243,-0.24487,1.02523,0.00341,0.00061,0
13222.373,0.07812,-0.99561,-0.24292,1.02779,0.00255,0.00050,0
13223.851,0.08154,-0.99365,-0.24097,1.02570,0.00209,0.00037,0
13225.310,0.07690,-0.99878,-0.24268,1.03071,0.00501,0.00039,0
13226.767,0.08472,-0.99292,-0.24072,1.02519,0.00552,0.00042,0
13228.223,0.08228,-0.99390,-0.24170,1.02617,0.00098,0.00042,0
13229.670,0.07642,-0.99487,-0.23755,1.02569,0.00048,0.00042,0
13231.126,0.07495,-1.00073,-0.24072,1.03200,0.00631,0.00042,0
13232.583,0.07861,-1.00073,-0.23975,1.03205,0.00005,0.00035,0
13234.049,0.08081,-0.99805,-0.24585,1.03105,0.00100,0.00035,0
13235.506,0.07642,-0.99609,-0.24585,1.02883,0.00223,0.00031,0
13236.963,0.07886,-0.99805,-0.23926,1.02935,0.00052,0.00031,0
13238.420,0.08179,-0.99731,-0.23535,1.02797,0.00138,0.00031,0
13239.879,0.07861,-0.99805,-0.24805,1.03141,0.00344,0.00032,0
13241.352,0.08057,-0.99585,-0.24268,1.02815,0.00326,0.00033,0
13242.811,0.07739,-0.99634,-0.23315,1.02618,0.00198,0.00033,0
13244.267,0.07910,-0.99902,-0.24097,1.03071,0.00454,0.00034,0
13245.724,0.08276,-0.99341,-0.24414,1.02631,0.00440,0.00036,0
13247.180,0.07910,-0.99121,-0.24609,1.02436,0.00195,0.00031,0
13248.637,0.07764,-0.99585,-0.23730,1.02667,0.00231,0.00032,0
13250.098,0.08032,-0.99390,-0.25000,1.02800,0.00133,0.00032,0
13251.557,0.07886,-0.99561,-0.24365,1.02802,0.00002,0.00026,0
13253.017,0.07886,-1.00244,-0.24829,1.03574,0.00772,0.00031,0
13254.473,0.07568,-0.99487,-0.24829,1.02818,0.00756,0.00033,0
13255.932,0.07739,-0.99707,-0.24121,1.02875,0.00057,0.00032,0
13257.395,0.07642,-0.99707,-0.24365,1.02925,0.00050,0.00031,0
13258.852,0.07446,-0.99390,-0.23218,1.02337,0.00588,0.00034,0
13260.308,0.08032,-0.99756,-0.24634,1.03066,0.00729,0.00039,0
13261.770,0.07568,-0.99878,-0.23901,1.02976,0.00089,0.00036,0
13263.227,0.07886,-0.99829,-0.23999,1.02976,0.00001,0.00033,0
13264.692,0.07349,-0.99780,-0.24146,1.02923,0.00053,0.00033,0
13266.149,0.08105,-0.99829,-0.24194,1.03038,0.00116,0.00033,0
13267.609,0.07959,-0.99951,-0.23926,1.03083,0.00044,0.00029,0
13269.065,0.08301,-0.99609,-0.24219,1.02847,0.00236,0.00030,0
13270.523,0.07812,-0.99561,-0.24487,1.02825,0.00022,0.00030,0
13271.981,0.08203,-0.99805,-0.24854,1.03179,0.00354,0.00031,0
13273.437,0.07983,-0.99487,-0.24707,1.02820,0.00360,0.00032,0
13274.896,0.07886,-0.99414,-0.24268,1.02637,0.00183,0.00032,0
13276.355,0.07837,-0.99341,-0.24146,1.02533,0.00103,0.00031,0
13277.812,0.08130,-0.99072,-0.24414,1.02359,0.00174,0.00030,0
13279.271,0.08203,-0.99805,-0.24707,1.03144,0.00785,0.00036,0
13280.727,0.07983,-0.99731,-0.24805,1.03079,0.00065,0.00034,0
13282.187,0.08057,-1.00415,-0.24048,1.03568,0.00489,0.00034,0
13283.644,0.08130,-0.99976,-0.25220,1.03428,0.00141,0.00034,0
13285.150,0.08032,-0.99683,-0.24878,1.03054,0.00374,0.00035,0
13286.622,0.08008,-0.99512,-0.24780,1.02863,0.00191,0.00035,0
13288.042,0.07642,-0.99487,-0.24902,1.02841,0.00022,0.00035,0
13289.499,0.07642,-0.99854,-0.23682,1.02907,0.00067,0.00029,0
13290.958,0.08301,-0.99585,-0.24194,1.02817,0.00090,0.00024,0
13292.413,0.07983,-0.99512,-0.23999,1.02676,0.00142,0.00024,0
13293.871,0.07910,-0.99951,-0.24048,1.03107,0.00432,0.00026,0
13295.400,0.08252,-0.99487,-0.24170,1.02713,0.00394,0.00024,0
13296.857,0.08228,-0.99438,-0.23389,1.02483,0.00230,0.00019,0
13298.316,0.08301,-0.99683,-0.24463,1.02976,0.00493,0.00021,0
13299.772,0.08179,-0.99512,-0.24048,1.02702,0.00273,0.00022,0
13301.230,0.07593,-0.99463,-0.23145,1.02402,0.00300,0.00023,0
13302.699,0.07886,-0.99561,-0.23999,1.02715,0.00313,0.00024,0
13304.154,0.08179,-0.99512,-0.23389,1.02550,0.00165,0.00024,0
13305.612,0.07739,-1.00049,-0.24829,1.03374,0.00824,0.00030,0
13307.070,0.08252,-0.99316,-0.24487,1.02623,0.00751,0.00036,0
13308.527,0.07642,-0.99658,-0.24219,1.02843,0.00220,0.00035,0
13309.987,0.07837,-0.99292,-0.23877,1.02423,0.00420,0.00036,0
13312.697,0.07983,-0.99634,-0.23950,1.02782,0.00360,0.00037,0
13314.199,0.07837,-0.99487,-0.23218,1.02461,0.00322,0.00037,0
13315.759,0.07397,-0.99658,-0.23633,1.02689,0.00228,0.00038,0
13317.277,0.08276,-0.99658,-0.23999,1.02841,0.00152,0.00032,0
13318.761,0.08350,-0.99243,-0.23926,1.02427,0.00413,0.00033,0
13320.227,0.07788,-0.99072,-0.23560,1.02132,0.00295,0.00032,0
13321.689,0.08081,-0.99756,-0.23535,1.02813,0.00680,0.00036,0
13323.150,0.08057,-0.99731,-0.24683,1.03056,0.00243,0.00036,0
13324.603,0.07715,-0.99854,-0.24292,1.03055,0.00001,0.00035,0
13326.061,0.07544,-0.99658,-0.24316,1.02859,0.00196,0.00036,0
13327.504,0.08057,-0.99902,-0.23901,1.03037,0.00178,0.00036,0
13328.956,0.08130,-0.99878,-0.24072,1.03059,0.00022,0.00036,0
13330.409,0.08130,-0.99463,-0.24707,1.02808,0.00251,0.00036,0
13331.861,0.08057,-0.99365,-0.24731,1.02713,0.00094,0.00034,0
13333.313,0.08130,-0.99731,-0.24292,1.02969,0.00256,0.00033,0
13334.769,0.08057,-1.00342,-0.24414,1.03583,0.00614,0.00037,0
13336.221,0.08008,-0.99243,-0.24658,1.02574,0.01009,0.00044,0
13337.680,0.07837,-0.99658,-0.24146,1.02841,0.00267,0.00044,0
13339.137,0.08350,-1.00293,-0.24634,1.03611,0.00770,0.00049,0
13340.590,0.07788,-0.99829,-0.25171,1.03248,0.00363,0.00050,0
13342.043,0.07983,-0.99829,-0.23950,1.02972,0.00276,0.00050,0
13343.496,0.07959,-0.99683,-0.24268,1.02902,0.00070,0.00044,0
13344.948,0.08228,-0.99731,-0.24487,1.03023,0.00120,0.00038,0
13346.403,0.07788,-1.00171,-0.23291,1.03137,0.00115,0.00038,0
13347.874,0.07788,-0.99438,-0.23511,1.02476,0.00661,0.00040,0
13349.324,0.07593,-0.99023,-0.23950,1.02161,0.00315,0.00040,0
13350.782,0.08008,-0.99585,-0.24023,1.02754,0.00593,0.00043,0
13352.234,0.07764,-0.99390,-0.24292,1.02609,0.00145,0.00042,0
13353.688,0.07886,-0.99194,-0.23877,1.02332,0.00277,0.00043,0
13355.142,0.08911,-0.99609,-0.23828,1.02807,0.00475,0.00043,0
13356.599,0.08569,-0.99561,-0.24365,1.02856,0.00050,0.00042,0
13358.058,0.08105,-0.99609,-0.24390,1.02872,0.00015,0.00038,0
13359.515,0.08447,-0.99194,-0.24268,1.02468,0.00403,0.00039,0
13360.973,0.08154,-0.99658,-0.23853,1.02797,0.00328,0.00040,0
13362.434,0.08276,-0.99951,-0.23950,1.03113,0.00316,0.00041,0
13363.892,0.08228,-0.99976,-0.23779,1.03093,0.00020,0.00040,0
13365.358,0.07739,-0.99536,-0.23535,1.02573,0.00520,0.00043,0
13366.813,0.07935,-0.99951,-0.24219,1.03149,0.00576,0.00046,0
13368.270,0.08667,-0.99292,-0.23828,1.02478,0.00671,0.00050,0
13369.728,0.08252,-0.99731,-0.23706,1.02842,0.00364,0.00051,0
13371.185,0.07520,-0.99707,-0.23975,1.02824,0.00018,0.00047,0
13372.642,0.07056,-0.99658,-0.23950,1.02738,0.00086,0.00037,0
13374.102,0.07886,-1.00073,-0.24072,1.03229,0.00491,0.00039,0
13375.562,0.07495,-1.00195,-0.23950,1.03290,0.00061,0.00033,0
13377.019,0.08301,-0.99756,-0.23169,1.02747,0.00543,0.00034,0
13378.497,0.08496,-0.99683,-0.23584,1.02786,0.00039,0.00034,0
13380.000,0.08130,-0.99780,-0.24097,1.02970,0.00184,0.00034,0
13381.506,0.07739,-0.99707,-0.24780,1.03031,0.00061,0.00034,0
13382.985,0.07837,-0.99463,-0.24683,1.02779,0.00252,0.00034,0
13384.483,0.08252,-0.99854,-0.24707,1.03195,0.00416,0.00032,0
13385.984,0.07764,-0.99121,-0.25244,1.02579,0.00616,0.00034,0
13387.500,0.08154,-0.99536,-0.24780,1.02898,0.00319,0.00032,0
13388.997,0.08105,-0.99243,-0.24292,1.02494,0.00404,0.00033,0
13390.485,0.08423,-0.99780,-0.23828,1.02931,0.00437,0.00034,0
13391.976,0.08569,-0.99512,-0.24634,1.02873,0.00058,0.00032,0
13393.562,0.07910,-0.99878,-0.24561,1.03157,0.00284,0.00033,0
13395.040,0.07642,-0.99585,-0.24048,1.02732,0.00425,0.00035,0
13396.497,0.07324,-0.99536,-0.23657,1.02571,0.00161,0.00033,0
13397.955,0.08545,-0.99365,-0.23901,1.02556,0.00015,0.00032,0
13399.413,0.07959,-0.99341,-0.23853,1.02474,0.00082,0.00031,0
13400.869,0.07666,-0.99805,-0.24707,1.03103,0.00629,0.00035,0
13402.326,0.07568,-0.99731,-0.24341,1.02937,0.00165,0.00033,0
13403.788,0.08594,-1.00098,-0.24292,1.03361,0.00424,0.00031,0
13405.246,0.08057,-0.99780,-0.24878,1.03150,0.00211,0.00027,0
13406.703,0.07837,-0.99976,-0.24316,1.03188,0.00038,0.00026,0
13408.160,0.07715,-0.99756,-0.23682,1.02818,0.00370,0.00027,0
13409.617,0.07812,-0.99854,-0.23706,1.02926,0.00108,0.00027,0
13411.076,0.08716,-0.99170,-0.23633,1.02319,0.00607,0.00029,0
13412.500,0.08374,-0.99121,-0.23462,1.02204,0.00115,0.00029,0
13413.958,0.07593,-0.99731,-0.23730,1.02797,0.00593,0.00029,0
13415.415,0.08032,-0.99072,-0.24585,1.02393,0.00404,0.00031,0
13416.871,0.07666,-0.99829,-0.25122,1.03227,0.00834,0.00038,0
13418.328,0.08105,-0.99219,-0.24414,1.02499,0.00727,0.00043,0
13419.785,0.08276,-0.99609,-0.23511,1.02680,0.00181,0.00043,0
13421.241,0.07617,-1.00122,-0.24585,1.03377,0.00697,0.00046,0
13422.701,0.07739,-0.99683,-0.23901,1.02800,0.00578,0.00045,0
13424.157,0.08423,-0.99854,-0.23950,1.03030,0.00231,0.00045,0
13425.611,0.07983,-0.99707,-0.23950,1.02853,0.00177,0.00043,0
13427.067,0.07593,-0.99707,-0.24194,1.02881,0.00028,0.00042,0
13428.525,0.08667,-0.99756,-0.24268,1.03030,0.00149,0.00042,0
13429.984,0.07715,-0.98975,-0.25024,1.02380,0.00650,0.00045,0
13431.447,0.08032,-0.99414,-0.25366,1.02913,0.00533,0.00046,0
13432.904,0.08301,-0.99365,-0.23950,1.02547,0.00366,0.00047,0
13434.362,0.07910,-0.99438,-0.23535,1.02491,0.00056,0.00047,0
13435.822,0.07935,-0.99805,-0.23096,1.02749,0.00258,0.00048,0
13437.279,0.07446,-0.99829,-0.23022,1.02720,0.00029,0.00044,0
13438.739,0.08130,-0.99463,-0.24683,1.02802,0.00082,0.00044,0
13440.194,0.08008,-0.99438,-0.24170,1.02647,0.00155,0.00042,0
13441.652,0.08252,-0.99390,-0.24121,1.02607,0.00039,0.00042,0
13443.111,0.07861,-0.99805,-0.24219,1.03002,0.00394,0.00043,0
13444.563,0.08081,-1.00098,-0.23779,1.03200,0.00199,0.00042,0
13446.019,0.07837,-0.99878,-0.24243,1.03076,0.00124,0.00042,0
13447.480,0.07568,-0.99512,-0.24365,1.02730,0.00346,0.00040,0
13448.938,0.08008,-0.99146,-0.24951,1.02550,0.00180,0.00040,0
13450.395,0.07812,-0.99902,-0.23853,1.03007,0.00457,0.00039,0
13451.878,0.07935,-0.99878,-0.23926,1.03010,0.00003,0.00037,0
13453.347,0.08130,-0.99585,-0.24072,1.02775,0.00235,0.00031,0
13454.806,0.08203,-0.99170,-0.23364,1.02215,0.00560,0.00028,0
13456.261,0.08008,-0.99268,-0.23730,1.02378,0.00164,0.00028,0
13457.719,0.08618,-0.99756,-0.24487,1.03078,0.00700,0.00028,0
13459.170,0.08130,-1.00122,-0.23804,1.03233,0.00155,0.00025,0
13460.626,0.08057,-0.99561,-0.23804,1.02683,0.00550,0.00028,0
13462.084,0.07959,-0.99829,-0.24316,1.03056,0.00373,0.00029,0
13463.542,0.08105,-0.99756,-0.24072,1.02939,0.00117,0.00029,0
13464.999,0.08423,-0.99170,-0.23706,1.02311,0.00628,0.00033,0
13466.456,0.07959,-0.99487,-0.24316,1.02725,0.00413,0.00030,0
13467.912,0.07910,-0.99097,-0.24683,1.02430,0.00294,0.00028,0
13469.371,0.07422,-0.99829,-0.24585,1.03079,0.00649,0.00031,0
13470.833,0.08423,-0.99829,-0.23193,1.02833,0.00246,0.00032,0
13472.287,0.07910,-0.99585,-0.24121,1.02769,0.00064,0.00031,0
13473.744,0.07422,-0.99683,-0.23730,1.02737,0.00033,0.00031,0
13475.243,0.07886,-0.99854,-0.24365,1.03085,0.00348,0.00032,0
13476.713,0.08008,-0.99341,-0.24365,1.02598,0.00487,0.00034,0
13478.170,0.08154,-0.99268,-0.23730,1.02390,0.00208,0.00035,0
13479.627,0.07690,-0.99585,-0.23242,1.02550,0.00160,0.00033,0
13481.083,0.07935,-0.99756,-0.23853,1.02874,0.00324,0.00034,0
13482.535,0.07764,-0.99292,-0.24121,1.02474,0.00400,0.00036,0
13483.991,0.07910,-0.99268,-0.23901,1.02410,0.00064,0.00034,0
13485.455,0.07617,-0.99805,-0.23706,1.02864,0.00453,0.00036,0
13486.917,0.07739,-0.99438,-0.23950,1.02574,0.00289,0.00035,0
13488.370,0.07886,-0.99292,-0.24292,1.02524,0.00050,0.00035,0
13489.844,0.08179,-0.99536,-0.24023,1.02720,0.00196,0.00035,0
13491.382,0.07690,-0.99365,-0.23315,1.02353,0.00367,0.00033,0
13492.840,0.08179,-0.99194,-0.22974,1.02148,0.00205,0.00033,0
13494.299,0.07690,-0.99170,-0.23950,1.02310,0.00163,0.00028,0
13495.758,0.08203,-0.99780,-0.24683,1.03115,0.00804,0.00035,0
13497.228,0.07837,-0.99756,-0.23364,1.02755,0.00360,0.00033,0
13498.688,0.07983,-0.99707,-0.24731,1.03038,0.00283,0.00032,0
13500.145,0.08545,-0.99438,-0.24927,1.02871,0.00168,0.00033,0
13501.607,0.07715,-0.99561,-0.23071,1.02490,0.00381,0.00030,0
13503.065,0.08105,-0.99341,-0.23364,1.02373,0.00117,0.00028,0
13504.522,0.08057,-0.99902,-0.24780,1.03245,0.00872,0.00035,0
13505.978,0.07666,-0.99658,-0.24756,1.02973,0.00272,0.00032,0
13507.435,0.08423,-1.00171,-0.23706,1.03282,0.00309,0.00032,0
13508.892,0.07642,-0.99390,-0.23267,1.02362,0.00920,0.00041,0
13510.349,0.07788,-0.99878,-0.23926,1.02999,0.00636,0.00045,0
13511.806,0.08325,-0.99780,-0.24390,1.03055,0.00056,0.00043,0
13513.267,0.08032,-0.99609,-0.23950,1.02763,0.00292,0.00042,0
13514.726,0.08496,-1.00366,-0.24219,1.03596,0.00833,0.00048,0
13516.183,0.08423,-0.99976,-0.23779,1.03109,0.00487,0.00050,0
13517.640,0.08618,-0.99365,-0.24756,1.02765,0.00345,0.00051,0
13519.097,0.08325,-0.99097,-0.24731,1.02475,0.00290,0.00050,0
13520.570,0.07935,-0.99561,-0.24512,1.02840,0.00365,0.00051,0
13522.028,0.07959,-0.99487,-0.23877,1.02622,0.00219,0.00050,0
13523.485,0.08325,-0.99146,-0.24268,1.02411,0.00210,0.00049,0
13524.945,0.07935,-0.99463,-0.24390,1.02716,0.00305,0.00050,0
13526.402,0.08179,-0.99683,-0.23755,1.02800,0.00083,0.00050,0
13527.861,0.08252,-0.99658,-0.24146,1.02873,0.00073,0.00048,0
13529.317,0.08130,-0.99292,-0.24048,1.02486,0.00387,0.00050,0
13530.776,0.08081,-0.99683,-0.23755,1.02792,0.00307,0.00050,0
13532.233,0.07886,-0.99097,-0.24219,1.02318,0.00475,0.00046,0
13533.690,0.08276,-0.99976,-0.24023,1.03154,0.00836,0.00052,0
13535.148,0.08130,-0.99902,-0.24609,1.03209,0.00056,0.00051,0
13536.607,0.08179,-1.00269,-0.23779,1.03374,0.00164,0.00051,0
13538.066,0.08569,-0.99658,-0.24121,1.02893,0.00480,0.00052,0
13539.524,0.07983,-0.99854,-0.24536,1.03133,0.00240,0.00052,0
13540.980,0.08447,-0.99683,-0.24219,1.02930,0.00204,0.00045,0
13542.437,0.08301,-0.99414,-0.23755,1.02549,0.00380,0.00046,0
13543.910,0.07593,-0.99292,-0.24756,1.02613,0.00064,0.00045,0
13545.368,0.08325,-0.99878,-0.24731,1.03231,0.00618,0.00040,0
13546.826,0.07910,-0.99658,-0.23755,1.02755,0.00475,0.00038,0
13548.285,0.08105,-0.98901,-0.23657,1.02014,0.00741,0.00044,0
13549.743,0.07715,-0.99194,-0.24170,1.02388,0.00374,0.00044,0
13551.201,0.08325,-1.00024,-0.24463,1.03308,0.00921,0.00046,0
13552.656,0.08325,-0.99658,-0.24341,1.02925,0.00383,0.00045,0
13554.113,0.08252,-1.00049,-0.22852,1.02957,0.00032,0.00044,0
13555.571,0.07764,-1.00610,-0.23975,1.03718,0.00762,0.00049,0
13557.027,0.08057,-0.99585,-0.24390,1.02844,0.00874,0.00055,0
13558.484,0.07959,-0.99780,-0.23828,1.02894,0.00050,0.00055,0
13559.944,0.07788,-1.00220,-0.24146,1.03381,0.00487,0.00057,0
13561.401,0.08618,-0.99658,-0.23706,1.02801,0.00580,0.00059,0
13562.859,0.08423,-0.99292,-0.24146,1.02532,0.00269,0.00060,0
13564.314,0.07642,-0.99585,-0.23950,1.02709,0.00177,0.00060,0
13565.771,0.07861,-0.99463,-0.23755,1.02562,0.00147,0.00059,0
13567.228,0.07837,-0.99707,-0.23950,1.02842,0.00280,0.00059,0
13568.683,0.08325,-0.99390,-0.24292,1.02653,0.00189,0.00057,0
13570.140,0.07935,-0.99878,-0.24292,1.03095,0.00442,0.00052,0
13571.601,0.08252,-0.99585,-0.24316,1.02842,0.00253,0.00052,0
13573.057,0.08008,-0.99707,-0.23975,1.02861,0.00019,0.00052,0
13574.514,0.07886,-0.99756,-0.23315,1.02747,0.00114,0.00050,0
13575.983,0.07495,-0.99829,-0.23267,1.02778,0.00031,0.00049,0
13577.437,0.08105,-0.99927,-0.24121,1.03116,0.00338,0.00050,0
13578.900,0.07812,-0.99731,-0.24512,1.02996,0.00120,0.00049,0
13580.356,0.08008,-0.99609,-0.24707,1.02940,0.00056,0.00049,0
13581.828,0.08252,-0.99731,-0.24609,1.03054,0.00114,0.00045,0
13583.295,0.08154,-0.99731,-0.23682,1.02828,0.00225,0.00043,0
13584.788,0.07544,-0.99341,-0.23853,1.02442,0.00386,0.00039,0
13586.250,0.07837,-1.00146,-0.23511,1.03167,0.00725,0.00043,0
13587.779,0.07764,-1.00073,-0.24268,1.03266,0.00099,0.00035,0
13589.236,0.07837,-0.99902,-0.24438,1.03146,0.00120,0.00033,0
13590.698,0.07788,-0.99854,-0.25391,1.03325,0.00179,0.00034,0
13592.155,0.08374,-0.98682,-0.24219,1.01955,0.01370,0.00047,0
13593.613,0.07959,-0.99585,-0.24365,1.02831,0.00876,0.00047,0
13595.071,0.07642,-0.99121,-0.24658,1.02428,0.00403,0.00048,0
13596.526,0.08130,-0.99609,-0.23706,1.02714,0.00286,0.00047,0
13597.985,0.07910,-0.99634,-0.23267,1.02620,0.00094,0.00043,0
13599.441,0.08472,-0.99658,-0.23193,1.02672,0.00052,0.00043,0
13600.898,0.08203,-0.99731,-0.24023,1.02912,0.00240,0.00043,0
13602.357,0.08447,-0.99707,-0.24243,1.02959,0.00048,0.00043,0
13603.814,0.08130,-0.99780,-0.24707,1.03115,0.00156,0.00042,0
13605.271,0.07715,-0.99878,-0.23926,1.02993,0.00122,0.00042,0
13606.734,0.08130,-1.00220,-0.24731,1.03546,0.00553,0.00043,0
13608.189,0.07495,-0.99658,-0.23608,1.02690,0.00856,0.00050,0
13609.647,0.07959,-0.98975,-0.23364,1.02006,0.00684,0.00054,0
13611.104,0.08154,-0.99634,-0.24048,1.02819,0.00813,0.00061,0
13612.566,0.08228,-1.00000,-0.23877,1.03140,0.00321,0.00062,0
13614.027,0.07959,-0.99927,-0.23682,1.03003,0.00137,0.00061,0
13615.483,0.08228,-0.99683,-0.24341,1.02941,0.00062,0.00061,0
13616.940,0.07690,-0.99463,-0.24536,1.02733,0.00208,0.00061,0
13618.397,0.07446,-0.99487,-0.24341,1.02692,0.00041,0.00061,0
13619.854,0.08374,-0.99707,-0.25049,1.03146,0.00454,0.00063,0
13621.312,0.08032,-0.99854,-0.24365,1.03097,0.00049,0.00061,0
13622.768,0.08008,-0.99756,-0.23877,1.02886,0.00211,0.00056,0
13624.225,0.07593,-0.99976,-0.23633,1.03011,0.00125,0.00057,0
13625.685,0.07983,-1.00220,-0.24756,1.03540,0.00529,0.00059,0
13627.142,0.07812,-0.99976,-0.24121,1.03141,0.00400,0.00060,0
13628.599,0.08008,-0.99316,-0.24121,1.02517,0.00624,0.00046,0
13630.057,0.07837,-0.99463,-0.24292,1.02686,0.00169,0.00038,0
13631.514,0.08252,-0.99609,-0.23462,1.02667,0.00019,0.00037,0
13632.971,0.07422,-0.99316,-0.24121,1.02473,0.00195,0.00036,0
13634.428,0.07715,-0.99634,-0.24243,1.02831,0.00358,0.00037,0
13635.916,0.07642,-0.99219,-0.24390,1.02458,0.00373,0.00039,0
13637.372,0.07739,-0.99829,-0.24463,1.03074,0.00616,0.00042,0
13638.830,0.07959,-1.00293,-0.24976,1.03662,0.00588,0.00045,0
13640.287,0.07129,-1.00220,-0.23682,1.03226,0.00436,0.00047,0
13641.743,0.07568,-0.99585,-0.23901,1.02692,0.00534,0.00050,0
13643.200,0.07397,-0.99048,-0.24146,1.02216,0.00476,0.00049,0
13644.657,0.07495,-0.99463,-0.24146,1.02626,0.00409,0.00043,0
13646.120,0.08228,-0.99854,-0.24634,1.03176,0.00550,0.00042,0
13647.577,0.08350,-0.99463,-0.25122,1.02926,0.00250,0.00036,0
13649.048,0.07861,-0.99023,-0.24512,1.02315,0.00611,0.00038,0
13650.511,0.08130,-0.99072,-0.24048,1.02273,0.00042,0.00038,0
13651.968,0.07495,-0.99683,-0.23486,1.02686,0.00413,0.00040,0
13653.435,0.08032,-0.99902,-0.23657,1.02979,0.00293,0.00040,0
13654.893,0.08228,-0.99683,-0.24951,1.03087,0.00108,0.00040,0
13656.348,0.07568,-0.99951,-0.24341,1.03150,0.00064,0.00038,0
13657.830,0.07910,-0.99536,-0.23242,1.02519,0.00631,0.00042,0
13659.287,0.08057,-0.99658,-0.23096,1.02616,0.00097,0.00042,0
13660.737,0.08398,-0.99292,-0.24512,1.02617,0.00001,0.00042,0
13662.194,0.08569,-0.99683,-0.24438,1.02992,0.00375,0.00040,0
13663.652,0.07202,-0.99878,-0.24634,1.03123,0.00131,0.00039,0
13665.107,0.07520,-0.99536,-0.23853,1.02630,0.00493,0.00037,0
13666.564,0.07642,-0.99512,-0.24194,1.02695,0.00065,0.00037,0
13668.021,0.08447,-0.99756,-0.23486,1.02831,0.00136,0.00037,0
13669.478,0.08276,-0.99585,-0.23901,1.02747,0.00084,0.00037,0
13670.936,0.08618,-0.99854,-0.24390,1.03150,0.00403,0.00037,0
13672.395,0.08203,-0.99609,-0.23901,1.02765,0.00385,0.00038,0
13673.861,0.07959,-0.99536,-0.24390,1.02789,0.00025,0.00034,0
13675.321,0.08179,-0.99634,-0.23926,1.02792,0.00003,0.00030,0
13676.777,0.07568,-0.99683,-0.23755,1.02753,0.00039,0.00028,0
13678.233,0.07715,-0.99634,-0.23804,1.02728,0.00025,0.00026,0
13679.692,0.07837,-0.99854,-0.24634,1.03145,0.00417,0.00025,0
13681.172,0.07544,-0.99756,-0.23828,1.02839,0.00306,0.00024,0
13682.630,0.07739,-0.99170,-0.24487,1.02441,0.00398,0.00023,0
13684.193,0.08423,-0.99756,-0.24658,1.03103,0.00662,0.00027,0
13685.652,0.07861,-1.00049,-0.24243,1.03244,0.00141,0.00023,0
13687.113,0.08276,-0.99780,-0.24292,1.03028,0.00216,0.00024,0
13688.567,0.08447,-0.99170,-0.23999,1.02382,0.00646,0.00026,0
13690.025,0.08838,-0.99365,-0.24170,1.02644,0.00262,0.00026,0
13691.486,0.08203,-0.99780,-0.22949,1.02713,0.00070,0.00026,0
13692.943,0.08228,-0.99219,-0.23975,1.02405,0.00308,0.00027,0
13694.401,0.08032,-0.99121,-0.24194,1.02347,0.00058,0.00023,0
13695.857,0.08228,-0.99609,-0.23315,1.02632,0.00285,0.00023,0
13697.315,0.07837,-0.99561,-0.23560,1.02610,0.00022,0.00023,0
13698.774,0.07861,-0.99609,-0.23413,1.02626,0.00016,0.00022,0
13700.230,0.08203,-0.99756,-0.24072,1.02947,0.00321,0.00023,0
13701.687,0.08130,-0.99731,-0.24512,1.03021,0.00074,0.00021,0
13703.148,0.07959,-0.99585,-0.23633,1.02660,0.00361,0.00022,0
13704.604,0.08276,-0.99243,-0.23633,1.02353,0.00306,0.00023,0
13706.062,0.08496,-0.99683,-0.23706,1.02814,0.00461,0.00025,0
13707.522,0.07861,-0.99487,-0.23511,1.02529,0.00285,0.00024,0
13708.979,0.07666,-0.99756,-0.23560,1.02786,0.00257,0.00023,0
13710.437,0.07764,-0.99951,-0.24585,1.03223,0.00436,0.00025,0
13711.912,0.08374,-0.99463,-0.23560,1.02558,0.00665,0.00029,0
13713.372,0.08130,-0.99756,-0.22778,1.02646,0.00088,0.00029,0
13714.838,0.07837,-0.99512,-0.23389,1.02523,0.00123,0.00030,0
13716.293,0.07690,-0.99194,-0.23730,1.02283,0.00240,0.00028,0
13717.751,0.08325,-0.98901,-0.23730,1.02049,0.00234,0.00028,0
13719.208,0.08447,-0.99658,-0.23877,1.02826,0.00778,0.00032,0
13720.665,0.08105,-0.99780,-0.24341,1.03026,0.00199,0.00028,0
13722.132,0.07959,-0.99951,-0.23291,1.02937,0.00088,0.00028,0
13723.589,0.08301,-1.00537,-0.23877,1.03666,0.00729,0.00033,0
13725.045,0.08374,-1.00171,-0.23218,1.03167,0.00500,0.00031,0
13726.506,0.08203,-0.99731,-0.24170,1.02946,0.00221,0.00031,0
13727.963,0.07617,-0.99536,-0.23535,1.02564,0.00382,0.00033,0
13729.421,0.08179,-1.00244,-0.24414,1.03498,0.00934,0.00040,0
13730.880,0.08130,-1.00024,-0.23975,1.03178,0.00320,0.00041,0
13732.336,0.07666,-0.99341,-0.23926,1.02469,0.00710,0.00046,0
13733.793,0.07642,-0.99121,-0.24170,1.02311,0.00157,0.00046,0
13735.251,0.07959,-0.99414,-0.24658,1.02735,0.00424,0.00048,0
13736.707,0.07837,-0.99194,-0.23975,1.02351,0.00384,0.00048,0
13738.166,0.07666,-0.99243,-0.24683,1.02553,0.00202,0.00049,0
13739.623,0.08228,-0.99463,-0.23901,1.02625,0.00071,0.00047,0
13741.079,0.08130,-0.99805,-0.23389,1.02830,0.00206,0.00047,0
13742.535,0.08374,-1.00220,-0.24146,1.03427,0.00596,0.00048,0
13743.993,0.07910,-0.99585,-0.24268,1.02804,0.00623,0.00051,0
13745.459,0.08423,-0.99829,-0.24219,1.03070,0.00266,0.00051,0
13746.916,0.08374,-0.99805,-0.24292,1.03059,0.00010,0.00049,0
13748.372,0.07788,-0.99609,-0.23877,1.02727,0.00332,0.00046,0
13749.857,0.07739,-0.99731,-0.24097,1.02893,0.00166,0.00046,0
13751.333,0.07788,-0.99829,-0.23804,1.02923,0.00030,0.00046,0
13752.791,0.07471,-1.00073,-0.23877,1.03153,0.00230,0.00046,0
13754.253,0.07739,-0.99341,-0.24219,1.02543,0.00610,0.00049,0
13755.712,0.07690,-0.99658,-0.24170,1.02835,0.00292,0.00044,0
13757.172,0.08203,-0.98975,-0.24390,1.02265,0.00570,0.00047,0
13758.631,0.07983,-0.99902,-0.23730,1.02992,0.00727,0.00052,0
13760.088,0.07886,-1.00220,-0.23730,1.03292,0.00300,0.00048,0
13761.535,0.08008,-0.99756,-0.24048,1.02925,0.00367,0.00047,0
13762.992,0.08374,-0.99609,-0.23608,1.02711,0.00215,0.00047,0
13764.448,0.08154,-0.99463,-0.24829,1.02839,0.00128,0.00045,0
13765.905,0.08154,-0.99731,-0.24341,1.02982,0.00143,0.00037,0
13767.363,0.07764,-0.99268,-0.24512,1.02543,0.00439,0.00038,0
13768.819,0.07520,-0.99731,-0.23584,1.02758,0.00214,0.00033,0
13770.277,0.08154,-0.99438,-0.23975,1.02612,0.00145,0.00033,0
13771.735,0.08936,-0.99902,-0.24194,1.03178,0.00566,0.00034,0
13773.206,0.08179,-1.00000,-0.24390,1.03256,0.00078,0.00033,0
13774.662,0.07935,-0.99756,-0.24219,1.02960,0.00296,0.00033,0
13776.119,0.08081,-0.99170,-0.23706,1.02284,0.00676,0.00038,0
13777.575,0.08057,-0.99829,-0.24023,1.02995,0.00711,0.00043,0
13779.033,0.07861,-0.99658,-0.23535,1.02701,0.00294,0.00040,0
13780.593,0.07983,-0.99561,-0.24292,1.02792,0.00091,0.00036,0
13782.052,0.08228,-0.99609,-0.24219,1.02841,0.00049,0.00035,0
13783.509,0.07910,-0.99829,-0.24316,1.03052,0.00211,0.00036,0
13784.965,0.08862,-1.00098,-0.24585,1.03453,0.00401,0.00036,0
13786.424,0.07593,-0.99146,-0.23975,1.02285,0.01168,0.00050,0
13787.884,0.08081,-0.99292,-0.24170,1.02510,0.00225,0.00050,0
13789.345,0.08057,-0.99512,-0.24707,1.02849,0.00339,0.00051,0
13790.805,0.08252,-0.99951,-0.24463,1.03232,0.00383,0.00049,0
13792.263,0.07520,-0.99731,-0.24194,1.02899,0.00332,0.00049,0
13793.721,0.07861,-0.99243,-0.23926,1.02389,0.00511,0.00048,0
13795.178,0.07861,-0.99072,-0.24438,1.02344,0.00044,0.00043,0
13796.630,0.07544,-0.99707,-0.24341,1.02912,0.00568,0.00045,0
13798.099,0.07983,-0.99805,-0.23730,1.02897,0.00015,0.00044,0
13799.558,0.08032,-0.99756,-0.23779,1.02865,0.00032,0.00043,0
13801.014,0.07861,-0.99658,-0.24512,1.02929,0.00064,0.00043,0
13802.472,0.07690,-1.00073,-0.24780,1.03382,0.00453,0.00045,0
13803.932,0.07764,-0.99854,-0.24048,1.03001,0.00381,0.00045,0
13805.389,0.07788,-0.99561,-0.24219,1.02759,0.00242,0.00045,0
13806.847,0.07812,-0.99341,-0.24292,1.02566,0.00194,0.00045,0
13808.305,0.07837,-0.99609,-0.24512,1.02880,0.00314,0.00043,0
13809.763,0.07935,-0.99805,-0.23853,1.02922,0.00042,0.00043,0
13811.220,0.07715,-0.99829,-0.24341,1.03043,0.00121,0.00042,0
13812.676,0.07739,-0.99756,-0.24951,1.03120,0.00077,0.00038,0
13814.134,0.07666,-0.99561,-0.24316,1.02773,0.00346,0.00034,0
13815.596,0.07666,-0.99756,-0.23608,1.02798,0.00024,0.00033,0
13817.053,0.08179,-0.99609,-0.24023,1.02791,0.00006,0.00033,0
13818.510,0.08228,-0.99390,-0.24097,1.02599,0.00192,0.00033,0
13819.967,0.07959,-0.99268,-0.24146,1.02471,0.00128,0.00033,0
13821.426,0.08447,-0.99707,-0.24316,1.02976,0.00505,0.00034,0
13822.884,0.08325,-0.99707,-0.24780,1.03077,0.00101,0.00020,0
13824.341,0.08203,-0.99609,-0.24097,1.02810,0.00267,0.00020,0
13825.798,0.07837,-0.99854,-0.23755,1.02939,0.00129,0.00019,0
13827.258,0.07959,-0.99438,-0.22754,1.02319,0.00620,0.00022,0
13828.715,0.08057,-0.99951,-0.23242,1.02934,0.00615,0.00024,0
13830.172,0.07910,-0.99707,-0.23389,1.02719,0.00215,0.00022,0
13831.628,0.07861,-1.00244,-0.23926,1.03359,0.00641,0.00026,0
13833.084,0.08276,-0.99927,-0.24731,1.03274,0.00085,0.00023,0
13834.541,0.07666,-0.99707,-0.25049,1.03091,0.00183,0.00024,0
13835.997,0.07764,-0.99756,-0.25244,1.03193,0.00102,0.00024,0
13837.454,0.08398,-0.99756,-0.24463,1.03054,0.00139,0.00024,0
13838.915,0.08008,-0.99927,-0.23828,1.03040,0.00014,0.00022,0
13840.371,0.08228,-0.99658,-0.24243,1.02894,0.00146,0.00021,0
13841.829,0.07910,-0.99683,-0.24097,1.02858,0.00036,0.00020,0
13843.286,0.08252,-0.99805,-0.24170,1.03021,0.00162,0.00020,0
13844.742,0.07544,-1.00098,-0.24072,1.03228,0.00207,0.00019,0
13846.198,0.07690,-0.99927,-0.24390,1.03147,0.00080,0.00019,0
13847.655,0.07910,-1.00269,-0.24731,1.03576,0.00429,0.00021,0
13849.111,0.08252,-0.99512,-0.23438,1.02567,0.01009,0.00031,0
13850.573,0.07959,-0.98975,-0.24683,1.02316,0.00251,0.00031,0
13852.029,0.08057,-0.99438,-0.23657,1.02531,0.00215,0.00031,0
13853.486,0.08057,-0.99585,-0.23145,1.02556,0.00025,0.00031,0
13854.944,0.08081,-0.99780,-0.23608,1.02853,0.00297,0.00032,0
13856.399,0.08203,-0.99609,-0.23682,1.02714,0.00139,0.00032,0
13857.856,0.08350,-0.99854,-0.23804,1.02991,0.00277,0.00030,0
13859.336,0.08081,-1.00073,-0.24805,1.03418,0.00427,0.00032,0
13860.794,0.08057,-0.99805,-0.24048,1.02977,0.00441,0.00033,0
13862.255,0.07715,-1.00098,-0.24414,1.03320,0.00344,0.00034,0
13863.715,0.07983,-1.00049,-0.24414,1.03294,0.00027,0.00030,0
13865.172,0.07886,-0.99902,-0.23535,1.02940,0.00354,0.00027,0
13866.629,0.07397,-0.99731,-0.23633,1.02760,0.00180,0.00027,0
13868.085,0.07812,-1.00073,-0.24170,1.03247,0.00487,0.00026,0
13869.543,0.08472,-0.99780,-0.23535,1.02868,0.00379,0.00027,0
13871.000,0.07886,-0.99951,-0.23901,1.03071,0.00204,0.00027,0
13872.456,0.08008,-0.99438,-0.24146,1.02641,0.00430,0.00029,0
13873.916,0.07544,-0.99829,-0.23511,1.02837,0.00196,0.00029,0
13875.373,0.07959,-0.99487,-0.24048,1.02661,0.00176,0.00029,0
13876.906,0.07666,-0.99536,-0.24365,1.02761,0.00100,0.00029,0
13878.362,0.07690,-0.99438,-0.24756,1.02762,0.00001,0.00029,0
13879.820,0.08423,-1.00488,-0.24316,1.03731,0.00969,0.00038,0
13881.277,0.07910,-0.99951,-0.24585,1.03234,0.00497,0.00040,0
13882.750,0.07886,-0.99976,-0.23535,1.03011,0.00223,0.00041,0
13884.205,0.07910,-0.99585,-0.24878,1.02950,0.00061,0.00039,0
13885.667,0.08472,-0.99365,-0.23071,1.02360,0.00590,0.00032,0
13887.125,0.08154,-0.99219,-0.24170,1.02445,0.00086,0.00032,0
13888.582,0.07715,-0.99390,-0.24292,1.02606,0.00160,0.00031,0
13890.040,0.07690,-0.99536,-0.24365,1.02763,0.00157,0.00032,0
13891.498,0.08350,-0.99170,-0.24756,1.02554,0.00209,0.00031,0
13892.954,0.08154,-0.99683,-0.23608,1.02764,0.00211,0.00032,0
13894.411,0.07666,-0.99683,-0.23315,1.02660,0.00105,0.00031,0
13895.869,0.07227,-0.99658,-0.23730,1.02699,0.00040,0.00029,0
13897.324,0.07422,-0.99951,-0.23975,1.03054,0.00355,0.00028,0
13898.783,0.07886,-0.99243,-0.24219,1.02459,0.00594,0.00031,0
13900.246,0.08252,-0.99756,-0.23682,1.02860,0.00400,0.00032,0
13901.702,0.08374,-0.99609,-0.23755,1.02745,0.00115,0.00031,0
13903.161,0.07227,-0.99683,-0.24487,1.02900,0.00156,0.00031,0
13904.617,0.08008,-0.99854,-0.24878,1.03217,0.00317,0.00030,0
13906.075,0.07300,-0.99219,-0.24316,1.02416,0.00802,0.00035,0
13907.557,0.08105,-0.99023,-0.24438,1.02316,0.00099,0.00034,0
13909.014,0.07764,-0.99243,-0.24243,1.02456,0.00140,0.00033,0
13910.471,0.07837,-0.98730,-0.24316,1.01982,0.00473,0.00035,0
13911.938,0.07788,-0.99487,-0.23730,1.02574,0.00592,0.00038,0
13913.398,0.07788,-0.99731,-0.24731,1.03047,0.00472,0.00040,0
13914.856,0.07764,-0.99658,-0.23462,1.02677,0.00370,0.00041,0
13916.312,0.07935,-0.99854,-0.23071,1.02791,0.00114,0.00032,0
13917.769,0.08276,-0.99390,-0.24487,1.02696,0.00095,0.00030,0
13919.227,0.07666,-0.99365,-0.23975,1.02504,0.00192,0.00030,0
13920.682,0.07886,-0.99951,-0.23926,1.03077,0.00573,0.00033,0
13922.150,0.07690,-0.99561,-0.24072,1.02718,0.00359,0.00031,0
13923.606,0.07520,-0.99707,-0.24854,1.03033,0.00315,0.00032,0
13925.062,0.08325,-0.99414,-0.24658,1.02764,0.00268,0.00032,0
13926.534,0.07642,-0.99902,-0.25049,1.03278,0.00514,0.00034,0
13928.015,0.07349,-0.99707,-0.24756,1.02997,0.00281,0.00035,0
13929.485,0.07861,-0.99609,-0.23657,1.02682,0.00315,0.00035,0
13931.007,0.08105,-0.99927,-0.24585,1.03225,0.00544,0.00038,0
13932.548,0.08154,-0.99854,-0.24316,1.03095,0.00131,0.00038,0
13934.027,0.07788,-0.99536,-0.24170,1.02724,0.00370,0.00038,0
13935.553,0.08325,-0.99463,-0.24390,1.02747,0.00023,0.00035,0
13937.039,0.08252,-0.99463,-0.23853,1.02615,0.00132,0.00033,0
13938.517,0.07642,-1.00000,-0.24438,1.03226,0.00611,0.00037,0
13939.978,0.07422,-0.99585,-0.23926,1.02687,0.00539,0.00040,0
13941.435,0.08081,-1.00098,-0.24146,1.03285,0.00598,0.00042,0
13942.892,0.07812,-0.99731,-0.24194,1.02921,0.00364,0.00037,0
13944.347,0.07739,-1.00000,-0.24170,1.03170,0.00249,0.00038,0
13946.015,0.07495,-0.99487,-0.24976,1.02848,0.00322,0.00039,0
13947.502,0.07910,-0.99585,-0.24097,1.02764,0.00084,0.00036,0
13948.979,0.08057,-0.99268,-0.23950,1.02433,0.00330,0.00034,0
13950.457,0.08008,-0.99219,-0.24390,1.02486,0.00053,0.00032,0
13951.951,0.08252,-0.99805,-0.23950,1.02969,0.00484,0.00033,0
13953.441,0.07812,-0.99390,-0.23999,1.02544,0.00425,0.00034,0
13954.920,0.07471,-0.99756,-0.24097,1.02897,0.00352,0.00036,0
13956.389,0.08130,-0.99292,-0.24487,1.02590,0.00307,0.00036,0
13957.870,0.07642,-0.99536,-0.23999,1.02673,0.00084,0.00033,0
13959.344,0.08252,-0.99780,-0.24512,1.03078,0.00405,0.00033,0
13960.798,0.07666,-0.99854,-0.23999,1.02983,0.00095,0.00032,0
13962.242,0.08057,-0.99609,-0.23633,1.02691,0.00292,0.00032,0
13963.702,0.07910,-0.99536,-0.23901,1.02671,0.00020,0.00030,0
13965.162,0.08252,-1.00098,-0.24097,1.03287,0.00617,0.00033,0
13966.619,0.07471,-0.99512,-0.24414,1.02735,0.00553,0.00035,0
13968.074,0.08228,-0.99438,-0.24609,1.02768,0.00033,0.00032,0
13969.529,0.07715,-0.99658,-0.24561,1.02930,0.00161,0.00032,0
13970.983,0.08179,-0.99756,-0.23779,1.02877,0.00053,0.00031,0
13972.441,0.08179,-0.99634,-0.23682,1.02736,0.00141,0.00031,0
13973.979,0.07861,-0.99609,-0.24487,1.02876,0.00140,0.00031,0
13975.438,0.07910,-0.99609,-0.23682,1.02691,0.00185,0.00028,0
13976.897,0.07642,-0.99609,-0.23853,1.02710,0.00019,0.00025,0
13978.354,0.07959,-1.00195,-0.25244,1.03633,0.00922,0.00030,0
13979.813,0.08105,-0.99390,-0.25024,1.02812,0.00821,0.00035,0
13981.270,0.07764,-0.99854,-0.23999,1.02990,0.00178,0.00035,0
13982.728,0.07764,-0.99854,-0.23877,1.02962,0.00028,0.00034,0
13984.182,0.07764,-1.00610,-0.24976,1.03954,0.00993,0.00043,0
13985.595,0.07959,-1.00171,-0.24048,1.03324,0.00630,0.00046,0
13987.053,0.07983,-0.99927,-0.23291,1.02915,0.00409,0.00048,0
13988.511,0.07593,-1.00024,-0.23999,1.03143,0.00228,0.00046,0
13989.968,0.08325,-0.99561,-0.24438,1.02854,0.00289,0.00045,0
13991.425,0.07617,-1.00122,-0.24365,1.03325,0.00472,0.00046,0
13992.881,0.07837,-0.99902,-0.24243,1.03100,0.00225,0.00046,0
13994.339,0.07617,-0.98975,-0.24927,1.02349,0.00751,0.00051,0
13995.796,0.07544,-0.99463,-0.23657,1.02516,0.00166,0.00050,0
13997.271,0.07715,-0.99683,-0.24243,1.02878,0.00362,0.00051,0
13998.747,0.08179,-0.99365,-0.24585,1.02688,0.00190,0.00051,0
14000.204,0.07739,-0.99536,-0.23950,1.02669,0.00019,0.00051,0
14001.660,0.07544,-0.98950,-0.23438,1.01967,0.00702,0.00052,0
14003.117,0.08203,-0.99292,-0.23706,1.02412,0.00444,0.00051,0
14004.570,0.07935,-0.99805,-0.23242,1.02782,0.00370,0.00052,0
14006.022,0.08252,-0.99829,-0.23608,1.02914,0.00132,0.00052,0
14007.479,0.08032,-0.99609,-0.24634,1.02924,0.00010,0.00052,0
14008.941,0.07617,-0.99170,-0.23706,1.02248,0.00676,0.00056,0
14010.398,0.07251,-0.99951,-0.23364,1.02901,0.00653,0.00060,0
14011.855,0.07861,-0.99854,-0.23950,1.02986,0.00085,0.00060,0
14013.311,0.08008,-0.99658,-0.24097,1.02842,0.00144,0.00060,0
14014.768,0.08276,-0.99561,-0.23950,1.02735,0.00108,0.00052,0
14016.225,0.07739,-0.99658,-0.24365,1.02885,0.00150,0.00045,0
14017.682,0.08032,-0.99805,-0.23926,1.02946,0.00061,0.00045,0
14019.138,0.08618,-0.99561,-0.23242,1.02600,0.00346,0.00046,0
14020.596,0.08521,-0.99463,-0.23853,1.02637,0.00037,0.00036,0
14022.051,0.08130,-1.00000,-0.24048,1.03172,0.00534,0.00035,0
14023.509,0.08301,-0.99805,-0.23950,1.02973,0.00198,0.00034,0
14024.966,0.07715,-0.99731,-0.24390,1.02960,0.00013,0.00034,0
14026.423,0.07349,-0.99731,-0.24121,1.02870,0.00090,0.00033,0
14027.881,0.07886,-0.99805,-0.24731,1.03125,0.00255,0.00031,0
14029.337,0.07837,-0.99658,-0.23828,1.02767,0.00359,0.00032,0
14030.805,0.07935,-0.99805,-0.23389,1.02815,0.00049,0.00026,0
14032.266,0.07593,-0.99756,-0.23877,1.02854,0.00039,0.00026,0
14033.723,0.07642,-0.99365,-0.23975,1.02502,0.00352,0.00026,0
14035.182,0.08032,-0.99365,-0.24243,1.02595,0.00093,0.00026,0
14036.637,0.07642,-0.99292,-0.24268,1.02500,0.00095,0.00026,0
14038.094,0.08447,-0.99634,-0.23560,1.02729,0.00229,0.00021,0
14039.552,0.08008,-0.99927,-0.23169,1.02890,0.00160,0.00020,0
14041.009,0.08008,-0.99219,-0.23657,1.02314,0.00576,0.00022,0
14042.467,0.07349,-0.99585,-0.23828,1.02659,0.00345,0.00023,0
14043.926,0.07397,-0.99707,-0.23755,1.02764,0.00105,0.00023,0
14045.379,0.07544,-0.99561,-0.23682,1.02616,0.00148,0.00018,0
14046.852,0.07593,-0.99731,-0.23804,1.02814,0.00198,0.00015,0
14048.307,0.07910,-0.99658,-0.24463,1.02921,0.00108,0.00015,0
14049.766,0.08667,-0.99146,-0.24219,1.02428,0.00493,0.00017,0
14051.224,0.07471,-0.99731,-0.23730,1.02788,0.00360,0.00018,0
14052.680,0.07593,-0.99536,-0.25146,1.02944,0.00156,0.00018,0
14054.149,0.08179,-0.99561,-0.23853,1.02704,0.00240,0.00019,0
14055.614,0.08301,-0.98926,-0.24194,1.02179,0.00525,0.00020,0
14057.070,0.07642,-1.00049,-0.23682,1.03097,0.00918,0.00029,0
14058.528,0.07520,-0.99854,-0.24048,1.02983,0.00114,0.00026,0
14059.984,0.07886,-0.99585,-0.24194,1.02785,0.00199,0.00026,0
14061.441,0.08301,-0.99194,-0.23877,1.02365,0.00420,0.00028,0
14062.902,0.07959,-0.99536,-0.24048,1.02709,0.00344,0.00029,0
14064.356,0.08276,-0.99341,-0.23560,1.02431,0.00278,0.00029,0
14065.814,0.07910,-0.99463,-0.24683,1.02785,0.00353,0.00029,0
14067.275,0.07593,-0.99536,-0.24219,1.02721,0.00063,0.00029,0
14068.731,0.07910,-0.99707,-0.24512,1.02980,0.00259,0.00029,0
14070.268,0.07983,-0.99512,-0.24683,1.02837,0.00143,0.00028,0
14071.726,0.07959,-0.99341,-0.23926,1.02491,0.00347,0.00030,0
14073.204,0.07495,-1.00342,-0.23608,1.03354,0.00863,0.00037,0
14074.666,0.08057,-1.00098,-0.23975,1.03244,0.00110,0.00036,0
14076.123,0.07910,-0.99854,-0.23364,1.02855,0.00388,0.00038,0
14077.580,0.07715,-0.99756,-0.23608,1.02801,0.00054,0.00034,0
14079.038,0.07837,-0.99438,-0.23755,1.02536,0.00265,0.00034,0
14080.494,0.07959,-0.99390,-0.23413,1.02420,0.00117,0.00034,0
14081.951,0.08081,-0.99438,-0.23853,1.02578,0.00158,0.00034,0
14083.408,0.07959,-0.99609,-0.24487,1.02883,0.00305,0.00035,0
14084.864,0.08350,-0.99927,-0.23779,1.03056,0.00173,0.00035,0
14086.329,0.08008,-1.00000,-0.25073,1.03406,0.00350,0.00034,0
14087.788,0.07910,-0.99634,-0.24292,1.02857,0.00549,0.00035,0
14089.255,0.07837,-0.99243,-0.23779,1.02353,0.00504,0.00038,0
14090.762,0.08276,-0.99512,-0.24194,1.02745,0.00392,0.00039,0
14092.233,0.07788,-0.99146,-0.24609,1.02451,0.00294,0.00037,0
14093.703,0.07495,-0.99536,-0.24023,1.02668,0.00218,0.00029,0
14095.206,0.07715,-0.99292,-0.23657,1.02363,0.00306,0.00029,0
14096.723,0.07886,-0.99609,-0.23804,1.02717,0.00355,0.00030,0
14098.204,0.08154,-1.00073,-0.24731,1.03406,0.00689,0.00033,0
14099.662,0.07690,-0.99658,-0.23633,1.02710,0.00696,0.00037,0
14101.119,0.08105,-0.99194,-0.24170,1.02418,0.00293,0.00037,0
14102.578,0.08081,-0.99731,-0.23755,1.02839,0.00422,0.00038,0
14104.040,0.07495,-0.99414,-0.23853,1.02510,0.00330,0.00039,0
14105.502,0.08130,-1.00024,-0.23950,1.03173,0.00663,0.00042,0
14106.962,0.08032,-0.99756,-0.23975,1.02910,0.00262,0.00043,0
14108.422,0.08203,-1.00171,-0.24341,1.03412,0.00501,0.00044,0
14109.894,0.08447,-0.99438,-0.23877,1.02613,0.00798,0.00043,0
14111.353,0.07983,-0.98999,-0.24756,1.02359,0.00254,0.00044,0
14112.810,0.08032,-0.99292,-0.24536,1.02594,0.00234,0.00043,0
14114.267,0.08081,-0.99390,-0.23877,1.02536,0.00057,0.00043,0
14115.725,0.07837,-0.99292,-0.24805,1.02643,0.00107,0.00042,0
14117.220,0.08203,-0.99048,-0.24316,1.02318,0.00325,0.00043,0
14118.680,0.07812,-1.00098,-0.23950,1.03219,0.00901,0.00051,0
14120.136,0.08301,-0.99902,-0.24072,1.03096,0.00123,0.00050,0
14121.594,0.08130,-0.99658,-0.23608,1.02739,0.00358,0.00051,0
14123.062,0.07739,-1.00000,-0.24194,1.03176,0.00437,0.00052,0
14124.521,0.08276,-0.99023,-0.23999,1.02226,0.00950,0.00058,0
14125.978,0.07739,-0.99268,-0.23730,1.02358,0.00132,0.00055,0
14127.438,0.07617,-0.99414,-0.24121,1.02582,0.00224,0.00054,0
14128.886,0.07886,-0.99536,-0.23633,1.02607,0.00025,0.00054,0
14130.346,0.08057,-0.99634,-0.23828,1.02760,0.00153,0.00053,0
14131.804,0.08081,-0.99512,-0.24268,1.02746,0.00014,0.00052,0
14133.264,0.08325,-0.99512,-0.24634,1.02853,0.00107,0.00051,0
14134.720,0.08057,-0.99878,-0.23120,1.02835,0.00018,0.00046,0
14136.177,0.07837,-0.99170,-0.23901,1.02310,0.00525,0.00044,0
14137.634,0.08130,-1.00049,-0.23853,1.03174,0.00864,0.00051,0
14139.091,0.07837,-0.99878,-0.24243,1.03076,0.00097,0.00049,0
14140.552,0.08032,-0.99731,-0.24365,1.02978,0.00098,0.00048,0
14142.009,0.07544,-0.99976,-0.23828,1.03052,0.00074,0.00044,0
14143.467,0.08130,-0.99585,-0.23706,1.02690,0.00362,0.00045,0
14144.924,0.07812,-0.99585,-0.23999,1.02733,0.00043,0.00042,0
14146.383,0.08228,-0.99487,-0.23828,1.02631,0.00102,0.00036,0
14147.841,0.07812,-0.99878,-0.23779,1.02966,0.00335,0.00036,0
14149.312,0.07617,-0.99390,-0.23901,1.02507,0.00460,0.00038,0
14150.779,0.07910,-0.99536,-0.24170,1.02734,0.00227,0.00038,0
14152.247,0.08008,-0.99414,-0.24390,1.02675,0.00059,0.00038,0
14153.708,0.08252,-1.00049,-0.24707,1.03384,0.00709,0.00042,0
14155.169,0.07739,-0.99658,-0.24927,1.03019,0.00365,0.00035,0
14156.656,0.07495,-0.99585,-0.22925,1.02464,0.00555,0.00038,0
14158.128,0.07642,-0.99243,-0.23999,1.02389,0.00075,0.00037,0
14159.589,0.07666,-0.99976,-0.24414,1.03199,0.00809,0.00042,0
14161.047,0.07593,-0.99731,-0.23535,1.02752,0.00447,0.00035,0
14162.509,0.08496,-0.99341,-0.23682,1.02477,0.00274,0.00035,0
14163.976,0.08545,-0.99585,-0.23389,1.02651,0.00174,0.00035,0
14165.437,0.08203,-0.99902,-0.25073,1.03327,0.00676,0.00040,0
14166.957,0.07959,-1.00366,-0.24390,1.03593,0.00266,0.00040,0
14168.416,0.07422,-0.99512,-0.24634,1.02784,0.00810,0.00047,0
14169.875,0.07373,-0.99780,-0.23901,1.02868,0.00084,0.00047,0
14171.333,0.08325,-0.99219,-0.23169,1.02228,0.00640,0.00051,0
14172.785,0.08008,-0.99585,-0.23608,1.02658,0.00430,0.00050,0
14174.245,0.07544,-0.99463,-0.24072,1.02612,0.00046,0.00042,0
14175.711,0.07520,-0.99585,-0.24512,1.02833,0.00220,0.00043,0
14177.175,0.07739,-0.99292,-0.24194,1.02490,0.00343,0.00044,0
14178.634,0.08154,-0.99097,-0.23706,1.02218,0.00271,0.00045,0
14180.088,0.08447,-0.99170,-0.23389,1.02240,0.00022,0.00043,0
14181.551,0.08203,-0.99902,-0.23853,1.03037,0.00797,0.00050,0
14183.033,0.08008,-0.99927,-0.24146,1.03114,0.00077,0.00050,0
14184.497,0.08325,-0.99561,-0.23975,1.02744,0.00370,0.00050,0
14185.957,0.08789,-0.99609,-0.24512,1.02957,0.00212,0.00048,0
14187.415,0.07739,-0.99585,-0.23511,1.02615,0.00342,0.00049,0
14188.873,0.07617,-0.99365,-0.23804,1.02460,0.00155,0.00049,0
14190.335,0.08301,-0.99707,-0.24414,1.02988,0.00527,0.00047,0
14191.796,0.07935,-0.99536,-0.24731,1.02869,0.00119,0.00046,0
14193.251,0.08276,-0.99683,-0.24487,1.02979,0.00110,0.00043,0
14194.783,0.07812,-0.99609,-0.24365,1.02843,0.00136,0.00043,0
14196.267,0.08276,-0.99268,-0.23560,1.02360,0.00483,0.00039,0
14197.732,0.08179,-0.99316,-0.23315,1.02344,0.00016,0.00037,0
14199.190,0.08081,-0.99927,-0.23999,1.03085,0.00742,0.00041,0
14200.648,0.07959,-0.99512,-0.23560,1.02572,0.00514,0.00044,0
14202.112,0.08838,-0.99536,-0.23218,1.02590,0.00018,0.00039,0
14203.573,0.08081,-0.99194,-0.23291,1.02212,0.00378,0.00040,0
14205.032,0.07715,-0.99683,-0.23926,1.02804,0.00592,0.00037,0
14206.493,0.07764,-1.00293,-0.23560,1.03315,0.00511,0.00039,0
14207.981,0.07446,-0.99927,-0.23413,1.02903,0.00412,0.00037,0
14209.458,0.08008,-0.99805,-0.23486,1.02843,0.00060,0.00035,0
14210.953,0.07886,-0.99658,-0.24585,1.02948,0.00105,0.00035,0
14212.454,0.07959,-0.99854,-0.23486,1.02887,0.00062,0.00035,0
14213.903,0.07690,-0.99829,-0.23706,1.02893,0.00006,0.00034,0
14215.360,0.08105,-0.99658,-0.23511,1.02714,0.00179,0.00033,0
14216.990,0.08521,-1.00073,-0.23853,1.03229,0.00515,0.00036,0
14218.482,0.08398,-0.99487,-0.24365,1.02771,0.00458,0.00031,0
14220.011,0.08398,-0.99634,-0.24097,1.02850,0.00079,0.00031,0
14221.496,0.07983,-0.99585,-0.24170,1.02787,0.00063,0.00030,0
14222.960,0.07544,-0.99854,-0.24414,1.03071,0.00285,0.00031,0
14224.418,0.07837,-0.99585,-0.23926,1.02718,0.00353,0.00031,0
14225.875,0.07983,-1.00293,-0.23706,1.03365,0.00647,0.00035,0
14227.331,0.08350,-0.99292,-0.23755,1.02435,0.00930,0.00040,0
14228.791,0.07642,-0.99438,-0.24854,1.02782,0.00347,0.00041,0
14230.245,0.07764,-0.99292,-0.24634,1.02596,0.00186,0.00042,0
14231.707,0.07788,-0.99976,-0.24585,1.03248,0.00652,0.00046,0
14233.164,0.07910,-0.99609,-0.24194,1.02810,0.00438,0.00045,0
14234.621,0.07788,-0.99780,-0.23877,1.02892,0.00082,0.00045,0
14236.076,0.08032,-0.99829,-0.24365,1.03073,0.00180,0.00040,0
14237.529,0.07861,-0.99316,-0.24194,1.02523,0.00550,0.00041,0
14238.984,0.08081,-0.99902,-0.24561,1.03194,0.00671,0.00045,0
14240.443,0.08057,-0.99634,-0.24023,1.02805,0.00389,0.00045,0
14241.921,0.07739,-0.99756,-0.24390,1.02985,0.00180,0.00042,0
14243.378,0.08740,-0.99634,-0.24121,1.02884,0.00101,0.00040,0
14244.834,0.07886,-0.99854,-0.24805,1.03190,0.00306,0.00039,0
14246.291,0.07886,-0.99658,-0.24048,1.02821,0.00369,0.00040,0
14247.750,0.07886,-0.99048,-0.23584,1.02122,0.00700,0.00045,0
14249.206,0.07642,-1.00659,-0.24243,1.03819,0.01697,0.00074,0
14250.669,0.07837,-0.99585,-0.24683,1.02897,0.00922,0.00082,0
14252.130,0.07837,-1.00171,-0.23096,1.03097,0.00200,0.00082,0
14253.587,0.07690,-1.00195,-0.23853,1.03282,0.00185,0.00080,0
14255.045,0.07471,-1.00122,-0.22876,1.02974,0.00309,0.00079,0
14256.501,0.07861,-0.99902,-0.24414,1.03142,0.00169,0.00079,0
14257.958,0.08105,-0.99609,-0.23755,1.02723,0.00419,0.00081,0
14259.450,0.07788,-0.99976,-0.23828,1.03071,0.00348,0.00081,0
14260.906,0.07739,-1.00244,-0.23291,1.03205,0.00134,0.00080,0
14262.365,0.07788,-0.99780,-0.24121,1.02949,0.00255,0.00077,0
14263.906,0.08105,-0.99194,-0.24805,1.02569,0.00380,0.00069,0
14265.363,0.07837,-0.99805,-0.24463,1.03057,0.00488,0.00070,0
14266.821,0.07007,-0.99390,-0.23975,1.02480,0.00577,0.00073,0
14268.274,0.08350,-0.99731,-0.23535,1.02810,0.00330,0.00070,0
14269.728,0.08032,-0.99683,-0.23364,1.02699,0.00112,0.00069,0
14271.184,0.08032,-0.99902,-0.23975,1.03052,0.00354,0.00070,0
14272.642,0.07764,-0.99829,-0.23657,1.02887,0.00165,0.00070,0
14274.104,0.08545,-0.99390,-0.23975,1.02597,0.00290,0.00067,0
14275.581,0.07837,-0.99048,-0.24048,1.02226,0.00371,0.00064,0
14277.039,0.07520,-0.99561,-0.23779,1.02637,0.00411,0.00064,0
14278.496,0.07520,-0.99902,-0.24316,1.03094,0.00457,0.00066,0
14279.987,0.07739,-0.99707,-0.24658,1.03002,0.00092,0.00066,0
14281.445,0.08154,-0.99756,-0.24341,1.03006,0.00004,0.00065,0
14282.909,0.08667,-0.99365,-0.23486,1.02470,0.00535,0.00067,0
14284.367,0.08545,-0.99561,-0.24292,1.02837,0.00367,0.00063,0
14285.826,0.08008,-0.99707,-0.24512,1.02988,0.00151,0.00035,0
14287.283,0.07617,-0.99341,-0.25073,1.02739,0.00249,0.00027,0
14288.739,0.07520,-0.99805,-0.24512,1.03045,0.00306,0.00027,0
14290.199,0.07153,-1.00073,-0.24097,1.03182,0.00136,0.00027,0
14291.655,0.07886,-0.99609,-0.23901,1.02740,0.00442,0.00028,0
14293.113,0.07910,-0.98755,-0.24048,1.01948,0.00792,0.00034,0
14294.576,0.08057,-0.98950,-0.23560,1.02035,0.00087,0.00032,0
14296.033,0.07666,-1.00146,-0.24146,1.03301,0.01266,0.00047,0
14297.510,0.07886,-0.99927,-0.23389,1.02930,0.00371,0.00049,0
14298.967,0.07935,-0.99756,-0.23730,1.02846,0.00084,0.00048,0
14300.424,0.07495,-0.99707,-0.23584,1.02732,0.00114,0.00047,0
14301.881,0.08057,-0.99658,-0.24023,1.02829,0.00097,0.00044,0
14303.337,0.08203,-1.00122,-0.23999,1.03284,0.00455,0.00043,0
14304.825,0.07886,-0.99536,-0.24487,1.02807,0.00478,0.00044,0
14306.253,0.07837,-0.99805,-0.24731,1.03121,0.00315,0.00045,0
14307.708,0.07617,-0.99658,-0.23071,1.02577,0.00544,0.00047,0
14309.162,0.07788,-0.99609,-0.23706,1.02687,0.00110,0.00047,0
14310.614,0.07910,-0.99561,-0.24609,1.02862,0.00174,0.00046,0
14312.677,0.07861,-0.99219,-0.23535,1.02274,0.00587,0.00048,0
14314.184,0.07739,-1.00122,-0.24902,1.03462,0.01188,0.00061,0
14315.687,0.07861,-0.99805,-0.24170,1.02990,0.00472,0.00061,0
14317.278,0.07910,-0.99976,-0.24243,1.03177,0.00187,0.00061,0
14318.763,0.07983,-0.99829,-0.23853,1.02949,0.00227,0.00062,0
14320.222,0.07935,-0.99609,-0.23975,1.02761,0.00188,0.00059,0
14321.708,0.07812,-0.99365,-0.24756,1.02700,0.00060,0.00058,0
14323.176,0.08105,-0.99731,-0.25049,1.03148,0.00448,0.00060,0
14324.686,0.07666,-0.98950,-0.23462,1.01982,0.01166,0.00072,0
14326.149,0.08203,-0.99048,-0.23511,1.02130,0.00148,0.00072,0
14327.609,0.08423,-0.99170,-0.24121,1.02408,0.00278,0.00072,0
14329.063,0.08398,-0.99438,-0.23584,1.02541,0.00133,0.00071,0
14330.518,0.07910,-0.99243,-0.23169,1.02218,0.00323,0.00065,0
14331.974,0.07690,-1.00024,-0.23828,1.03111,0.00892,0.00073,0
14333.432,0.07568,-0.99097,-0.24097,1.02265,0.00846,0.00064,0
14334.887,0.08105,-0.99512,-0.23877,1.02657,0.00392,0.00065,0
14336.341,0.07886,-0.99170,-0.23706,1.02268,0.00388,0.00066,0
14337.796,0.07935,-1.00488,-0.24658,1.03773,0.01505,0.00088,0
14339.254,0.08252,-0.99805,-0.24707,1.03148,0.00625,0.00092,0
14340.711,0.08618,-0.99438,-0.24341,1.02736,0.00412,0.00092,0
14342.175,0.08252,-0.99585,-0.24658,1.02924,0.00187,0.00090,0
14343.633,0.08057,-0.99341,-0.24268,1.02579,0.00345,0.00090,0
14345.091,0.07959,-0.99829,-0.25488,1.03339,0.00760,0.00093,0
14346.562,0.08350,-0.99780,-0.23975,1.02959,0.00379,0.00094,0
14348.026,0.08423,-0.99683,-0.24023,1.02882,0.00077,0.00094,0
14349.486,0.08374,-0.99854,-0.25122,1.03305,0.00423,0.00092,0
14350.946,0.07983,-1.00000,-0.24072,1.03166,0.00139,0.00078,0
14352.405,0.07959,-0.99683,-0.24170,1.02879,0.00287,0.00077,0
14353.865,0.08252,-1.00342,-0.25122,1.03767,0.00888,0.00085,0
14355.326,0.08057,-0.99854,-0.24658,1.03168,0.00599,0.00088,0
14356.784,0.08521,-0.99976,-0.24219,1.03219,0.00051,0.00087,0
14358.243,0.08008,-0.99951,-0.23755,1.03047,0.00173,0.00088,0
14359.703,0.07837,-0.98804,-0.24365,1.02065,0.00982,0.00095,0
14361.253,0.08276,-0.99023,-0.24243,1.02283,0.00218,0.00082,0
14362.712,0.07568,-0.99756,-0.24365,1.02967,0.00684,0.00087,0
14364.171,0.07666,-0.99756,-0.24341,1.02968,0.00001,0.00086,0
14365.629,0.08032,-0.99780,-0.24023,1.02945,0.00023,0.00086,0
14367.088,0.08179,-0.99536,-0.23706,1.02647,0.00299,0.00086,0
14368.546,0.08203,-0.99707,-0.24683,1.03044,0.00397,0.00079,0
14370.006,0.08032,-1.00146,-0.24097,1.03317,0.00274,0.00073,0
14371.465,0.07617,-0.99585,-0.23999,1.02719,0.00599,0.00075,0
14372.923,0.07544,-0.99683,-0.24707,1.02976,0.00257,0.00074,0
14374.382,0.07520,-0.99707,-0.24219,1.02881,0.00094,0.00051,0
14375.842,0.07666,-0.99609,-0.24585,1.02884,0.00003,0.00047,0
14377.301,0.08350,-0.99414,-0.24536,1.02737,0.00147,0.00046,0
14378.759,0.08081,-0.99902,-0.23926,1.03045,0.00308,0.00047,0
14380.218,0.07910,-0.99609,-0.23975,1.02759,0.00286,0.00046,0
14381.676,0.07837,-0.99487,-0.24390,1.02733,0.00026,0.00040,0
14383.134,0.07568,-0.99487,-0.24072,1.02638,0.00095,0.00039,0
14384.591,0.07520,-1.00024,-0.24805,1.03328,0.00691,0.00044,0
14386.049,0.08179,-1.00098,-0.24194,1.03304,0.00024,0.00042,0
14387.506,0.07983,-1.00000,-0.24805,1.03339,0.00035,0.00042,0
14388.964,0.07397,-0.99243,-0.24780,1.02557,0.00782,0.00047,0
14390.423,0.08325,-1.00439,-0.24707,1.03768,0.01211,0.00054,0
14391.881,0.09106,-0.99683,-0.23535,1.02827,0.00941,0.00059,0
14393.341,0.08057,-0.99316,-0.24194,1.02538,0.00289,0.00060,0
14394.800,0.08179,-0.99292,-0.23804,1.02432,0.00105,0.00060,0
14396.257,0.08423,-0.99976,-0.24023,1.03166,0.00733,0.00056,0
14397.718,0.07642,-0.99902,-0.24072,1.03045,0.00120,0.00055,0
14399.176,0.07422,-0.99707,-0.24316,1.02897,0.00148,0.00051,0
14400.635,0.08130,-0.99902,-0.24316,1.03140,0.00243,0.00051,0
14402.094,0.07837,-0.99854,-0.24634,1.03145,0.00005,0.00051,0
14403.554,0.07690,-0.99951,-0.23755,1.03023,0.00123,0.00051,0
14405.012,0.07642,-0.99634,-0.23950,1.02757,0.00266,0.00050,0
14406.470,0.08252,-1.00024,-0.23926,1.03177,0.00420,0.00051,0
14407.929,0.08398,-1.00171,-0.24512,1.03468,0.00291,0.00048,0
14409.388,0.07837,-1.00220,-0.23950,1.03339,0.00128,0.00048,0
14410.847,0.08008,-0.99854,-0.23560,1.02907,0.00432,0.00049,0
14412.305,0.07666,-1.00220,-0.24194,1.03383,0.00476,0.00052,0
14413.764,0.08252,-0.99707,-0.23779,1.02835,0.00548,0.00054,0
14415.223,0.08252,-0.99243,-0.23706,1.02368,0.00467,0.00056,0
14416.696,0.07935,-0.99683,-0.24243,1.02895,0.00526,0.00058,0
14418.155,0.07983,-0.99146,-0.24536,1.02448,0.00447,0.00060,0
14419.619,0.07886,-0.99683,-0.24121,1.02862,0.00414,0.00061,0
14421.077,0.07593,-0.99292,-0.23828,1.02393,0.00469,0.00059,0
14422.536,0.07935,-0.99609,-0.24023,1.02772,0.00379,0.00060,0
14424.014,0.07812,-0.99390,-0.23462,1.02420,0.00352,0.00061,0
14425.468,0.07471,-0.99536,-0.23218,1.02481,0.00061,0.00055,0
14426.929,0.08105,-0.99561,-0.23071,1.02520,0.00039,0.00041,0
14428.388,0.08008,-0.99878,-0.23120,1.02831,0.00312,0.00033,0
14429.846,0.07837,-0.99316,-0.24023,1.02481,0.00351,0.00033,0
14431.304,0.08105,-1.00146,-0.24243,1.03357,0.00877,0.00041,0
14432.761,0.08105,-0.99585,-0.24316,1.02831,0.00527,0.00038,0
14434.219,0.07935,-0.99829,-0.24414,1.03077,0.00246,0.00038,0
14435.677,0.08154,-0.99878,-0.23999,1.03044,0.00033,0.00038,0
14437.135,0.08276,-0.99463,-0.23584,1.02555,0.00489,0.00040,0
14438.594,0.08252,-0.99829,-0.24951,1.03230,0.00675,0.00045,0
14440.051,0.08154,-0.99341,-0.24976,1.02756,0.00474,0.00047,0
14441.517,0.08081,-0.99634,-0.23364,1.02655,0.00101,0.00046,0
14442.976,0.07739,-0.99292,-0.23804,1.02398,0.00257,0.00045,0
14444.434,0.07739,-1.00366,-0.24536,1.03611,0.01213,0.00059,0
14445.893,0.08301,-1.00073,-0.24121,1.03273,0.00338,0.00060,0
14447.351,0.07739,-0.99707,-0.24854,1.03049,0.00224,0.00058,0
14448.808,0.08228,-1.00024,-0.24854,1.03394,0.00345,0.00057,0
14450.266,0.07715,-0.99292,-0.24463,1.02552,0.00842,0.00061,0
14451.724,0.08032,-0.99658,-0.24365,1.02907,0.00356,0.00061,0
14453.181,0.07739,-0.99683,-0.23315,1.02665,0.00242,0.00058,0
14454.638,0.07397,-0.99512,-0.23340,1.02480,0.00186,0.00057,0
14456.119,0.08618,-0.99634,-0.24219,1.02897,0.00417,0.00057,0
14457.658,0.08105,-0.99609,-0.24097,1.02803,0.00094,0.00055,0
14459.116,0.08521,-0.99951,-0.24097,1.03167,0.00365,0.00055,0
14460.574,0.08276,-0.99390,-0.24072,1.02598,0.00570,0.00057,0
14462.033,0.07568,-0.99292,-0.24048,1.02443,0.00155,0.00057,0
14463.503,0.08057,-0.99194,-0.24707,1.02542,0.00099,0.00057,0
14464.960,0.07324,-0.99829,-0.24414,1.03032,0.00490,0.00058,0
14466.418,0.07886,-0.99902,-0.24731,1.03220,0.00188,0.00057,0
14467.876,0.07837,-1.00366,-0.24463,1.03601,0.00382,0.00051,0
14469.342,0.07788,-0.99731,-0.24097,1.02896,0.00705,0.00053,0
14470.802,0.07861,-0.99707,-0.23853,1.02821,0.00075,0.00053,0
14472.259,0.08032,-1.00146,-0.24243,1.03352,0.00530,0.00056,0
14473.717,0.08057,-0.99731,-0.24976,1.03126,0.00225,0.00054,0
14475.176,0.07910,-0.99463,-0.23364,1.02476,0.00650,0.00053,0
14476.634,0.08032,-1.00317,-0.23828,1.03421,0.00945,0.00060,0
14478.093,0.08398,-1.00073,-0.23535,1.03146,0.00275,0.00061,0
14479.553,0.08545,-1.00000,-0.24951,1.03419,0.00273,0.00061,0
14481.011,0.07935,-0.99829,-0.23950,1.02968,0.00451,0.00048,0
14482.469,0.08325,-1.00049,-0.24316,1.03297,0.00329,0.00048,0
14483.927,0.08154,-0.99902,-0.24219,1.03119,0.00178,0.00048,0
14485.385,0.08081,-1.00024,-0.23853,1.03146,0.00027,0.00047,0
14486.843,0.08472,-0.99878,-0.23779,1.03019,0.00128,0.00040,0
14488.302,0.07446,-0.99243,-0.24634,1.02525,0.00493,0.00041,0
14489.760,0.08081,-0.99438,-0.23901,1.02589,0.00064,0.00040,0
14491.219,0.07959,-0.99536,-0.24121,1.02726,0.00136,0.00040,0
14492.701,0.07544,-0.99536,-0.24292,1.02735,0.00009,0.00038,0
14494.161,0.08228,-1.00098,-0.24121,1.03291,0.00556,0.00041,0
14495.620,0.07349,-0.99170,-0.24292,1.02366,0.00925,0.00049,0
14497.197,0.08057,-1.00000,-0.24292,1.03223,0.00857,0.00053,0
14498.665,0.07886,-0.99365,-0.24683,1.02688,0.00535,0.00055,0
14500.122,0.07739,-0.99048,-0.24219,1.02259,0.00429,0.00057,0
14501.582,0.07983,-0.99634,-0.24365,1.02880,0.00621,0.00059,0
14503.042,0.08154,-0.99561,-0.24048,1.02748,0.00132,0.00058,0
14504.501,0.08374,-0.99878,-0.23633,1.02977,0.00229,0.00058,0
14505.959,0.07910,-0.99268,-0.24609,1.02578,0.00399,0.00054,0
14507.418,0.08032,-0.99512,-0.24390,1.02771,0.00193,0.00054,0
14508.877,0.07910,-0.99829,-0.25049,1.03227,0.00456,0.00054,0
14510.336,0.07520,-0.99585,-0.23804,1.02666,0.00561,0.00056,0
14511.796,0.07886,-0.99512,-0.23755,1.02611,0.00055,0.00052,0
14513.280,0.07251,-0.99951,-0.24438,1.03151,0.00539,0.00046,0
14514.738,0.07715,-0.99561,-0.23853,1.02668,0.00482,0.00048,0
14516.197,0.07690,-0.99878,-0.23633,1.02924,0.00255,0.00048,0
14517.655,0.08057,-0.99438,-0.24170,1.02650,0.00273,0.00046,0
14519.114,0.08472,-1.00073,-0.24341,1.03339,0.00688,0.00050,0
14520.572,0.08350,-1.00146,-0.24634,1.03469,0.00130,0.00050,0
14522.031,0.08301,-0.99756,-0.23657,1.02858,0.00611,0.00054,0
14523.505,0.08252,-0.99976,-0.24390,1.03238,0.00380,0.00055,0
14524.964,0.08032,-0.99731,-0.24658,1.03048,0.00190,0.00053,0
14526.424,0.07471,-1.00244,-0.24414,1.03444,0.00396,0.00054,0
14527.884,0.07397,-0.99756,-0.24341,1.02949,0.00496,0.00057,0
14529.342,0.07861,-0.99536,-0.24121,1.02718,0.00230,0.00057,0
14530.820,0.08301,-1.00049,-0.24121,1.03250,0.00531,0.00057,0
14532.279,0.08716,-0.99829,-0.23999,1.03043,0.00207,0.00049,0
14533.737,0.08057,-0.99414,-0.24756,1.02766,0.00276,0.00042,0
14535.196,0.08008,-0.99316,-0.24487,1.02604,0.00163,0.00040,0
14536.655,0.08154,-0.99878,-0.23608,1.02954,0.00350,0.00039,0
14538.114,0.07837,-0.99780,-0.24512,1.03045,0.00092,0.00035,0
14539.576,0.08057,-0.99585,-0.23779,1.02701,0.00344,0.00036,0
14541.035,0.08228,-0.99365,-0.24805,1.02744,0.00043,0.00036,0
14542.493,0.07837,-0.99463,-0.24487,1.02732,0.00012,0.00034,0
14543.951,0.07495,-0.99854,-0.24121,1.02999,0.00266,0.00034,0
14545.410,0.08228,-0.99170,-0.23950,1.02352,0.00646,0.00036,0
14546.885,0.07739,-0.99731,-0.23828,1.02830,0.00478,0.00036,0
14548.342,0.07300,-1.00024,-0.23999,1.03122,0.00292,0.00036,0
14549.801,0.07788,-0.99585,-0.23706,1.02664,0.00458,0.00036,0
14551.260,0.07983,-0.99414,-0.23608,1.02490,0.00173,0.00034,0
14552.719,0.08105,-0.99414,-0.24097,1.02613,0.00123,0.00033,0
14554.256,0.08252,-0.99536,-0.23267,1.02552,0.00062,0.00032,0
14555.716,0.07544,-0.99341,-0.24023,1.02482,0.00069,0.00028,0
14557.174,0.07715,-0.99854,-0.23267,1.02818,0.00336,0.00029,0
14558.634,0.07642,-0.99927,-0.23853,1.03018,0.00200,0.00025,0
14560.094,0.07861,-0.99585,-0.23975,1.02731,0.00287,0.00025,0
14561.567,0.07886,-1.00171,-0.23975,1.03301,0.00570,0.00028,0
14563.026,0.07983,-0.99463,-0.24585,1.02767,0.00535,0.00029,0
14564.485,0.07788,-0.99561,-0.24048,1.02719,0.00048,0.00026,0
14565.943,0.07715,-0.99756,-0.23608,1.02801,0.00082,0.00026,0
14567.402,0.08008,-0.99780,-0.23926,1.02921,0.00119,0.00023,0
14568.860,0.08569,-0.99268,-0.24048,1.02498,0.00423,0.00025,0
14570.319,0.07886,-0.99512,-0.23389,1.02527,0.00029,0.00024,0
14571.778,0.08228,-0.99536,-0.24756,1.02898,0.00371,0.00025,0
14573.236,0.08154,-0.99707,-0.23828,1.02839,0.00059,0.00024,0
14574.696,0.07959,-1.00220,-0.24390,1.03451,0.00613,0.00028,0
14576.154,0.07910,-1.00000,-0.24048,1.03155,0.00297,0.00027,0
14577.612,0.08154,-1.00146,-0.23853,1.03270,0.00116,0.00027,0
14579.072,0.08057,-0.99902,-0.24268,1.03123,0.00148,0.00028,0
14580.530,0.08105,-0.99805,-0.23584,1.02873,0.00250,0.00027,0
14581.990,0.08179,-0.99951,-0.23804,1.03072,0.00198,0.00024,0
14583.484,0.07666,-0.99854,-0.24365,1.03069,0.00003,0.00021,0
14584.942,0.08008,-0.99438,-0.24365,1.02693,0.00376,0.00022,0
14586.404,0.08325,-0.99805,-0.24634,1.03136,0.00444,0.00022,0
14587.862,0.08228,-0.99927,-0.24390,1.03189,0.00052,0.00022,0
14589.333,0.08203,-0.99658,-0.24146,1.02869,0.00320,0.00022,0
14590.824,0.07935,-0.99585,-0.24658,1.02899,0.00030,0.00022,0
14592.283,0.07837,-0.99512,-0.24438,1.02768,0.00131,0.00023,0
14593.743,0.08105,-1.00024,-0.24097,1.03205,0.00437,0.00023,0
14595.201,0.08228,-0.99829,-0.23535,1.02895,0.00309,0.00024,0
14596.659,0.07568,-0.99219,-0.23486,1.02241,0.00654,0.00027,0
14598.123,0.07959,-0.99414,-0.24170,1.02619,0.00378,0.00025,0
14599.585,0.07642,-1.00293,-0.24268,1.03470,0.00851,0.00030,0
14601.044,0.07788,-0.99487,-0.24780,1.02822,0.00647,0.00034,0
14602.503,0.07788,-0.99683,-0.24487,1.02941,0.00119,0.00034,0
14603.962,0.08008,-0.99731,-0.24609,1.03034,0.00093,0.00034,0
14605.420,0.07959,-0.99658,-0.24609,1.02960,0.00075,0.00032,0
14606.878,0.08228,-0.99658,-0.24414,1.02934,0.00025,0.00032,0
14608.338,0.08179,-1.00317,-0.24341,1.03552,0.00617,0.00035,0
14609.796,0.07690,-0.99634,-0.23438,1.02642,0.00910,0.00043,0
14611.255,0.08105,-0.99585,-0.24536,1.02883,0.00241,0.00040,0
14612.713,0.08228,-1.00366,-0.24365,1.03609,0.00726,0.00044,0
14614.173,0.08179,-0.99585,-0.24780,1.02947,0.00661,0.00048,0
14615.634,0.08228,-0.99048,-0.24243,1.02303,0.00644,0.00052,0
14617.092,0.08521,-0.99707,-0.24023,1.02914,0.00611,0.00055,0
14618.551,0.08032,-0.99707,-0.23975,1.02863,0.00051,0.00055,0
14620.010,0.07935,-0.99756,-0.23633,1.02824,0.00039,0.00055,0
14621.467,0.07666,-0.99609,-0.24268,1.02809,0.00015,0.00054,0
14622.927,0.08008,-0.99878,-0.24072,1.03050,0.00240,0.00052,0
14624.385,0.08569,-0.99707,-0.24170,1.02952,0.00098,0.00052,0
14625.844,0.07788,-0.99463,-0.22803,1.02340,0.00612,0.00055,0
14627.303,0.07739,-0.99585,-0.24316,1.02802,0.00462,0.00057,0
14628.762,0.08154,-0.99219,-0.24121,1.02434,0.00369,0.00058,0
14630.223,0.07861,-0.99585,-0.23682,1.02663,0.00230,0.00057,0
14631.683,0.07568,-0.99731,-0.23682,1.02784,0.00120,0.00056,0
14633.141,0.07666,-1.00220,-0.23804,1.03293,0.00509,0.00055,0
14634.601,0.08203,-0.99707,-0.24512,1.03003,0.00290,0.00054,0
14636.064,0.07520,-0.99854,-0.24585,1.03110,0.00107,0.00047,0
14637.524,0.07910,-0.99902,-0.24146,1.03083,0.00027,0.00043,0
14638.983,0.07617,-1.00122,-0.24365,1.03325,0.00243,0.00043,0
14640.441,0.08008,-0.98926,-0.24829,1.02308,0.01017,0.00053,0
14641.900,0.08374,-0.99170,-0.24048,1.02387,0.00079,0.00053,0
14643.359,0.07959,-0.99805,-0.23877,1.02929,0.00542,0.00056,0
14644.817,0.07715,-0.99683,-0.24414,1.02918,0.00011,0.00053,0
14646.275,0.08545,-1.00366,-0.24316,1.03623,0.00704,0.00049,0
14647.733,0.08032,-1.00122,-0.23950,1.03260,0.00363,0.00050,0
14649.191,0.07959,-0.99634,-0.23730,1.02730,0.00530,0.00047,0
14650.735,0.07959,-0.99561,-0.25098,1.02983,0.00254,0.00044,0
14652.194,0.07886,-0.99316,-0.23560,1.02377,0.00607,0.00043,0
14653.653,0.08301,-0.99561,-0.23364,1.02602,0.00225,0.00040,0
14655.111,0.08350,-0.99512,-0.24048,1.02716,0.00114,0.00040,0
14656.570,0.08228,-0.99780,-0.23511,1.02842,0.00126,0.00040,0
14658.029,0.08081,-0.99048,-0.24023,1.02239,0.00603,0.00044,0
14659.518,0.08594,-0.99023,-0.23779,1.02201,0.00039,0.00043,0
14660.976,0.08105,-0.99585,-0.23633,1.02671,0.00471,0.00045,0
14662.437,0.07886,-0.99609,-0.24707,1.02930,0.00259,0.00042,0
14663.896,0.07812,-1.00220,-0.24585,1.03486,0.00556,0.00043,0
14665.359,0.07788,-0.99121,-0.24316,1.02357,0.01130,0.00055,0
14666.819,0.08154,-0.99219,-0.24194,1.02451,0.00094,0.00054,0
14668.277,0.08398,-0.99194,-0.23633,1.02316,0.00135,0.00054,0
14669.735,0.08374,-0.99512,-0.23999,1.02707,0.00391,0.00053,0
14671.194,0.07959,-0.99365,-0.24463,1.02641,0.00065,0.00053,0
14672.652,0.07910,-0.99438,-0.24512,1.02720,0.00079,0.00052,0
14674.110,0.08521,-0.99854,-0.24097,1.03073,0.00353,0.00054,0
14675.571,0.08740,-1.00342,-0.23999,1.03541,0.00469,0.00055,0
14677.030,0.07959,-0.99585,-0.23804,1.02699,0.00842,0.00052,0
14678.490,0.08105,-0.99487,-0.23950,1.02650,0.00049,0.00052,0
14679.949,0.07861,-0.99902,-0.23682,1.02971,0.00321,0.00050,0
14681.408,0.08130,-0.99512,-0.24121,1.02716,0.00256,0.00051,0
14682.876,0.07983,-0.99854,-0.23242,1.02833,0.00118,0.00046,0
14684.331,0.08252,-0.99463,-0.24756,1.02829,0.00004,0.00045,0
14685.791,0.08105,-0.99170,-0.24243,1.02411,0.00418,0.00044,0
14687.250,0.07788,-1.00391,-0.23950,1.03501,0.01090,0.00055,0
14688.708,0.08301,-0.99731,-0.23853,1.02880,0.00622,0.00055,0
14690.169,0.07324,-0.99585,-0.24390,1.02789,0.00090,0.00055,0
14691.629,0.07959,-1.00317,-0.23730,1.03393,0.00603,0.00058,0
14693.087,0.07739,-0.99756,-0.24072,1.02911,0.00482,0.00060,0
14694.547,0.08057,-0.99512,-0.24292,1.02750,0.00161,0.00057,0
14696.005,0.08130,-0.99927,-0.24121,1.03118,0.00368,0.00058,0
14697.466,0.08032,-0.99438,-0.24170,1.02648,0.00469,0.00058,0
14698.926,0.08081,-0.99487,-0.23901,1.02637,0.00012,0.00057,0
14700.384,0.07935,-0.99536,-0.23853,1.02661,0.00025,0.00054,0
14701.843,0.08057,-0.99634,-0.24585,1.02938,0.00277,0.00042,0
14703.302,0.08545,-1.00000,-0.24390,1.03285,0.00347,0.00044,0
14704.760,0.08154,-1.00122,-0.24121,1.03309,0.00024,0.00043,0
14706.219,0.07886,-0.99756,-0.24683,1.03066,0.00243,0.00042,0
14707.680,0.07642,-0.99561,-0.24390,1.02789,0.00277,0.00043,0
14709.138,0.07520,-1.00024,-0.24146,1.03172,0.00383,0.00045,0
14710.597,0.07935,-0.99756,-0.24438,1.03012,0.00160,0.00044,0
14712.065,0.07812,-0.98950,-0.23950,1.02107,0.00905,0.00050,0
14713.524,0.07715,-0.99756,-0.24048,1.02903,0.00796,0.00049,0
14714.983,0.07593,-0.99365,-0.23682,1.02430,0.00473,0.00051,0
14716.441,0.08081,-0.99390,-0.23511,1.02452,0.00022,0.00050,0
14717.899,0.08008,-0.99292,-0.22949,1.02224,0.00228,0.00050,0
14719.358,0.07642,-0.99194,-0.24023,1.02348,0.00124,0.00050,0
14720.816,0.07935,-0.99268,-0.23950,1.02424,0.00076,0.00050,0
14722.290,0.07886,-0.99854,-0.24121,1.03028,0.00604,0.00052,0
14723.750,0.07495,-1.00024,-0.23657,1.03057,0.00029,0.00040,0
14725.208,0.08276,-0.99731,-0.24487,1.03027,0.00030,0.00036,0
14726.669,0.07959,-0.99731,-0.24268,1.02950,0.00077,0.00036,0
14728.126,0.08154,-0.99561,-0.24390,1.02828,0.00121,0.00033,0
14729.585,0.08740,-0.99658,-0.24365,1.02965,0.00137,0.00030,0
14731.046,0.08130,-0.99536,-0.24341,1.02791,0.00174,0.00030,0
14732.504,0.08228,-0.99829,-0.24365,1.03088,0.00297,0.00030,0
14733.989,0.07861,-0.99365,-0.23853,1.02490,0.00598,0.00031,0
14735.447,0.08081,-0.99756,-0.23950,1.02908,0.00418,0.00033,0
14736.905,0.07983,-0.99023,-0.22314,1.01820,0.01088,0.00045,0
14738.365,0.07935,-0.99292,-0.23413,1.02323,0.00503,0.00047,0
14739.824,0.08154,-0.99243,-0.24536,1.02556,0.00233,0.00046,0
14741.282,0.08374,-0.99438,-0.24097,1.02659,0.00103,0.00046,0
14742.742,0.08545,-0.99609,-0.24536,1.02942,0.00283,0.00046,0
14744.199,0.08228,-0.99731,-0.23657,1.02829,0.00113,0.00046,0
14745.659,0.07715,-0.99438,-0.23950,1.02573,0.00256,0.00045,0
14747.189,0.08032,-0.99585,-0.24585,1.02889,0.00316,0.00046,0
14748.649,0.07788,-0.99561,-0.23853,1.02674,0.00215,0.00038,0
14750.108,0.08301,-1.00000,-0.23999,1.03174,0.00500,0.00034,0
14751.583,0.08154,-0.99585,-0.23511,1.02647,0.00527,0.00035,0
14753.042,0.08057,-0.99731,-0.24048,1.02906,0.00259,0.00035,0
14754.502,0.08569,-0.99805,-0.24683,1.03168,0.00262,0.00036,0
14755.961,0.07788,-0.99854,-0.23511,1.02879,0.00289,0.00036,0
14757.419,0.08057,-1.00073,-0.23877,1.03197,0.00318,0.00037,0
14758.879,0.08154,-1.00098,-0.23999,1.03257,0.00060,0.00034,0
14760.337,0.08057,-0.99976,-0.24341,1.03211,0.00046,0.00034,0
14761.796,0.08057,-1.00220,-0.23169,1.03178,0.00033,0.00034,0
14763.254,0.07739,-0.99756,-0.24023,1.02899,0.00279,0.00034,0
14764.741,0.07446,-0.99854,-0.23486,1.02848,0.00051,0.00034,0
14766.200,0.08154,-0.99609,-0.23853,1.02750,0.00099,0.00034,0
14767.660,0.08008,-0.99707,-0.23438,1.02737,0.00012,0.00034,0
14769.119,0.08032,-0.99829,-0.24170,1.03027,0.00290,0.00034,0
14770.577,0.07812,-1.00122,-0.24658,1.03409,0.00382,0.00032,0
14772.036,0.08032,-0.99878,-0.25098,1.03296,0.00114,0.00030,0
14773.495,0.08203,-0.99854,-0.24805,1.03215,0.00081,0.00018,0
14774.954,0.08252,-0.99658,-0.24390,1.02931,0.00284,0.00016,0
14776.413,0.07495,-0.99536,-0.24194,1.02708,0.00222,0.00016,0
14777.872,0.08521,-0.99805,-0.24292,1.03071,0.00363,0.00018,0
14779.331,0.08521,-0.99585,-0.24390,1.02882,0.00190,0.00017,0
14780.790,0.08008,-0.99658,-0.23804,1.02774,0.00108,0.00017,0
14782.265,0.08203,-0.99658,-0.24097,1.02858,0.00084,0.00017,0
14783.723,0.07593,-1.00000,-0.24829,1.03316,0.00458,0.00018,0
14785.181,0.07690,-0.99805,-0.24194,1.02983,0.00333,0.00018,0
14786.641,0.07935,-0.99609,-0.24731,1.02940,0.00043,0.00016,0
14788.123,0.08008,-0.99707,-0.24365,1.02953,0.00013,0.00013,0
14789.594,0.07690,-0.99365,-0.24463,1.02621,0.00332,0.00013,0
14791.053,0.07397,-0.99438,-0.23657,1.02481,0.00140,0.00013,0
14792.510,0.07910,-0.99414,-0.22949,1.02335,0.00146,0.00012,0
14793.970,0.08228,-0.99536,-0.24316,1.02793,0.00458,0.00013,0
14795.428,0.07471,-1.00024,-0.24194,1.03180,0.00387,0.00015,0
14796.888,0.08154,-0.99463,-0.23999,1.02642,0.00538,0.00018,0
14798.348,0.07837,-0.99390,-0.23950,1.02535,0.00107,0.00018,0
14799.807,0.08008,-0.99170,-0.24365,1.02433,0.00102,0.00017,0
14801.266,0.08203,-0.99121,-0.24365,1.02401,0.00032,0.00017,0
14802.726,0.08447,-0.99731,-0.24805,1.03116,0.00715,0.00022,0
14804.183,0.08203,-0.99341,-0.24512,1.02648,0.00468,0.00024,0
14805.642,0.08301,-1.00098,-0.25122,1.03535,0.00887,0.00031,0
14807.114,0.08276,-1.00024,-0.24805,1.03386,0.00149,0.00030,0
14808.575,0.08228,-0.99414,-0.24097,1.02623,0.00763,0.00036,0
14810.033,0.07837,-0.99927,-0.23706,1.02999,0.00376,0.00037,0
14811.527,0.07861,-0.99951,-0.24976,1.03324,0.00325,0.00037,0
14812.986,0.07837,-0.99487,-0.24463,1.02750,0.00574,0.00040,0
14814.445,0.07593,-0.99780,-0.24438,1.03010,0.00260,0.00040,0
14815.903,0.07788,-0.99097,-0.24487,1.02374,0.00636,0.00043,0
14817.377,0.07544,-1.00073,-0.24634,1.03336,0.00962,0.00052,0
14818.836,0.07935,-0.99927,-0.24023,1.03080,0.00257,0.00053,0
14820.290,0.07812,-0.99463,-0.24268,1.02678,0.00402,0.00053,0
14821.743,0.07837,-1.00244,-0.23901,1.03352,0.00674,0.00056,0
14823.199,0.08569,-0.99805,-0.24561,1.03139,0.00213,0.00056,0
14824.659,0.08081,-1.00220,-0.23779,1.03319,0.00180,0.00057,0
14826.118,0.08008,-0.99829,-0.23926,1.02968,0.00351,0.00057,0
14827.578,0.08154,-0.99292,-0.23926,1.02459,0.00509,0.00059,0
14829.037,0.08057,-0.99390,-0.23999,1.02563,0.00104,0.00059,0
14830.497,0.07544,-0.99756,-0.24341,1.02959,0.00396,0.00059,0
14831.956,0.07642,-0.99121,-0.24292,1.02340,0.00619,0.00061,0
14833.416,0.07837,-0.99316,-0.24316,1.02550,0.00210,0.00059,0
14834.898,0.08032,-0.99561,-0.23730,1.02664,0.00115,0.00059,0
14836.359,0.08081,-0.99561,-0.23706,1.02662,0.00002,0.00058,0
14837.818,0.08032,-0.99243,-0.24609,1.02564,0.00099,0.00059,0
14839.277,0.07886,-0.99414,-0.24561,1.02706,0.00142,0.00054,0
14840.751,0.07788,-1.00049,-0.24438,1.03284,0.00578,0.00055,0
14842.211,0.07959,-1.00269,-0.24512,1.03528,0.00243,0.00048,0
14843.741,0.07983,-0.99316,-0.24414,1.02584,0.00943,0.00056,0
14845.202,0.08130,-0.99658,-0.23755,1.02772,0.00188,0.00051,0
14846.662,0.07715,-0.99658,-0.24756,1.02976,0.00204,0.00050,0
14848.120,0.07812,-0.99487,-0.24194,1.02685,0.00292,0.00050,0
14849.579,0.07422,-0.99341,-0.25220,1.02760,0.00076,0.00046,0
14851.037,0.07983,-0.99536,-0.24243,1.02757,0.00004,0.00046,0
14852.496,0.08276,-0.99463,-0.24097,1.02674,0.00082,0.00042,0
14853.955,0.08252,-0.99878,-0.23926,1.03035,0.00360,0.00034,0
14855.413,0.08130,-0.99292,-0.24414,1.02572,0.00463,0.00035,0
14856.873,0.08179,-0.99536,-0.24243,1.02772,0.00200,0.00034,0
14858.331,0.07520,-0.99097,-0.23486,1.02119,0.00653,0.00034,0
14859.789,0.07764,-1.00098,-0.23853,1.03193,0.01074,0.00045,0
14861.248,0.07935,-0.99536,-0.24609,1.02840,0.00353,0.00046,0
14862.707,0.07349,-0.99316,-0.24146,1.02473,0.00367,0.00046,0
14864.165,0.07642,-0.99683,-0.23950,1.02804,0.00331,0.00044,0
14865.624,0.07642,-1.00171,-0.23828,1.03249,0.00445,0.00046,0
14867.082,0.07617,-0.99756,-0.23853,1.02850,0.00399,0.00046,0
14868.541,0.07812,-0.99365,-0.23511,1.02407,0.00443,0.00044,0
14869.999,0.07935,-0.99561,-0.24341,1.02799,0.00392,0.00045,0
14871.459,0.08081,-0.99634,-0.24072,1.02819,0.00019,0.00045,0
14872.917,0.07935,-0.99561,-0.24756,1.02899,0.00080,0.00045,0
14874.375,0.08008,-0.99438,-0.24683,1.02769,0.00130,0.00045,0
14875.835,0.07788,-0.99634,-0.24292,1.02848,0.00079,0.00045,0
14877.293,0.07812,-0.99634,-0.24365,1.02867,0.00019,0.00042,0
14878.753,0.08057,-0.99805,-0.23413,1.02830,0.00037,0.00041,0
14880.211,0.07495,-0.99438,-0.23926,1.02551,0.00280,0.00033,0
14881.671,0.08252,-0.99170,-0.23535,1.02258,0.00293,0.00034,0
14883.130,0.07715,-0.99463,-0.23511,1.02495,0.00237,0.00034,0
14884.589,0.07739,-0.99951,-0.23950,1.03072,0.00577,0.00036,0
14886.054,0.08008,-1.00146,-0.24512,1.03413,0.00342,0.00037,0
14887.528,0.08154,-1.00024,-0.24194,1.03231,0.00182,0.00038,0
14888.986,0.08521,-0.99951,-0.23730,1.03082,0.00149,0.00038,0
14890.446,0.07593,-0.99048,-0.23853,1.02162,0.00920,0.00045,0
14891.905,0.07666,-0.99268,-0.23779,1.02363,0.00201,0.00043,0
14893.364,0.08301,-0.99585,-0.24194,1.02817,0.00454,0.00045,0
14894.824,0.07666,-0.98950,-0.24316,1.02182,0.00635,0.00045,0
14896.281,0.07812,-0.99194,-0.24854,1.02559,0.00376,0.00035,0
14897.741,0.08301,-0.99902,-0.24902,1.03293,0.00735,0.00039,0
14899.202,0.07837,-0.99609,-0.23730,1.02697,0.00597,0.00041,0
14900.660,0.07471,-0.99976,-0.23975,1.03081,0.00385,0.00041,0
14902.120,0.08081,-0.99536,-0.24536,1.02834,0.00247,0.00040,0
14903.580,0.08081,-0.99390,-0.23535,1.02457,0.00376,0.00040,0
14905.039,0.07617,-0.99463,-0.24072,1.02618,0.00160,0.00038,0
14906.498,0.07495,-0.99512,-0.23975,1.02633,0.00015,0.00037,0
14907.956,0.07788,-1.00146,-0.24048,1.03287,0.00654,0.00041,0
14909.415,0.07959,-0.99658,-0.23145,1.02620,0.00668,0.00045,0
14910.881,0.07178,-0.99194,-0.23242,1.02133,0.00486,0.00048,0
14912.338,0.08350,-1.00024,-0.23901,1.03179,0.01045,0.00058,0
14913.797,0.08179,-0.99292,-0.23779,1.02427,0.00752,0.00064,0
14915.256,0.07690,-0.99536,-0.23535,1.02569,0.00143,0.00064,0
14916.714,0.07617,-0.99609,-0.23926,1.02725,0.00156,0.00064,0
14918.173,0.07837,-0.99951,-0.23560,1.02989,0.00264,0.00064,0
14919.634,0.07788,-0.99756,-0.23926,1.02880,0.00109,0.00063,0
14921.092,0.07812,-0.99756,-0.24316,1.02974,0.00093,0.00060,0
14922.551,0.07886,-0.99292,-0.23535,1.02347,0.00626,0.00063,0
14924.010,0.08301,-0.99023,-0.23975,1.02222,0.00125,0.00062,0
14925.469,0.08057,-0.99902,-0.23706,1.02992,0.00770,0.00068,0
14926.928,0.08008,-0.99658,-0.23462,1.02695,0.00297,0.00061,0
14928.387,0.07739,-0.99536,-0.23413,1.02545,0.00150,0.00060,0
14929.846,0.07739,-0.99731,-0.24146,1.02904,0.00359,0.00060,0
14931.306,0.07690,-1.00073,-0.24951,1.03423,0.00519,0.00058,0
14932.764,0.07739,-1.00122,-0.24243,1.03306,0.00118,0.00057,0
14934.223,0.07812,-0.99390,-0.24146,1.02578,0.00727,0.00057,0
14935.684,0.07617,-0.99268,-0.23462,1.02287,0.00292,0.00054,0
14937.143,0.07739,-0.99316,-0.23730,1.02405,0.00118,0.00053,0
14938.603,0.07690,-0.99878,-0.23364,1.02862,0.00457,0.00054,0
14940.161,0.07446,-0.99585,-0.24316,1.02781,0.00081,0.00053,0
14941.623,0.07935,-0.99805,-0.24805,1.03147,0.00366,0.00054,0
14943.082,0.07739,-0.99463,-0.24023,1.02615,0.00531,0.00057,0
14944.540,0.08154,-0.99121,-0.24072,1.02328,0.00288,0.00053,0
14946.025,0.08252,-0.99390,-0.24561,1.02711,0.00384,0.00050,0
14947.483,0.07935,-0.99683,-0.24268,1.02900,0.00189,0.00048,0
14948.942,0.07886,-0.99292,-0.23315,1.02297,0.00603,0.00041,0
14950.401,0.08203,-0.99683,-0.23560,1.02757,0.00460,0.00038,0
14951.859,0.07886,-0.99292,-0.23535,1.02347,0.00409,0.00039,0
14953.318,0.07666,-0.99512,-0.24341,1.02732,0.00384,0.00040,0
14954.779,0.08130,-0.99438,-0.24121,1.02645,0.00087,0.00040,0
14956.235,0.08179,-0.99878,-0.24512,1.03166,0.00522,0.00042,0
14957.694,0.08228,-1.00098,-0.24292,1.03331,0.00165,0.00042,0
14959.153,0.07837,-0.99902,-0.24805,1.03234,0.00098,0.00039,0
14960.612,0.07642,-0.99463,-0.24414,1.02700,0.00533,0.00041,0
14962.071,0.08081,-0.99268,-0.23560,1.02345,0.00356,0.00037,0
14963.530,0.07837,-0.99609,-0.24707,1.02927,0.00582,0.00039,0
14964.991,0.07861,-0.99731,-0.24756,1.03058,0.00132,0.00039,0
14966.453,0.07520,-0.99780,-0.24536,1.03028,0.00031,0.00038,0
14967.912,0.07568,-0.99609,-0.23804,1.02693,0.00334,0.00036,0
14969.390,0.07544,-0.99707,-0.23877,1.02803,0.00110,0.00036,0
14970.880,0.07910,-0.99536,-0.24048,1.02705,0.00098,0.00031,0
14972.339,0.08276,-0.99585,-0.24194,1.02816,0.00111,0.00030,0
14973.798,0.07812,-0.99731,-0.24561,1.03008,0.00192,0.00031,0
14975.257,0.07837,-0.99463,-0.24023,1.02623,0.00385,0.00030,0
14976.716,0.08105,-0.99756,-0.24170,1.02962,0.00339,0.00031,0
14978.174,0.08154,-0.99536,-0.24634,1.02863,0.00099,0.00030,0
14979.634,0.08008,-0.99927,-0.25146,1.03353,0.00490,0.00029,0
14981.093,0.07642,-0.99585,-0.22827,1.02453,0.00900,0.00037,0
14982.553,0.07568,-0.99731,-0.23511,1.02744,0.00291,0.00036,0
14984.011,0.07690,-0.98950,-0.24561,1.02242,0.00502,0.00038,0
14985.471,0.07812,-0.99634,-0.23999,1.02781,0.00538,0.00037,0
14986.931,0.07861,-0.99438,-0.23828,1.02555,0.00225,0.00036,0
14988.390,0.07910,-0.99609,-0.23486,1.02646,0.00091,0.00034,0
14989.849,0.07617,-0.99609,-0.24292,1.02811,0.00165,0.00033,0
14991.308,0.07983,-0.99414,-0.23755,1.02524,0.00287,0.00034,0
14992.791,0.07471,-0.99585,-0.23633,1.02623,0.00099,0.00031,0
14994.254,0.07886,-0.99048,-0.23535,1.02111,0.00512,0.00034,0
14995.713,0.08252,-0.99878,-0.24146,1.03086,0.00975,0.00043,0
14997.172,0.08252,-0.99463,-0.23145,1.02453,0.00633,0.00044,0
14998.634,0.08130,-0.99243,-0.24072,1.02444,0.00009,0.00043,0
15000.094,0.07690,-1.00195,-0.24170,1.03356,0.00912,0.00048,0
15001.552,0.07788,-0.99463,-0.24512,1.02734,0.00621,0.00051,0
15003.012,0.08154,-0.99634,-0.24683,1.02969,0.00235,0.00052,0
15004.470,0.08154,-0.99658,-0.24707,1.02998,0.00029,0.00051,0
15005.929,0.07935,-0.99780,-0.23975,1.02926,0.00072,0.00051,0
15007.388,0.07910,-0.99390,-0.24512,1.02673,0.00254,0.00051,0
15008.847,0.07764,-0.99512,-0.24585,1.02797,0.00124,0.00051,0
15010.320,0.08130,-0.99487,-0.23535,1.02556,0.00241,0.00052,0
15011.779,0.08105,-0.99609,-0.24878,1.02989,0.00433,0.00052,0
15013.238,0.07642,-0.99219,-0.24048,1.02377,0.00612,0.00055,0
15014.698,0.08276,-0.99487,-0.23877,1.02647,0.00270,0.00055,0
15016.156,0.07739,-0.99512,-0.23853,1.02623,0.00024,0.00053,0
15017.616,0.08057,-0.99902,-0.23950,1.03049,0.00426,0.00047,0
15019.075,0.08057,-0.99780,-0.23657,1.02862,0.00186,0.00046,0
15020.533,0.08203,-1.00073,-0.23730,1.03175,0.00313,0.00044,0
15021.991,0.08911,-0.99365,-0.23584,1.02514,0.00661,0.00046,0
15023.451,0.08374,-0.99438,-0.24121,1.02664,0.00151,0.00046,0
15024.909,0.08057,-0.99902,-0.23828,1.03020,0.00356,0.00047,0
15026.367,0.07275,-0.99438,-0.23730,1.02489,0.00531,0.00049,0
15027.827,0.07788,-1.00220,-0.24072,1.03364,0.00875,0.00056,0
15029.285,0.08130,-0.99976,-0.24365,1.03222,0.00142,0.00056,0
15030.745,0.07715,-0.99463,-0.24097,1.02631,0.00592,0.00057,0
15032.203,0.08301,-0.99683,-0.23608,1.02776,0.00145,0.00048,0
15033.662,0.08154,-0.99731,-0.23975,1.02896,0.00120,0.00044,0
15035.122,0.07715,-0.99390,-0.24170,1.02577,0.00319,0.00045,0
15036.581,0.08057,-0.99365,-0.23462,1.02415,0.00162,0.00037,0
15038.125,0.08032,-0.99780,-0.24194,1.02985,0.00570,0.00036,0
15039.587,0.07715,-0.99829,-0.23413,1.02828,0.00158,0.00036,0
15041.047,0.07422,-0.99976,-0.22876,1.02828,0.00000,0.00036,0
15042.506,0.07422,-0.99707,-0.23389,1.02682,0.00146,0.00036,0
15043.966,0.07690,-0.99805,-0.24268,1.03000,0.00318,0.00037,0
15045.426,0.07666,-0.99805,-0.24634,1.03085,0.00085,0.00037,0
15046.919,0.08057,-0.99878,-0.24683,1.03198,0.00112,0.00036,0
15048.380,0.08057,-0.99902,-0.23926,1.03043,0.00155,0.00034,0
15049.840,0.08350,-1.00098,-0.24414,1.03370,0.00327,0.00032,0
15051.298,0.08252,-0.99854,-0.24121,1.03057,0.00313,0.00032,0
15052.758,0.08032,-0.99536,-0.24390,1.02795,0.00262,0.00033,0
15054.218,0.08301,-0.99609,-0.23975,1.02790,0.00005,0.00031,0
15055.680,0.07959,-0.99585,-0.23730,1.02682,0.00107,0.00031,0
15057.139,0.07812,-0.99707,-0.23755,1.02795,0.00113,0.00030,0
15058.598,0.07861,-0.99438,-0.23950,1.02584,0.00211,0.00026,0
15060.058,0.07690,-0.99316,-0.24365,1.02550,0.00033,0.00026,0
15061.516,0.08228,-0.99268,-0.23804,1.02413,0.00138,0.00025,0
15062.974,0.08228,-0.99146,-0.24243,1.02398,0.00015,0.00022,0
15064.434,0.08057,-0.99609,-0.24536,1.02903,0.00505,0.00017,0
15065.893,0.08276,-0.99976,-0.23682,1.03075,0.00172,0.00017,0
15067.352,0.08472,-1.00049,-0.23975,1.03229,0.00155,0.00014,0
15068.812,0.08496,-0.99927,-0.24170,1.03159,0.00071,0.00013,0
15070.270,0.08130,-1.00342,-0.23633,1.03407,0.00249,0.00014,0
15071.732,0.08105,-1.00269,-0.24316,1.03493,0.00085,0.00013,0
15073.190,0.08032,-0.99756,-0.23999,1.02916,0.00577,0.00016,0
15074.650,0.08203,-1.00049,-0.23975,1.03208,0.00292,0.00014,0
15076.110,0.08447,-0.99683,-0.23828,1.02839,0.00369,0.00015,0
15077.569,0.07910,-0.99927,-0.24219,1.03124,0.00285,0.00015,0
15079.041,0.07983,-0.99585,-0.24121,1.02775,0.00348,0.00016,0
15080.498,0.07056,-1.00317,-0.23438,1.03260,0.00485,0.00018,0
15081.958,0.06641,-0.99902,-0.23853,1.02925,0.00335,0.00019,0
15083.418,0.07910,-0.99463,-0.23657,1.02543,0.00382,0.00020,0
15084.877,0.07446,-0.99634,-0.23340,1.02602,0.00058,0.00020,0
15086.339,0.07593,-0.99878,-0.24072,1.03018,0.00416,0.00021,0
15087.798,0.07373,-0.99902,-0.24487,1.03124,0.00105,0.00020,0
15089.257,0.07935,-0.99854,-0.24585,1.03141,0.00018,0.00019,0
15090.717,0.08350,-0.99780,-0.23999,1.02965,0.00176,0.00019,0
15092.175,0.07788,-0.99609,-0.24219,1.02807,0.00158,0.00020,0
15093.634,0.07593,-0.99634,-0.23145,1.02568,0.00239,0.00020,0
15095.094,0.07593,-0.99463,-0.22949,1.02358,0.00210,0.00020,0
15096.553,0.08423,-0.99121,-0.24292,1.02401,0.00043,0.00020,0
15098.013,0.08130,-0.99585,-0.24048,1.02769,0.00368,0.00021,0
15099.473,0.08423,-0.99219,-0.24365,1.02513,0.00256,0.00022,0
15100.931,0.08008,-0.99731,-0.24561,1.03023,0.00510,0.00022,0
15102.391,0.08057,-0.99487,-0.23340,1.02506,0.00517,0.00024,0
15103.851,0.08740,-0.99756,-0.23413,1.02839,0.00333,0.00025,0
15105.311,0.07617,-0.99438,-0.23706,1.02509,0.00330,0.00026,0
15106.770,0.08057,-0.99536,-0.23657,1.02626,0.00117,0.00026,0
15108.228,0.07422,-0.99585,-0.23926,1.02687,0.00062,0.00026,0
15109.695,0.08057,-0.99902,-0.24487,1.03175,0.00487,0.00025,0
15111.153,0.07788,-0.99292,-0.23975,1.02442,0.00733,0.00029,0
15112.612,0.07739,-0.99219,-0.24854,1.02577,0.00135,0.00028,0
15114.082,0.07935,-0.99316,-0.25000,1.02721,0.00145,0.00027,0
15115.543,0.08228,-0.99829,-0.24292,1.03071,0.00350,0.00027,0
15117.003,0.08130,-0.99585,-0.24341,1.02838,0.00233,0.00026,0
15118.462,0.08643,-0.99561,-0.25024,1.03020,0.00182,0.00025,0
15119.921,0.07764,-0.99878,-0.24023,1.03019,0.00001,0.00023,0
15121.381,0.08374,-0.99829,-0.23901,1.02991,0.00028,0.00023,0
15122.842,0.08228,-0.99707,-0.24365,1.02970,0.00021,0.00022,0
15124.299,0.08740,-0.99585,-0.23657,1.02729,0.00241,0.00022,0
15125.759,0.08594,-0.99780,-0.23486,1.02867,0.00138,0.00022,0
15127.218,0.07202,-0.99707,-0.23535,1.02700,0.00167,0.00022,0
15128.677,0.07202,-0.99365,-0.23730,1.02413,0.00287,0.00023,0
15130.136,0.07910,-0.99414,-0.24097,1.02598,0.00185,0.00023,0
15131.628,0.07812,-0.99487,-0.23828,1.02599,0.00001,0.00022,0
15133.087,0.07910,-0.99902,-0.24414,1.03146,0.00547,0.00025,0
15134.619,0.08032,-0.99731,-0.24072,1.02909,0.00237,0.00024,0
15136.079,0.08057,-0.99805,-0.23584,1.02869,0.00040,0.00024,0
15137.538,0.07349,-0.99585,-0.23364,1.02553,0.00317,0.00022,0
15139.012,0.08252,-0.99585,-0.24048,1.02779,0.00226,0.00020,0
15140.472,0.08350,-0.99365,-0.24194,1.02609,0.00171,0.00019,0
15141.931,0.08472,-0.99658,-0.23584,1.02761,0.00152,0.00018,0
15143.390,0.07886,-0.99902,-0.24194,1.03092,0.00332,0.00019,0
15144.864,0.07690,-0.99683,-0.24658,1.02975,0.00118,0.00019,0
15146.323,0.08057,-0.99609,-0.23926,1.02759,0.00216,0.00017,0
15147.782,0.08105,-0.99805,-0.23389,1.02829,0.00070,0.00012,0
15149.241,0.08350,-0.99927,-0.24048,1.03118,0.00290,0.00013,0
15150.702,0.08667,-1.00024,-0.23706,1.03160,0.00042,0.00013,0
15152.179,0.08008,-0.99561,-0.23755,1.02668,0.00492,0.00014,0
15153.642,0.08032,-1.00269,-0.23364,1.03268,0.00600,0.00017,0
15155.101,0.08057,-1.00024,-0.24512,1.03299,0.00031,0.00016,0
15156.560,0.08301,-0.99829,-0.25195,1.03294,0.00005,0.00016,0
15158.019,0.08154,-1.00171,-0.24585,1.03466,0.00172,0.00017,0
15159.478,0.08154,-1.00171,-0.25098,1.03589,0.00123,0.00017,0
15160.938,0.07495,-0.99658,-0.23877,1.02752,0.00836,0.00023,0
15162.397,0.08374,-0.99658,-0.24072,1.02866,0.00113,0.00023,0
15163.858,0.07910,-0.99390,-0.23926,1.02534,0.00331,0.00024,0
15165.316,0.07764,-0.99609,-0.23926,1.02736,0.00202,0.00024,0
15166.776,0.08057,-0.99683,-0.24097,1.02870,0.00133,0.00023,0
15168.235,0.08545,-0.99829,-0.23511,1.02916,0.00046,0.00024,0
15169.694,0.07129,-0.99829,-0.23486,1.02802,0.00113,0.00021,0
15171.154,0.07544,-0.99634,-0.23706,1.02693,0.00109,0.00020,0
15172.612,0.08032,-0.98999,-0.24146,1.02217,0.00476,0.00022,0
15174.069,0.08276,-0.99438,-0.24243,1.02685,0.00468,0.00024,0
15175.529,0.07861,-0.99292,-0.24170,1.02493,0.00192,0.00023,0
15176.988,0.07886,-1.00024,-0.23779,1.03114,0.00621,0.00027,0
15178.445,0.07983,-1.00195,-0.24487,1.03453,0.00339,0.00028,0
15179.905,0.07886,-0.99609,-0.25195,1.03049,0.00404,0.00029,0
15181.364,0.08472,-0.99927,-0.24121,1.03145,0.00097,0.00028,0
15182.826,0.08179,-0.99731,-0.23608,1.02813,0.00332,0.00029,0
15184.284,0.08643,-0.99878,-0.23779,1.03033,0.00219,0.00030,0
15185.744,0.08618,-0.99683,-0.23779,1.02841,0.00191,0.00029,0
15187.204,0.08325,-0.99292,-0.23877,1.02461,0.00380,0.00030,0
15188.663,0.07983,-0.99170,-0.23999,1.02344,0.00117,0.00028,0
15190.123,0.08081,-0.99536,-0.23389,1.02566,0.00222,0.00025,0
15191.584,0.07959,-0.98926,-0.24561,1.02239,0.00327,0.00026,0
15193.043,0.07935,-0.99829,-0.24023,1.02985,0.00746,0.00032,0
15194.503,0.08350,-0.99731,-0.24683,1.03079,0.00094,0.00032,0
15195.962,0.08203,-0.99487,-0.24634,1.02819,0.00260,0.00032,0
15197.421,0.08472,-0.99512,-0.24390,1.02807,0.00013,0.00025,0
15198.882,0.08472,-0.99390,-0.23901,1.02574,0.00233,0.00025,0
15200.343,0.08008,-0.99683,-0.24072,1.02860,0.00287,0.00025,0
15201.802,0.08301,-0.99121,-0.23682,1.02248,0.00612,0.00029,0
15203.261,0.07739,-1.00049,-0.24854,1.03380,0.01131,0.00041,0
15204.720,0.07495,-0.99902,-0.24854,1.03220,0.00160,0.00041,0
15206.179,0.07935,-1.00244,-0.24976,1.03613,0.00393,0.00043,0
15207.639,0.08276,-1.00171,-0.24170,1.03377,0.00235,0.00043,0
15209.099,0.07788,-0.99951,-0.24146,1.03121,0.00257,0.00042,0
15210.558,0.07690,-1.00049,-0.23584,1.03078,0.00043,0.00039,0
15212.018,0.08032,-0.99707,-0.24756,1.03048,0.00030,0.00039,0
15213.477,0.08423,-0.99536,-0.24438,1.02838,0.00210,0.00036,0
15214.979,0.08032,-0.99438,-0.23926,1.02591,0.00247,0.00035,0
15216.437,0.07910,-0.99463,-0.24146,1.02657,0.00066,0.00034,0
15217.896,0.08130,-0.99756,-0.23877,1.02895,0.00238,0.00034,0
15219.354,0.08325,-1.00146,-0.24268,1.03381,0.00485,0.00035,0
15220.813,0.08545,-0.99780,-0.23682,1.02907,0.00473,0.00037,0
15222.277,0.07642,-0.99658,-0.23535,1.02684,0.00223,0.00037,0
15223.739,0.07959,-0.99365,-0.24121,1.02560,0.00124,0.00036,0
15225.197,0.08374,-0.99683,-0.24780,1.03057,0.00497,0.00038,0
15226.658,0.08057,-1.00342,-0.23926,1.03469,0.00412,0.00039,0
15228.116,0.07935,-0.99341,-0.24268,1.02569,0.00900,0.00046,0
15229.575,0.08130,-0.99658,-0.24292,1.02898,0.00328,0.00042,0
15231.112,0.08008,-0.99023,-0.23804,1.02159,0.00739,0.00047,0
15232.573,0.08032,-0.99438,-0.24219,1.02660,0.00501,0.00049,0
15234.032,0.08325,-0.99536,-0.23755,1.02670,0.00010,0.00049,0
15235.490,0.08008,-0.99683,-0.24805,1.03034,0.00364,0.00050,0
15236.949,0.07959,-0.99902,-0.24561,1.03185,0.00150,0.00049,0
15238.410,0.08032,-1.00317,-0.23462,1.03337,0.00153,0.00046,0
15239.870,0.08496,-0.99902,-0.24829,1.03292,0.00046,0.00033,0
15241.329,0.08350,-0.99414,-0.24268,1.02673,0.00618,0.00037,0
15242.789,0.07959,-0.99292,-0.24097,1.02484,0.00190,0.00035,0
15244.249,0.08032,-0.99854,-0.24609,1.03155,0.00671,0.00039,0
15245.706,0.07788,-0.99731,-0.24121,1.02902,0.00252,0.00039,0
15247.166,0.07788,-0.99731,-0.24023,1.02879,0.00023,0.00039,0
15248.624,0.07837,-0.99805,-0.23975,1.02943,0.00063,0.00039,0
15250.084,0.08081,-0.99634,-0.24390,1.02893,0.00049,0.00039,0
15251.545,0.08423,-0.99878,-0.23804,1.03020,0.00127,0.00039,0
15253.004,0.07983,-0.99219,-0.24390,1.02484,0.00536,0.00041,0
15254.463,0.07739,-0.99023,-0.24219,1.02235,0.00248,0.00041,0
15255.923,0.07959,-1.00000,-0.24414,1.03244,0.01009,0.00049,0
15257.382,0.07764,-0.99658,-0.24731,1.02974,0.00270,0.00048,0
15258.841,0.08154,-0.99316,-0.23389,1.02359,0.00616,0.00051,0
15260.300,0.08472,-0.99829,-0.23608,1.02932,0.00573,0.00054,0
15261.764,0.07593,-1.00073,-0.24390,1.03282,0.00350,0.00053,0
15263.224,0.07837,-0.99902,-0.24805,1.03234,0.00048,0.00051,0
15264.683,0.07422,-0.99365,-0.24268,1.02555,0.00679,0.00048,0
15266.142,0.07397,-0.99780,-0.23706,1.02824,0.00270,0.00047,0
15267.603,0.07861,-0.99951,-0.24438,1.03195,0.00371,0.00043,0
15269.063,0.08301,-0.99731,-0.23755,1.02857,0.00338,0.00042,0
15270.521,0.08105,-0.99243,-0.23901,1.02402,0.00455,0.00044,0
15271.981,0.08057,-0.99463,-0.24316,1.02709,0.00307,0.00044,0
15273.440,0.07642,-0.99780,-0.23853,1.02876,0.00167,0.00044,0
15274.899,0.07715,-1.00000,-0.23926,1.03111,0.00236,0.00044,0
15276.359,0.07861,-0.99609,-0.23828,1.02721,0.00390,0.00046,0
15277.817,0.07935,-0.99414,-0.24390,1.02669,0.00052,0.00042,0
15279.281,0.08081,-0.99170,-0.24219,1.02404,0.00265,0.00042,0
15280.740,0.07983,-0.99927,-0.24170,1.03118,0.00714,0.00043,0
15282.201,0.07764,-1.00195,-0.24170,1.03361,0.00244,0.00043,0
15283.688,0.07373,-0.99390,-0.23755,1.02455,0.00907,0.00051,0
15285.147,0.07666,-0.99438,-0.24243,1.02638,0.00183,0.00051,0
15286.609,0.08008,-0.99829,-0.24731,1.03158,0.00520,0.00054,0
15288.069,0.07715,-0.99292,-0.24707,1.02610,0.00548,0.00057,0
15289.537,0.08228,-1.00464,-0.23267,1.03451,0.00840,0.00061,0
15291.033,0.08252,-1.00391,-0.24292,1.03617,0.00166,0.00060,0
15292.491,0.07910,-1.00122,-0.23755,1.03205,0.00412,0.00052,0
15293.951,0.08423,-1.00098,-0.23804,1.03233,0.00028,0.00051,0
15295.410,0.08008,-0.99829,-0.25146,1.03259,0.00025,0.00048,0
15296.869,0.07715,-0.99512,-0.24170,1.02695,0.00563,0.00047,0
15298.329,0.07861,-0.99829,-0.24756,1.03153,0.00458,0.00048,0
15299.790,0.07520,-1.00171,-0.24756,1.03458,0.00305,0.00049,0
15301.249,0.07300,-1.00049,-0.24292,1.03214,0.00244,0.00045,0
15302.709,0.07690,-0.99292,-0.24805,1.02632,0.00582,0.00048,0
15304.167,0.07983,-0.99512,-0.24536,1.02802,0.00170,0.00047,0
15305.626,0.07910,-0.99512,-0.24048,1.02681,0.00121,0.00046,0
15307.087,0.08350,-0.99634,-0.24121,1.02852,0.00170,0.00044,0
15308.545,0.07568,-1.00049,-0.24121,1.03193,0.00342,0.00044,0
15310.005,0.07983,-0.99487,-0.23755,1.02595,0.00598,0.00047,0
15311.464,0.08252,-0.99878,-0.23853,1.03018,0.00423,0.00049,0
15313.243,0.07324,-0.99902,-0.24146,1.03039,0.00022,0.00047,0
15314.736,0.07617,-1.00073,-0.23706,1.03124,0.00085,0.00047,0
15316.399,0.07642,-0.99365,-0.23779,1.02456,0.00668,0.00051,0
15317.913,0.07690,-0.99927,-0.24609,1.03199,0.00743,0.00051,0
15320.094,0.07812,-0.99756,-0.24512,1.03020,0.00180,0.00051,0
15321.897,0.08569,-1.00269,-0.24023,1.03462,0.00442,0.00045,0
15323.364,0.08228,-0.99634,-0.24097,1.02836,0.00626,0.00048,0
15324.828,0.08008,-0.99854,-0.23169,1.02819,0.00017,0.00046,0
15326.804,0.08081,-0.99731,-0.23975,1.02890,0.00072,0.00043,0
15328.444,0.08008,-0.99976,-0.24561,1.03259,0.00369,0.00037,0
15330.312,0.08350,-0.99634,-0.24316,1.02898,0.00362,0.00038,0
15331.786,0.08057,-0.99902,-0.24365,1.03146,0.00248,0.00037,0
15333.246,0.08301,-0.99756,-0.24097,1.02960,0.00186,0.00037,0
15334.702,0.07983,-0.99658,-0.23828,1.02778,0.00182,0.00038,0
15336.164,0.07642,-1.00317,-0.23706,1.03363,0.00585,0.00038,0
15337.623,0.08350,-1.00220,-0.23340,1.03240,0.00123,0.00036,0
15339.123,0.07837,-0.99780,-0.24243,1.02982,0.00258,0.00036,0
15340.624,0.08228,-1.00195,-0.24072,1.03374,0.00393,0.00037,0
15342.084,0.08032,-0.99365,-0.23828,1.02498,0.00877,0.00041,0
15343.581,0.08252,-0.99756,-0.23950,1.02922,0.00424,0.00043,0
15345.044,0.07715,-0.99438,-0.23853,1.02550,0.00372,0.00044,0
15346.506,0.08203,-0.99414,-0.24536,1.02725,0.00175,0.00044,0
15348.055,0.07837,-0.99731,-0.23950,1.02866,0.00141,0.00043,0
15349.600,0.07861,-0.99170,-0.23291,1.02171,0.00695,0.00044,0
15351.127,0.07983,-0.99634,-0.23486,1.02675,0.00504,0.00045,0
15352.623,0.07715,-0.99390,-0.23877,1.02508,0.00167,0.00045,0
15354.090,0.07593,-0.99951,-0.24072,1.03089,0.00581,0.00048,0
15355.644,0.08374,-0.99463,-0.24292,1.02728,0.00361,0.00045,0
15357.140,0.08057,-0.99463,-0.24487,1.02749,0.00021,0.00040,0
15358.800,0.07324,-0.99390,-0.23462,1.02384,0.00366,0.00041,0
15360.261,0.08179,-0.99341,-0.24194,1.02571,0.00188,0.00039,0
15361.721,0.07935,-0.99292,-0.24561,1.02592,0.00021,0.00035,0
15363.203,0.08154,-0.99268,-0.24902,1.02668,0.00076,0.00035,0
15364.660,0.07568,-0.99438,-0.24219,1.02625,0.00043,0.00035,0
15366.126,0.08057,-1.00000,-0.24146,1.03189,0.00564,0.00037,0
15367.608,0.07397,-0.99365,-0.24756,1.02669,0.00519,0.00038,0
15369.593,0.07056,-0.99780,-0.23901,1.02845,0.00176,0.00038,0
15371.094,0.07593,-0.99805,-0.23975,1.02924,0.00079,0.00038,0
15372.585,0.08130,-1.00122,-0.24170,1.03318,0.00394,0.00039,0
15374.062,0.08008,-0.99634,-0.24121,1.02824,0.00494,0.00038,0
15375.545,0.07764,-0.99805,-0.24902,1.03157,0.00333,0.00039,0
15377.024,0.08081,-0.99609,-0.25195,1.03064,0.00093,0.00038,0
15378.520,0.08008,-0.99902,-0.23730,1.02994,0.00070,0.00037,0
15380.019,0.08130,-1.00220,-0.23828,1.03334,0.00340,0.00030,0
15381.502,0.08301,-0.99780,-0.24097,1.02984,0.00350,0.00030,0
15382.972,0.07788,-1.00073,-0.23999,1.03205,0.00221,0.00029,0
15384.431,0.07642,-0.99609,-0.23608,1.02654,0.00551,0.00032,0
15385.888,0.07983,-1.00439,-0.24512,1.03695,0.01041,0.00042,0
15387.344,0.08154,-0.99634,-0.23853,1.02773,0.00922,0.00046,0
15388.797,0.08374,-0.99487,-0.24243,1.02740,0.00033,0.00043,0
15390.273,0.08228,-0.99976,-0.24487,1.03259,0.00519,0.00046,0
15391.759,0.08228,-0.99658,-0.24585,1.02975,0.00284,0.00043,0
15393.224,0.07886,-0.99341,-0.24365,1.02589,0.00386,0.00044,0
15394.681,0.08252,-0.99414,-0.23853,1.02568,0.00021,0.00044,0
15396.135,0.08252,-0.99951,-0.24219,1.03174,0.00606,0.00046,0
15397.606,0.08105,-0.99414,-0.23657,1.02511,0.00663,0.00050,0
15399.097,0.07837,-0.99316,-0.23413,1.02339,0.00172,0.00050,0
15400.553,0.07764,-0.99438,-0.23804,1.02542,0.00203,0.00051,0
15402.009,0.07617,-0.99512,-0.23779,1.02597,0.00054,0.00051,0
15403.472,0.07544,-1.00098,-0.23999,1.03210,0.00614,0.00051,0
15404.933,0.07837,-0.99829,-0.24121,1.03000,0.00210,0.00049,0
15406.391,0.07446,-0.99756,-0.23486,1.02754,0.00247,0.00049,0
15407.849,0.07690,-0.99585,-0.24512,1.02845,0.00092,0.00049,0
15409.306,0.07812,-1.00146,-0.23999,1.03278,0.00433,0.00050,0
15410.764,0.07764,-0.99902,-0.24854,1.03240,0.00038,0.00047,0
15412.221,0.08057,-0.99414,-0.23853,1.02552,0.00687,0.00051,0
15413.678,0.08350,-1.00146,-0.24805,1.03510,0.00957,0.00060,0
15415.142,0.08398,-0.99365,-0.24048,1.02578,0.00932,0.00068,0
15416.599,0.08154,-0.99341,-0.23633,1.02438,0.00140,0.00067,0
15418.057,0.07959,-0.99927,-0.24951,1.03302,0.00864,0.00074,0
15419.515,0.08057,-0.99390,-0.23926,1.02546,0.00756,0.00079,0
15420.997,0.07715,-1.00098,-0.23682,1.03150,0.00604,0.00080,0
15422.472,0.07837,-1.00220,-0.24243,1.03408,0.00258,0.00069,0
15423.929,0.07812,-0.99194,-0.23804,1.02309,0.01098,0.00073,0
15425.387,0.07568,-1.00073,-0.24048,1.03200,0.00891,0.00081,0
15426.842,0.07593,-0.99658,-0.23657,1.02709,0.00491,0.00081,0
15428.378,0.08301,-0.99658,-0.23706,1.02775,0.00066,0.00080,0
15429.834,0.08350,-0.99316,-0.23682,1.02442,0.00333,0.00079,0
15431.293,0.07935,-0.99219,-0.23633,1.02303,0.00139,0.00080,0
15432.750,0.07910,-0.99731,-0.24536,1.03009,0.00707,0.00081,0
15434.208,0.08228,-0.99756,-0.24536,1.03058,0.00048,0.00077,0
15435.665,0.07983,-0.99316,-0.24048,1.02498,0.00560,0.00079,0
15437.122,0.07861,-0.99365,-0.23755,1.02467,0.00030,0.00079,0
15438.581,0.08618,-0.99854,-0.24414,1.03155,0.00688,0.00084,0
15440.038,0.07886,-0.99585,-0.23779,1.02688,0.00468,0.00082,0
15441.497,0.08423,-0.99487,-0.24121,1.02716,0.00028,0.00082,0
15442.954,0.07642,-0.99512,-0.23511,1.02536,0.00179,0.00081,0
15444.414,0.07837,-0.99463,-0.23120,1.02415,0.00122,0.00081,0
15445.873,0.07959,-0.99463,-0.23340,1.02474,0.00059,0.00080,0
15447.330,0.07520,-0.99487,-0.23853,1.02583,0.00109,0.00080,0
15448.788,0.08130,-0.99805,-0.24121,1.02999,0.00417,0.00077,0
15450.271,0.08081,-0.99536,-0.23340,1.02555,0.00445,0.00070,0
15451.729,0.08301,-0.99487,-0.23218,1.02497,0.00058,0.00061,0
15453.187,0.08008,-0.99390,-0.24658,1.02715,0.00218,0.00061,0
15454.649,0.08203,-0.99170,-0.24805,1.02554,0.00162,0.00054,0
15456.114,0.08398,-0.99780,-0.24048,1.02980,0.00427,0.00050,0
15457.597,0.08398,-0.99805,-0.24243,1.03050,0.00069,0.00046,0
15459.057,0.08374,-1.00171,-0.24512,1.03466,0.00416,0.00048,0
15460.512,0.08398,-0.99463,-0.24048,1.02673,0.00793,0.00042,0
15461.966,0.08740,-0.99121,-0.23535,1.02251,0.00422,0.00036,0
15463.422,0.08667,-0.99536,-0.24170,1.02795,0.00544,0.00036,0
15464.884,0.07983,-0.99658,-0.24072,1.02835,0.00040,0.00036,0
15466.357,0.08374,-0.99731,-0.24365,1.03006,0.00171,0.00035,0
15467.831,0.07690,-0.99634,-0.24561,1.02904,0.00101,0.00035,0
15469.283,0.07935,-0.99146,-0.24634,1.02468,0.00436,0.00032,0
15470.743,0.08130,-0.99194,-0.25024,1.02625,0.00157,0.00032,0
15472.206,0.08325,-0.99731,-0.24048,1.02927,0.00302,0.00030,0
15473.668,0.08350,-0.99048,-0.24072,1.02273,0.00655,0.00034,0
15475.157,0.08350,-0.99536,-0.23486,1.02610,0.00337,0.00031,0
15476.621,0.07959,-0.99707,-0.23584,1.02767,0.00157,0.00029,0
15478.081,0.07983,-0.98926,-0.24194,1.02154,0.00613,0.00033,0
15479.542,0.08032,-0.99561,-0.25146,1.03001,0.00847,0.00039,0
15481.014,0.08350,-0.99512,-0.23364,1.02558,0.00443,0.00041,0
15482.474,0.08179,-0.99707,-0.23706,1.02812,0.00254,0.00042,0
15483.943,0.07959,-0.99512,-0.23950,1.02662,0.00150,0.00042,0
15485.416,0.07935,-0.99292,-0.24829,1.02656,0.00006,0.00040,0
15486.901,0.08130,-0.99292,-0.24658,1.02631,0.00026,0.00038,0
15488.400,0.08081,-0.99463,-0.24463,1.02745,0.00115,0.00038,0
15489.890,0.08057,-0.99829,-0.23901,1.02966,0.00221,0.00038,0
15491.365,0.08398,-0.99585,-0.23779,1.02729,0.00238,0.00039,0
15492.836,0.08228,-0.99756,-0.24854,1.03134,0.00405,0.00039,0
15494.398,0.08545,-0.99927,-0.25073,1.03378,0.00244,0.00039,0
15495.885,0.07837,-0.99731,-0.23877,1.02849,0.00529,0.00040,0
15497.347,0.08105,-0.99365,-0.23608,1.02452,0.00396,0.00035,0
15498.810,0.07788,-0.99731,-0.24365,1.02960,0.00507,0.00036,0
15500.270,0.07812,-0.99805,-0.23901,1.02924,0.00036,0.00033,0
15501.725,0.08325,-1.00171,-0.24707,1.03508,0.00585,0.00037,0
15503.185,0.08423,-0.99756,-0.24292,1.03016,0.00492,0.00039,0
15504.861,0.07764,-0.99390,-0.24658,1.02697,0.00319,0.00040,0
15506.489,0.07666,-0.99707,-0.23853,1.02807,0.00110,0.00038,0
15508.012,0.08130,-0.99805,-0.23804,1.02926,0.00119,0.00038,0
15509.480,0.08325,-0.99658,-0.24097,1.02867,0.00058,0.00037,0
15510.954,0.07812,-0.99805,-0.24072,1.02964,0.00096,0.00033,0
15512.419,0.08008,-0.99219,-0.23804,1.02348,0.00616,0.00035,0
15513.904,0.07983,-0.99756,-0.24048,1.02924,0.00576,0.00039,0
15515.369,0.07300,-0.99805,-0.23779,1.02858,0.00066,0.00035,0
15516.826,0.08447,-0.99487,-0.24268,1.02752,0.00106,0.00028,0
15518.288,0.08740,-0.99219,-0.24512,1.02575,0.00177,0.00026,0
15519.709,0.08057,-0.99902,-0.24194,1.03106,0.00531,0.00028,0
15521.172,0.08252,-1.00317,-0.23828,1.03438,0.00333,0.00029,0
15522.634,0.07886,-0.99683,-0.24316,1.02908,0.00530,0.00032,0
15524.125,0.07837,-0.99512,-0.24609,1.02809,0.00100,0.00032,0
15525.664,0.08130,-0.99268,-0.23999,1.02450,0.00358,0.00033,0
15527.156,0.07983,-0.99097,-0.24829,1.02471,0.00021,0.00033,0
15528.613,0.08057,-0.99829,-0.24023,1.02995,0.00523,0.00035,0
15530.374,0.07666,-0.99658,-0.24829,1.02990,0.00004,0.00033,0
15531.847,0.08301,-0.99976,-0.24414,1.03248,0.00257,0.00033,0
15533.304,0.08032,-1.00024,-0.24292,1.03245,0.00003,0.00030,0
15534.762,0.07812,-0.99854,-0.23438,1.02864,0.00380,0.00030,0
15536.215,0.07886,-0.99805,-0.23267,1.02784,0.00081,0.00028,0
15537.674,0.07642,-0.99756,-0.24463,1.02995,0.00212,0.00028,0
15539.171,0.06982,-1.00024,-0.24731,1.03273,0.00277,0.00026,0
15540.628,0.08691,-0.99683,-0.23193,1.02714,0.00559,0.00026,0
15542.087,0.08398,-0.99854,-0.23193,1.02855,0.00142,0.00026,0
15543.563,0.08105,-0.99683,-0.23975,1.02845,0.00010,0.00025,0
15545.018,0.07959,-0.99487,-0.24097,1.02673,0.00172,0.00026,0
15546.472,0.08032,-0.99561,-0.23853,1.02693,0.00020,0.00026,0
15547.939,0.08203,-0.99561,-0.24365,1.02826,0.00134,0.00026,0
15549.397,0.07690,-0.99243,-0.24023,1.02399,0.00428,0.00024,0
15550.857,0.08203,-0.99731,-0.23462,1.02782,0.00383,0.00022,0
15552.316,0.08276,-0.99902,-0.24268,1.03140,0.00358,0.00023,0
15553.778,0.08057,-0.99805,-0.23486,1.02847,0.00293,0.00024,0
15555.237,0.07935,-0.99805,-0.24072,1.02973,0.00126,0.00024,0
15556.691,0.08203,-0.99902,-0.23926,1.03054,0.00082,0.00021,0
15558.145,0.08105,-0.99902,-0.24097,1.03086,0.00032,0.00020,0
15559.604,0.07861,-0.98999,-0.23999,1.02169,0.00917,0.00025,0
15561.077,0.07935,-0.99780,-0.23950,1.02921,0.00751,0.00031,0
15562.538,0.07690,-0.99463,-0.23657,1.02526,0.00394,0.00031,0
15564.721,0.07935,-0.99976,-0.23608,1.03031,0.00505,0.00034,0
15566.197,0.08008,-0.99829,-0.24219,1.03037,0.00005,0.00031,0
15567.651,0.07812,-0.99341,-0.25049,1.02748,0.00289,0.00032,0
15569.107,0.08032,-0.99438,-0.23877,1.02580,0.00168,0.00031,0
15570.563,0.08130,-0.99609,-0.23535,1.02674,0.00094,0.00032,0
15572.023,0.07593,-1.00220,-0.23804,1.03287,0.00613,0.00034,0
15573.481,0.08228,-0.99780,-0.24194,1.03001,0.00286,0.00035,0
15574.935,0.08447,-0.99756,-0.24341,1.03029,0.00029,0.00034,0
15576.417,0.08032,-0.99805,-0.23560,1.02862,0.00168,0.00034,0
15577.870,0.08105,-0.99316,-0.23853,1.02462,0.00400,0.00032,0
15579.333,0.07837,-0.99609,-0.24609,1.02903,0.00442,0.00034,0
15580.794,0.07739,-0.99878,-0.24268,1.03075,0.00172,0.00034,0
15582.255,0.07715,-0.99512,-0.24243,1.02712,0.00362,0.00035,0
15583.715,0.07910,-0.99976,-0.22876,1.02864,0.00152,0.00035,0
15585.173,0.08130,-0.99634,-0.23071,1.02593,0.00271,0.00036,0
15586.632,0.07739,-0.99536,-0.24463,1.02790,0.00197,0.00035,0
15588.092,0.07373,-0.99731,-0.24707,1.03010,0.00221,0.00034,0
15589.826,0.08325,-0.99463,-0.24146,1.02690,0.00321,0.00033,0
15591.302,0.08521,-0.99658,-0.24683,1.03022,0.00333,0.00034,0
15592.757,0.08423,-0.99414,-0.24243,1.02673,0.00349,0.00035,0
15594.214,0.08350,-0.99609,-0.24048,1.02811,0.00137,0.00035,0
15595.668,0.07959,-1.00244,-0.24194,1.03429,0.00618,0.00039,0
15597.121,0.07642,-0.99976,-0.23755,1.03043,0.00386,0.00032,0
15598.577,0.07837,-0.99951,-0.24243,1.03147,0.00105,0.00026,0
15600.032,0.08154,-0.99878,-0.24121,1.03072,0.00075,0.00025,0
15601.498,0.07788,-0.99487,-0.23901,1.02614,0.00458,0.00024,0
15602.965,0.07788,-0.99658,-0.24243,1.02860,0.00246,0.00025,0
15604.614,0.08154,-1.00000,-0.24316,1.03237,0.00377,0.00025,0
15606.086,0.08252,-1.00122,-0.24438,1.03391,0.00155,0.00025,0
15607.569,0.07788,-0.99707,-0.23804,1.02804,0.00587,0.00029,0
15609.024,0.07959,-0.99609,-0.23584,1.02672,0.00132,0.00025,0
15610.478,0.07812,-0.99634,-0.23560,1.02679,0.00007,0.00024,0
15611.934,0.08032,-0.99438,-0.23926,1.02591,0.00088,0.00024,0
15613.388,0.08203,-0.99341,-0.23901,1.02504,0.00087,0.00024,0
15614.843,0.08203,-0.99658,-0.24829,1.03032,0.00527,0.00025,0
15616.297,0.08301,-1.00000,-0.24512,1.03294,0.00263,0.00024,0
15617.750,0.07739,-0.99683,-0.24634,1.02973,0.00322,0.00025,0
15619.236,0.08008,-0.99634,-0.23828,1.02756,0.00217,0.00024,0
15620.689,0.07983,-0.99829,-0.23486,1.02865,0.00109,0.00024,0
15622.150,0.08374,-0.99487,-0.24878,1.02892,0.00027,0.00023,0
15623.685,0.08545,-0.99609,-0.23804,1.02770,0.00122,0.00023,0
15625.140,0.07983,-0.99634,-0.22998,1.02565,0.00205,0.00023,0
15626.597,0.08496,-0.99219,-0.23853,1.02399,0.00166,0.00022,0
15628.051,0.07959,-0.99585,-0.24023,1.02750,0.00352,0.00022,0
15629.505,0.07983,-0.99268,-0.24146,1.02473,0.00277,0.00022,0
15630.966,0.07959,-1.00195,-0.24292,1.03405,0.00931,0.00030,0
15632.425,0.08203,-0.99487,-0.23950,1.02658,0.00747,0.00032,0
15633.887,0.08081,-0.99683,-0.23706,1.02781,0.00123,0.00031,0
15635.348,0.08569,-1.00000,-0.23657,1.03117,0.00336,0.00032,0
15636.806,0.08276,-0.99878,-0.23730,1.02991,0.00125,0.00032,0
15638.267,0.08057,-1.00024,-0.24438,1.03281,0.00290,0.00031,0
15639.726,0.07397,-0.99683,-0.24170,1.02837,0.00444,0.00032,0
15641.179,0.07812,-0.99707,-0.24561,1.02984,0.00147,0.00031,0
15642.704,0.08252,-1.00269,-0.24365,1.03516,0.00532,0.00033,0
15644.189,0.08301,-0.99658,-0.24097,1.02865,0.00650,0.00034,0
15645.686,0.08032,-0.99878,-0.24512,1.03155,0.00289,0.00035,0
15647.143,0.08301,-0.99976,-0.24634,1.03300,0.00145,0.00035,0
15648.601,0.08276,-0.99268,-0.24194,1.02508,0.00792,0.00041,0
15650.068,0.08374,-1.00073,-0.25171,1.03529,0.01021,0.00051,0
15651.550,0.08057,-0.99805,-0.24048,1.02977,0.00553,0.00052,0
15653.010,0.08032,-0.99536,-0.23193,1.02518,0.00459,0.00053,0
15654.470,0.08496,-1.00171,-0.23926,1.03338,0.00821,0.00059,0
15655.930,0.08228,-0.99634,-0.24414,1.02911,0.00428,0.00060,0
15657.388,0.08569,-0.99951,-0.22974,1.02915,0.00004,0.00060,0
15658.849,0.08398,-0.99854,-0.23657,1.02961,0.00046,0.00060,0
15660.307,0.08203,-0.99438,-0.24243,1.02679,0.00282,0.00061,0
15661.765,0.08252,-0.99390,-0.24536,1.02705,0.00026,0.00060,0
15663.253,0.07690,-0.99561,-0.24463,1.02810,0.00104,0.00060,0
15664.718,0.08130,-0.99683,-0.24121,1.02881,0.00071,0.00059,0
15666.191,0.07739,-0.99780,-0.23730,1.02855,0.00026,0.00058,0
15667.657,0.07910,-0.99707,-0.23828,1.02819,0.00035,0.00050,0
15669.116,0.07837,-0.99805,-0.23975,1.02943,0.00123,0.00044,0
15670.575,0.08276,-0.99805,-0.24658,1.03138,0.00196,0.00044,0
15672.032,0.08252,-1.00049,-0.23560,1.03116,0.00022,0.00043,0
15673.490,0.07935,-0.99585,-0.24170,1.02783,0.00333,0.00044,0
15674.948,0.08008,-0.99829,-0.24390,1.03077,0.00294,0.00044,0
15676.406,0.07983,-0.99658,-0.24609,1.02962,0.00115,0.00042,0
15677.864,0.07764,-0.99634,-0.24243,1.02834,0.00127,0.00042,0
15679.322,0.08228,-0.99463,-0.24292,1.02716,0.00118,0.00040,0
15680.782,0.07788,-0.99463,-0.24097,1.02636,0.00080,0.00035,0
15682.241,0.08105,-0.98975,-0.24829,1.02363,0.00273,0.00035,0
15683.703,0.08032,-0.99536,-0.23828,1.02663,0.00300,0.00036,0
15685.162,0.07642,-0.99023,-0.24194,1.02222,0.00441,0.00032,0
15686.627,0.08325,-0.99219,-0.24146,1.02453,0.00231,0.00022,0
15688.086,0.08203,-0.99829,-0.24268,1.03063,0.00610,0.00023,0
15689.544,0.08350,-0.99585,-0.24219,1.02827,0.00236,0.00021,0
15691.004,0.07812,-0.99976,-0.24585,1.03250,0.00423,0.00016,0
15692.462,0.07812,-0.99683,-0.24023,1.02834,0.00416,0.00016,0
15693.919,0.07520,-0.99585,-0.24756,1.02891,0.00057,0.00016,0
15695.379,0.08154,-0.99829,-0.24365,1.03083,0.00192,0.00016,0
15696.837,0.07324,-0.99463,-0.23633,1.02494,0.00589,0.00019,0
15698.297,0.07617,-0.99487,-0.23657,1.02545,0.00051,0.00019,0
15699.759,0.08569,-0.99536,-0.24854,1.02949,0.00405,0.00021,0
15701.219,0.07471,-0.99536,-0.23682,1.02587,0.00362,0.00022,0
15702.680,0.07812,-0.99438,-0.23755,1.02535,0.00052,0.00022,0
15704.134,0.07910,-0.99536,-0.24023,1.02699,0.00165,0.00022,0
15705.591,0.08154,-0.99536,-0.23682,1.02639,0.00060,0.00022,0
15707.051,0.08130,-0.99829,-0.24585,1.03133,0.00494,0.00024,0
15708.510,0.08594,-0.99365,-0.24072,1.02600,0.00533,0.00027,0
15709.974,0.07788,-0.99365,-0.24487,1.02634,0.00034,0.00026,0
15711.435,0.08130,-1.00000,-0.24268,1.03223,0.00589,0.00028,0
15712.897,0.08228,-0.99927,-0.24585,1.03235,0.00012,0.00028,0
15714.401,0.08008,-0.99097,-0.24268,1.02339,0.00896,0.00036,0
15715.909,0.08252,-0.99536,-0.24146,1.02755,0.00416,0.00038,0
15717.367,0.07910,-0.99951,-0.24097,1.03119,0.00364,0.00039,0
15718.825,0.08008,-0.99878,-0.24707,1.03200,0.00081,0.00038,0
15720.358,0.07642,-0.99658,-0.23779,1.02740,0.00459,0.00039,0
15721.818,0.08740,-0.99536,-0.24341,1.02841,0.00101,0.00038,0
15723.279,0.08350,-0.99854,-0.24536,1.03162,0.00321,0.00038,0
15724.737,0.08496,-0.99414,-0.23950,1.02611,0.00552,0.00037,0
15726.196,0.07861,-0.99585,-0.23926,1.02720,0.00109,0.00037,0
15727.655,0.08081,-0.99609,-0.23755,1.02721,0.00001,0.00035,0
15729.113,0.08008,-0.99756,-0.24048,1.02925,0.00204,0.00034,0
15730.573,0.07642,-0.99731,-0.23584,1.02767,0.00159,0.00034,0
15732.045,0.07739,-0.99902,-0.23877,1.03007,0.00241,0.00034,0
15733.503,0.07568,-0.99438,-0.24438,1.02677,0.00330,0.00032,0
15734.962,0.08008,-0.99463,-0.23975,1.02624,0.00052,0.00032,0
15736.421,0.07837,-0.99316,-0.23779,1.02424,0.00201,0.00031,0
15737.879,0.08057,-0.99805,-0.24756,1.03144,0.00721,0.00035,0
15739.339,0.07935,-0.99658,-0.25269,1.03117,0.00027,0.00035,0
15740.793,0.07739,-0.99219,-0.24268,1.02436,0.00681,0.00039,0
15742.247,0.07739,-0.99048,-0.24316,1.02282,0.00154,0.00039,0
15743.707,0.08228,-0.99463,-0.24341,1.02728,0.00446,0.00039,0
15745.176,0.07764,-0.99097,-0.23804,1.02211,0.00517,0.00039,0
15746.637,0.08350,-0.99658,-0.24365,1.02933,0.00722,0.00044,0
15748.117,0.08252,-0.99805,-0.24292,1.03049,0.00117,0.00040,0
15749.577,0.08228,-0.99780,-0.24585,1.03093,0.00044,0.00040,0
15751.038,0.08008,-0.99878,-0.24390,1.03124,0.00031,0.00032,0
15752.496,0.08398,-0.99487,-0.24341,1.02765,0.00359,0.00032,0
15753.956,0.07471,-0.99756,-0.23950,1.02862,0.00097,0.00031,0
15755.417,0.07520,-0.99829,-0.24121,1.02977,0.00114,0.00031,0
15756.884,0.07471,-1.00000,-0.25049,1.03360,0.00383,0.00030,0
15758.354,0.08008,-0.99731,-0.24463,1.03000,0.00360,0.00031,0
15759.813,0.08301,-0.99707,-0.24438,1.02993,0.00006,0.00030,0
15761.270,0.07959,-0.99585,-0.24463,1.02854,0.00139,0.00027,0
15762.728,0.08203,-0.99048,-0.24219,1.02295,0.00559,0.00030,0
15764.186,0.07886,-0.99048,-0.23633,1.02133,0.00162,0.00031,0
15765.644,0.07690,-0.99902,-0.24463,1.03141,0.01008,0.00040,0
15767.102,0.07837,-0.99731,-0.24097,1.02900,0.00241,0.00041,0
15768.560,0.07935,-0.99780,-0.24170,1.02972,0.00072,0.00040,0
15770.024,0.07935,-0.99927,-0.24658,1.03230,0.00257,0.00040,0
15771.481,0.07739,-0.99365,-0.24414,1.02613,0.00617,0.00044,0
15772.941,0.08130,-0.99756,-0.23877,1.02895,0.00282,0.00044,0
15774.410,0.07593,-0.99243,-0.23657,1.02306,0.00589,0.00042,0
15775.872,0.08105,-0.99658,-0.24561,1.02960,0.00654,0.00047,0
15777.331,0.08740,-0.99780,-0.24048,1.03009,0.00049,0.00042,0
15778.791,0.07983,-0.99902,-0.24341,1.03134,0.00126,0.00042,0
15780.250,0.07690,-0.99292,-0.23730,1.02378,0.00757,0.00046,0
15781.708,0.07471,-0.99121,-0.24072,1.02275,0.00102,0.00043,0
15783.167,0.08350,-0.99219,-0.24780,1.02607,0.00331,0.00039,0
15784.621,0.08154,-0.99829,-0.24512,1.03117,0.00511,0.00041,0
15786.075,0.08105,-0.99683,-0.24756,1.03030,0.00087,0.00041,0
15787.554,0.08154,-1.00244,-0.24487,1.03513,0.00483,0.00044,0
15789.015,0.08276,-0.99951,-0.23730,1.03062,0.00451,0.00045,0
15790.474,0.08081,-0.99805,-0.24780,1.03152,0.00090,0.00045,0
15791.958,0.08228,-0.99976,-0.24341,1.03224,0.00072,0.00044,0
15793.416,0.08179,-0.99438,-0.23804,1.02574,0.00650,0.00047,0
15794.877,0.08057,-0.99976,-0.24146,1.03165,0.00591,0.00049,0
15796.335,0.08081,-0.99951,-0.24561,1.03241,0.00076,0.00049,0
15797.810,0.07959,-0.98926,-0.23877,1.02077,0.01164,0.00063,0
15799.304,0.08179,-0.99292,-0.23730,1.02415,0.00338,0.00061,0
15800.764,0.07422,-0.99609,-0.24048,1.02740,0.00324,0.00062,0
15802.223,0.08105,-0.99292,-0.24316,1.02547,0.00193,0.00052,0
15803.685,0.08276,-0.99731,-0.24072,1.02929,0.00382,0.00053,0
15805.143,0.08325,-0.99634,-0.24316,1.02896,0.00033,0.00053,0
15806.602,0.07959,-0.99390,-0.24292,1.02624,0.00271,0.00053,0
15808.061,0.07666,-0.99414,-0.24292,1.02626,0.00001,0.00049,0
15809.520,0.08252,-0.99243,-0.23975,1.02431,0.00195,0.00049,0
15810.980,0.08423,-0.99756,-0.23804,1.02902,0.00471,0.00047,0
15812.438,0.07935,-0.99658,-0.23633,1.02729,0.00173,0.00043,0
15813.896,0.07983,-0.99683,-0.22754,1.02558,0.00171,0.00044,0
15815.357,0.07104,-0.99414,-0.23389,1.02375,0.00183,0.00044,0
15816.919,0.07227,-0.99438,-0.23853,1.02514,0.00139,0.00038,0
15818.390,0.08228,-0.99805,-0.23950,1.02967,0.00453,0.00040,0
15819.850,0.08301,-1.00244,-0.24170,1.03450,0.00483,0.00041,0
15821.309,0.08179,-0.99536,-0.24194,1.02760,0.00690,0.00044,0
15822.767,0.07715,-1.00220,-0.24414,1.03439,0.00678,0.00048,0
15824.226,0.08032,-1.00586,-0.24243,1.03778,0.00339,0.00047,0
15825.684,0.07861,-0.99414,-0.24170,1.02612,0.01166,0.00058,0
15827.146,0.08423,-0.99585,-0.23438,1.02652,0.00040,0.00058,0
15828.616,0.08154,-0.99097,-0.23926,1.02270,0.00382,0.00060,0
15830.081,0.07861,-0.99683,-0.23877,1.02803,0.00534,0.00058,0
15831.539,0.07910,-0.99390,-0.24072,1.02569,0.00235,0.00055,0
15832.997,0.08423,-0.99634,-0.23779,1.02778,0.00209,0.00056,0
15834.454,0.07837,-0.99268,-0.24292,1.02497,0.00281,0.00043,0
15835.913,0.08252,-0.99023,-0.23804,1.02178,0.00319,0.00043,0
15837.370,0.08105,-0.99316,-0.24780,1.02682,0.00504,0.00044,0
15838.836,0.07910,-0.99414,-0.24976,1.02808,0.00127,0.00044,0
15840.308,0.07739,-0.99829,-0.23926,1.02948,0.00139,0.00043,0
15841.801,0.08203,-0.99854,-0.23389,1.02884,0.00064,0.00043,0
15843.260,0.08179,-0.99658,-0.24634,1.02983,0.00099,0.00042,0
15844.718,0.07520,-0.99805,-0.24292,1.02993,0.00010,0.00042,0
15846.177,0.08057,-1.00122,-0.24097,1.03296,0.00302,0.00043,0
15847.636,0.07764,-0.99585,-0.24219,1.02781,0.00514,0.00043,0
15849.093,0.07910,-0.99951,-0.23584,1.03000,0.00219,0.00043,0
15850.552,0.07983,-0.99609,-0.23975,1.02765,0.00236,0.00044,0
15852.011,0.08569,-1.00000,-0.24121,1.03224,0.00460,0.00046,0
15853.468,0.07886,-0.99390,-0.24756,1.02729,0.00495,0.00048,0
15854.928,0.08301,-0.99316,-0.24316,1.02586,0.00143,0.00046,0
15856.388,0.07983,-0.99731,-0.24780,1.03074,0.00487,0.00046,0
15857.847,0.07861,-0.99438,-0.25049,1.02846,0.00228,0.00042,0
15859.338,0.07935,-0.99219,-0.24170,1.02428,0.00418,0.00039,0
15860.795,0.08374,-0.99121,-0.24170,1.02368,0.00060,0.00038,0
15862.260,0.07446,-1.00000,-0.24023,1.03114,0.00746,0.00030,0
15863.732,0.07617,-0.99902,-0.24536,1.03153,0.00039,0.00030,0
15865.214,0.07983,-0.99390,-0.24805,1.02749,0.00404,0.00030,0
15866.674,0.08203,-0.99243,-0.24512,1.02554,0.00195,0.00027,0
15868.142,0.07837,-0.99902,-0.23999,1.03043,0.00489,0.00029,0
15869.599,0.07666,-0.99707,-0.23804,1.02795,0.00248,0.00029,0
15871.057,0.07544,-1.00000,-0.24048,1.03127,0.00332,0.00030,0
15872.516,0.08203,-0.99194,-0.23975,1.02380,0.00748,0.00034,0
15873.974,0.08301,-0.99902,-0.24048,1.03091,0.00711,0.00037,0
15875.440,0.07690,-0.99365,-0.23218,1.02331,0.00760,0.00042,0
15876.913,0.07593,-0.99536,-0.23950,1.02658,0.00327,0.00043,0
15878.375,0.07861,-1.00317,-0.23999,1.03447,0.00789,0.00050,0
15879.833,0.07202,-1.00122,-0.23706,1.03142,0.00305,0.00050,0
15881.290,0.08105,-0.99414,-0.23657,1.02511,0.00631,0.00054,0
15882.750,0.08545,-0.99829,-0.23804,1.02983,0.00472,0.00056,0
15884.207,0.07617,-0.99438,-0.24805,1.02768,0.00215,0.00053,0
15885.665,0.08130,-0.99438,-0.24634,1.02766,0.00002,0.00053,0
15887.123,0.08350,-0.98901,-0.24634,1.02264,0.00502,0.00055,0
15888.595,0.07739,-0.99561,-0.24731,1.02878,0.00613,0.00057,0
15890.078,0.08154,-0.99438,-0.24316,1.02693,0.00185,0.00055,0
15891.550,0.07764,-0.99585,-0.23999,1.02730,0.00037,0.00054,0
15893.007,0.07642,-0.99829,-0.24414,1.03055,0.00325,0.00053,0
15894.492,0.08081,-0.99829,-0.24487,1.03106,0.00051,0.00053,0
15895.951,0.07886,-0.99756,-0.23999,1.02905,0.00201,0.00051,0
15897.409,0.07495,-0.99390,-0.24585,1.02659,0.00246,0.00052,0
15898.871,0.07910,-0.99268,-0.24146,1.02468,0.00191,0.00047,0
15900.332,0.08057,-0.99683,-0.23730,1.02785,0.00317,0.00048,0
15901.825,0.07910,-0.99878,-0.23779,1.02974,0.00189,0.00046,0
15903.288,0.07520,-0.99951,-0.24048,1.03078,0.00104,0.00046,0
15904.746,0.07715,-0.99683,-0.24121,1.02849,0.00229,0.00044,0
15906.206,0.07861,-0.99609,-0.24170,1.02801,0.00048,0.00044,0
15907.665,0.08423,-0.99463,-0.24512,1.02784,0.00016,0.00042,0
15909.122,0.08325,-0.99927,-0.24072,1.03122,0.00338,0.00038,0
15910.581,0.07764,-0.99219,-0.23633,1.02290,0.00832,0.00040,0
15912.062,0.07666,-0.99292,-0.24609,1.02583,0.00294,0.00035,0
15913.613,0.07642,-0.99316,-0.24951,1.02687,0.00104,0.00034,0
15915.076,0.07373,-0.99121,-0.24902,1.02467,0.00220,0.00028,0
15916.534,0.07715,-0.99170,-0.24683,1.02486,0.00019,0.00027,0
15917.992,0.08008,-0.99658,-0.24048,1.02831,0.00345,0.00025,0
15919.455,0.08374,-0.99683,-0.24878,1.03081,0.00250,0.00023,0
15920.916,0.07104,-1.00024,-0.23462,1.02985,0.00096,0.00023,0
15922.375,0.07642,-0.99902,-0.24512,1.03149,0.00164,0.00023,0
15923.832,0.08008,-0.99316,-0.24365,1.02575,0.00574,0.00024,0
15925.297,0.07886,-0.99487,-0.24194,1.02690,0.00116,0.00020,0
15926.768,0.08130,-0.99902,-0.22949,1.02826,0.00136,0.00020,0
15928.227,0.07861,-0.99780,-0.23657,1.02847,0.00021,0.00020,0
15929.684,0.08057,-1.00024,-0.23608,1.03088,0.00241,0.00019,0
15931.142,0.08228,-0.99731,-0.23779,1.02857,0.00231,0.00020,0
15932.601,0.07861,-0.99463,-0.24097,1.02642,0.00215,0.00020,0
15934.059,0.07837,-0.99023,-0.24536,1.02319,0.00323,0.00020,0
15935.519,0.08130,-0.99805,-0.23877,1.02943,0.00624,0.00024,0
15936.975,0.08374,-0.99658,-0.24146,1.02883,0.00060,0.00023,0
15938.443,0.07373,-0.99316,-0.24097,1.02463,0.00419,0.00024,0
15939.916,0.08350,-0.99561,-0.24512,1.02873,0.00409,0.00026,0
15941.374,0.07690,-0.99438,-0.24023,1.02588,0.00285,0.00026,0
15942.833,0.08105,-0.99341,-0.24072,1.02537,0.00051,0.00026,0
15944.290,0.08081,-0.99121,-0.24365,1.02391,0.00145,0.00026,0
15945.748,0.07739,-0.99438,-0.23828,1.02546,0.00155,0.00025,0
15947.207,0.08130,-0.99512,-0.24512,1.02808,0.00262,0.00019,0
15948.665,0.08447,-0.99512,-0.24756,1.02892,0.00084,0.00018,0
15950.129,0.08057,-0.99780,-0.24023,1.02947,0.00055,0.00018,0
15951.593,0.08569,-0.99292,-0.24292,1.02579,0.00368,0.00019,0
15953.051,0.08130,-1.00146,-0.24146,1.03336,0.00758,0.00025,0
15954.543,0.08008,-1.00049,-0.24121,1.03227,0.00110,0.00024,0
15956.035,0.07959,-0.99219,-0.23950,1.02378,0.00848,0.00030,0
15957.496,0.08545,-0.99585,-0.23901,1.02769,0.00391,0.00032,0
15958.956,0.07959,-0.99854,-0.24097,1.03028,0.00259,0.00032,0
15960.413,0.07910,-0.99390,-0.24341,1.02632,0.00396,0.00031,0
15961.886,0.08691,-1.00024,-0.24365,1.03315,0.00683,0.00035,0
15963.348,0.07910,-1.00000,-0.24341,1.03223,0.00092,0.00035,0
15964.815,0.08032,-0.99316,-0.23633,1.02405,0.00818,0.00042,0
15966.273,0.08032,-0.99561,-0.23267,1.02558,0.00153,0.00041,0
15967.731,0.08594,-0.99927,-0.23608,1.03037,0.00479,0.00043,0
15969.189,0.08301,-0.99756,-0.24243,1.02994,0.00042,0.00043,0
15970.650,0.07471,-0.99780,-0.24121,1.02926,0.00069,0.00042,0
15972.115,0.08105,-0.99512,-0.23999,1.02685,0.00241,0.00038,0
15973.580,0.07959,-0.99585,-0.24170,1.02785,0.00100,0.00038,0
15975.038,0.08032,-1.00122,-0.24023,1.03277,0.00492,0.00039,0
15976.497,0.07715,-1.00073,-0.23340,1.03048,0.00229,0.00038,0
15977.954,0.07666,-0.99731,-0.24463,1.02974,0.00075,0.00037,0
15979.428,0.08105,-0.99219,-0.24023,1.02407,0.00567,0.00040,0
15980.886,0.08154,-0.99609,-0.24902,1.02998,0.00591,0.00044,0
15982.344,0.08252,-0.99023,-0.24390,1.02316,0.00682,0.00048,0
15983.802,0.07788,-0.99683,-0.24414,1.02924,0.00608,0.00051,0
15985.259,0.07812,-0.99683,-0.24878,1.03037,0.00113,0.00051,0
15986.721,0.07666,-1.00171,-0.24072,1.03308,0.00271,0.00052,0
15988.210,0.07886,-0.99829,-0.23804,1.02930,0.00377,0.00052,0
15989.674,0.08276,-0.99438,-0.24414,1.02726,0.00205,0.00047,0
15991.134,0.08032,-0.99194,-0.24829,1.02570,0.00156,0.00047,0
15992.619,0.08130,-0.99585,-0.24048,1.02769,0.00200,0.00040,0
15994.077,0.08447,-0.99365,-0.24121,1.02599,0.00170,0.00039,0
15995.552,0.08008,-0.99292,-0.24097,1.02487,0.00112,0.00038,0
15997.012,0.07715,-0.99976,-0.24072,1.03122,0.00634,0.00041,0
15998.470,0.07837,-1.00513,-0.24390,1.03726,0.00604,0.00040,0
15999.933,0.08130,-0.99731,-0.25220,1.03192,0.00534,0.00042,0
16001.398,0.07690,-1.00122,-0.24561,1.03377,0.00185,0.00036,0
16002.857,0.07642,-0.99536,-0.23315,1.02516,0.00861,0.00043,0
16004.318,0.07397,-0.99365,-0.23828,1.02450,0.00066,0.00041,0
16005.779,0.07495,-0.99609,-0.23901,1.02711,0.00261,0.00042,0
16007.240,0.07910,-0.99927,-0.24121,1.03101,0.00390,0.00043,0
16008.698,0.07983,-0.99561,-0.24731,1.02896,0.00204,0.00043,0
16010.233,0.07764,-0.99805,-0.24536,1.03069,0.00173,0.00043,0
16011.692,0.08130,-0.99414,-0.23950,1.02581,0.00488,0.00043,0
16013.150,0.08228,-0.99634,-0.24634,1.02963,0.00382,0.00044,0
16014.613,0.08447,-0.99976,-0.24243,1.03219,0.00256,0.00045,0
16016.076,0.08472,-0.99805,-0.23975,1.02993,0.00226,0.00042,0
16017.534,0.08276,-0.99365,-0.23901,1.02534,0.00459,0.00040,0
16018.993,0.08179,-0.99438,-0.24146,1.02654,0.00120,0.00036,0
16020.452,0.08228,-0.99341,-0.23120,1.02327,0.00327,0.00033,0
16021.913,0.08203,-0.99951,-0.24268,1.03182,0.00855,0.00041,0
16023.380,0.07715,-0.99658,-0.24072,1.02814,0.00367,0.00041,0
16024.839,0.07983,-0.99219,-0.24390,1.02484,0.00330,0.00041,0
16026.297,0.08057,-0.99731,-0.24390,1.02986,0.00502,0.00043,0
16027.757,0.07715,-0.99365,-0.23267,1.02344,0.00642,0.00047,0
16029.214,0.08057,-0.99927,-0.22949,1.02844,0.00500,0.00049,0
16030.672,0.07544,-1.00024,-0.24561,1.03272,0.00427,0.00050,0
16032.147,0.07642,-1.00537,-0.24414,1.03741,0.00469,0.00053,0
16033.605,0.08276,-0.98804,-0.24023,1.02019,0.01722,0.00078,0
16035.063,0.08032,-0.99390,-0.24194,1.02607,0.00588,0.00078,0
16036.521,0.08496,-0.99658,-0.23779,1.02808,0.00201,0.00075,0
16037.979,0.08618,-0.99683,-0.24121,1.02921,0.00113,0.00075,0
16039.478,0.07617,-1.00317,-0.23950,1.03418,0.00497,0.00070,0
16040.958,0.07471,-0.99585,-0.24048,1.02719,0.00698,0.00075,0
16042.423,0.08301,-0.99707,-0.24585,1.03028,0.00309,0.00075,0
16043.898,0.08252,-0.99390,-0.24854,1.02782,0.00246,0.00075,0
16045.357,0.07837,-0.99683,-0.24146,1.02864,0.00082,0.00074,0
16046.832,0.07935,-1.00098,-0.23438,1.03111,0.00246,0.00074,0
16048.287,0.07959,-1.00024,-0.23926,1.03154,0.00043,0.00072,0
16049.740,0.07812,-0.99048,-0.24268,1.02276,0.00877,0.00078,0
16051.197,0.08350,-0.99365,-0.23486,1.02444,0.00168,0.00078,0
16052.653,0.08057,-0.99927,-0.24463,1.03193,0.00749,0.00083,0
16054.107,0.08374,-0.99585,-0.24585,1.02916,0.00277,0.00082,0
16055.544,0.07959,-0.99829,-0.24414,1.03079,0.00163,0.00082,0
16056.998,0.07617,-0.99731,-0.24683,1.03022,0.00056,0.00081,0
16058.452,0.08081,-0.98975,-0.24487,1.02279,0.00744,0.00079,0
16059.906,0.08228,-0.99268,-0.24634,1.02609,0.00330,0.00079,0
16061.362,0.08105,-1.00171,-0.22729,1.03037,0.00428,0.00080,0
16062.830,0.08325,-1.00146,-0.24438,1.03421,0.00384,0.00078,0
16064.298,0.07959,-0.99902,-0.24170,1.03092,0.00329,0.00075,0
16065.756,0.08105,-0.99951,-0.24658,1.03266,0.00174,0.00073,0
16067.214,0.07568,-0.99683,-0.24658,1.02966,0.00301,0.00072,0
16068.674,0.08130,-0.99463,-0.24341,1.02720,0.00245,0.00071,0
16070.131,0.08081,-0.99438,-0.23926,1.02595,0.00125,0.00041,0
16071.592,0.08276,-1.00220,-0.23218,1.03206,0.00611,0.00041,0
16073.051,0.07959,-0.99609,-0.23486,1.02650,0.00557,0.00044,0
16074.515,0.08130,-0.99658,-0.24487,1.02944,0.00294,0.00045,0
16075.979,0.07617,-0.99365,-0.24023,1.02511,0.00433,0.00044,0
16077.444,0.07910,-0.99585,-0.24487,1.02856,0.00345,0.00041,0
16078.902,0.08594,-0.99438,-0.24121,1.02682,0.00174,0.00040,0
16080.360,0.07715,-0.99487,-0.23901,1.02609,0.00074,0.00039,0
16081.818,0.07227,-0.99512,-0.23511,1.02506,0.00102,0.00039,0
16083.276,0.08032,-0.99976,-0.23608,1.03039,0.00532,0.00042,0
16084.734,0.07959,-0.99512,-0.23145,1.02477,0.00561,0.00045,0
16086.192,0.07935,-0.99512,-0.24243,1.02729,0.00252,0.00038,0
16087.651,0.07910,-0.99951,-0.24194,1.03142,0.00412,0.00039,0
16089.110,0.08032,-1.00146,-0.24121,1.03323,0.00182,0.00034,0
16090.583,0.08008,-0.99731,-0.23975,1.02885,0.00438,0.00035,0
16092.042,0.08032,-1.00220,-0.23926,1.03349,0.00464,0.00037,0
16093.500,0.08301,-0.99414,-0.23950,1.02595,0.00754,0.00043,0
16094.959,0.07666,-0.99829,-0.23950,1.02948,0.00353,0.00038,0
16096.417,0.07690,-0.98975,-0.23779,1.02081,0.00867,0.00045,0
16097.875,0.07251,-0.99561,-0.24463,1.02778,0.00697,0.00048,0
16099.335,0.07837,-0.99609,-0.24658,1.02915,0.00137,0.00046,0
16100.804,0.08032,-0.99463,-0.24268,1.02695,0.00220,0.00046,0
16102.274,0.08057,-0.99756,-0.24048,1.02929,0.00234,0.00046,0
16103.736,0.07812,-0.99805,-0.24146,1.02981,0.00051,0.00045,0
16105.195,0.07739,-0.99829,-0.23926,1.02948,0.00033,0.00045,0
16106.733,0.08057,-0.99805,-0.23950,1.02954,0.00006,0.00044,0
16108.192,0.08203,-0.99658,-0.25391,1.03168,0.00215,0.00041,0
16109.651,0.07983,-0.99756,-0.25488,1.03270,0.00101,0.00038,0
16111.109,0.08008,-0.99731,-0.24390,1.02982,0.00287,0.00038,0
16112.576,0.07886,-0.99683,-0.24561,1.02966,0.00016,0.00036,0
16114.050,0.07544,-0.99341,-0.24170,1.02517,0.00449,0.00037,0
16115.511,0.08618,-0.99854,-0.23999,1.03058,0.00541,0.00040,0
16116.970,0.08447,-0.99731,-0.23755,1.02869,0.00189,0.00040,0
16118.427,0.08813,-0.99634,-0.24194,1.02907,0.00039,0.00040,0
16119.885,0.08301,-0.99414,-0.23682,1.02532,0.00375,0.00039,0
16121.359,0.08203,-0.99683,-0.23950,1.02847,0.00315,0.00036,0
16122.828,0.07739,-0.99585,-0.23804,1.02682,0.00165,0.00036,0
16124.287,0.08154,-0.99390,-0.24023,1.02576,0.00106,0.00034,0
16125.744,0.08423,-1.00098,-0.23950,1.03267,0.00691,0.00039,0
16127.202,0.08179,-0.99731,-0.24121,1.02932,0.00335,0.00038,0
16128.694,0.08032,-0.99902,-0.24268,1.03121,0.00188,0.00036,0
16130.153,0.07739,-0.99292,-0.24146,1.02478,0.00643,0.00035,0
16131.614,0.08228,-0.99121,-0.24072,1.02334,0.00145,0.00034,0
16133.073,0.08472,-0.99731,-0.23438,1.02798,0.00465,0.00028,0
16134.532,0.07788,-1.00024,-0.24292,1.03226,0.00428,0.00025,0
16135.991,0.07690,-0.99951,-0.24048,1.03091,0.00136,0.00025,0
16137.450,0.07812,-0.99243,-0.25537,1.02773,0.00317,0.00026,0
16138.915,0.08032,-0.99780,-0.25049,1.03189,0.00416,0.00027,0
16140.369,0.07764,-1.00293,-0.23999,1.03416,0.00227,0.00028,0
16141.822,0.07910,-0.99902,-0.23804,1.03003,0.00413,0.00029,0
16143.277,0.08008,-0.99805,-0.23193,1.02777,0.00227,0.00030,0
16144.737,0.08057,-0.99658,-0.23584,1.02727,0.00049,0.00029,0
16146.197,0.08032,-0.99316,-0.24121,1.02519,0.00208,0.00030,0
16147.655,0.07812,-0.99487,-0.24707,1.02807,0.00288,0.00030,0
16149.114,0.07959,-0.99829,-0.24927,1.03201,0.00395,0.00031,0
16150.580,0.07812,-0.99878,-0.25244,1.03315,0.00113,0.00029,0
16152.059,0.07910,-0.99268,-0.23877,1.02405,0.00910,0.00035,0
16153.529,0.07739,-0.99390,-0.23779,1.02487,0.00083,0.00034,0
16154.991,0.07788,-1.00049,-0.24536,1.03308,0.00820,0.00041,0
16156.452,0.07446,-1.00049,-0.23706,1.03088,0.00219,0.00040,0
16157.950,0.08057,-1.00098,-0.23804,1.03204,0.00116,0.00039,0
16159.410,0.08154,-0.99902,-0.24390,1.03159,0.00045,0.00039,0
16160.868,0.08154,-0.99805,-0.24512,1.03094,0.00066,0.00039,0
16162.327,0.07642,-0.99146,-0.24194,1.02341,0.00753,0.00040,0
16163.785,0.07910,-0.99512,-0.24048,1.02681,0.00341,0.00040,0
16165.243,0.07422,-0.99512,-0.24658,1.02790,0.00108,0.00040,0
16166.711,0.08179,-0.99707,-0.24976,1.03112,0.00323,0.00037,0
16168.184,0.07690,-1.00269,-0.23853,1.03353,0.00241,0.00037,0
16169.641,0.07983,-0.99658,-0.24805,1.03009,0.00345,0.00036,0
16171.102,0.08130,-0.99609,-0.24243,1.02839,0.00170,0.00034,0
16172.563,0.08008,-0.99487,-0.23901,1.02631,0.00208,0.00035,0
16174.021,0.07935,-0.99292,-0.24414,1.02557,0.00074,0.00034,0
16175.513,0.08228,-0.99561,-0.23486,1.02624,0.00067,0.00032,0
16176.974,0.07715,-0.99365,-0.23950,1.02502,0.00122,0.00032,0
16178.433,0.07959,-0.99976,-0.23828,1.03084,0.00582,0.00033,0
16179.892,0.08105,-0.99951,-0.25195,1.03396,0.00312,0.00034,0
16181.374,0.07910,-1.00024,-0.24365,1.03253,0.00143,0.00034,0
16182.848,0.07910,-0.99683,-0.23901,1.02813,0.00440,0.00035,0
16184.307,0.08081,-0.99756,-0.24097,1.02943,0.00130,0.00035,0
16185.765,0.08252,-0.99561,-0.24585,1.02883,0.00060,0.00033,0
16187.226,0.07764,-0.99438,-0.24194,1.02634,0.00249,0.00034,0
16188.684,0.07788,-0.99463,-0.24072,1.02630,0.00003,0.00026,0
16190.155,0.07715,-1.00171,-0.23584,1.03199,0.00568,0.00029,0
16191.624,0.07617,-1.00195,-0.23950,1.03299,0.00101,0.00022,0
16193.081,0.07764,-0.99341,-0.24194,1.02539,0.00760,0.00027,0
16194.539,0.08032,-0.99463,-0.23950,1.02621,0.00082,0.00027,0
16195.997,0.07959,-0.99487,-0.23877,1.02622,0.00001,0.00027,0
16197.454,0.08325,-0.98975,-0.24341,1.02263,0.00358,0.00029,0
16198.919,0.07886,-0.99902,-0.24414,1.03144,0.00881,0.00031,0
16200.377,0.08057,-1.00024,-0.23438,1.03049,0.00095,0.00030,0
16201.837,0.08276,-1.00171,-0.23999,1.03338,0.00289,0.00030,0
16203.374,0.08032,-1.00024,-0.23877,1.03148,0.00190,0.00030,0
16204.834,0.08301,-0.99805,-0.24268,1.03048,0.00100,0.00029,0
16206.292,0.08252,-0.99512,-0.23804,1.02651,0.00396,0.00029,0
16207.753,0.08252,-0.99463,-0.23901,1.02627,0.00025,0.00029,0
16209.210,0.07690,-0.99292,-0.24072,1.02457,0.00169,0.00029,0
16210.672,0.07617,-0.99585,-0.23950,1.02707,0.00250,0.00030,0
16212.164,0.07495,-0.99390,-0.24219,1.02572,0.00135,0.00030,0
16213.624,0.08008,-0.99341,-0.24585,1.02651,0.00079,0.00030,0
16215.084,0.08423,-0.99268,-0.25098,1.02737,0.00086,0.00026,0
16216.540,0.08325,-0.99731,-0.24512,1.03036,0.00299,0.00026,0
16217.998,0.07935,-0.99609,-0.23657,1.02687,0.00349,0.00027,0
16219.456,0.08228,-0.99146,-0.24316,1.02415,0.00272,0.00026,0
16220.916,0.07666,-0.99756,-0.23730,1.02826,0.00411,0.00028,0
16222.376,0.07593,-0.99902,-0.24048,1.03036,0.00210,0.00028,0
16223.834,0.08032,-1.00024,-0.23608,1.03086,0.00050,0.00027,0
16225.292,0.07861,-0.99658,-0.23511,1.02695,0.00391,0.00029,0
16226.753,0.08008,-0.99634,-0.23950,1.02784,0.00089,0.00026,0
16228.224,0.07812,-0.99536,-0.24731,1.02860,0.00075,0.00026,0
16229.681,0.08374,-1.00049,-0.24536,1.03353,0.00494,0.00022,0
16231.139,0.08081,-0.99585,-0.24097,1.02777,0.00576,0.00026,0
16232.599,0.08374,-0.99536,-0.23120,1.02529,0.00248,0.00026,0
16234.068,0.07837,-0.99756,-0.25098,1.03163,0.00634,0.00029,0
16235.565,0.07764,-0.99780,-0.24072,1.02936,0.00227,0.00022,0
16237.027,0.08740,-0.99951,-0.23682,1.03090,0.00153,0.00022,0
16238.488,0.08081,-0.99756,-0.24536,1.03046,0.00043,0.00021,0
16239.948,0.08203,-0.99487,-0.23901,1.02646,0.00400,0.00022,0
16241.406,0.07739,-0.99365,-0.23511,1.02402,0.00245,0.00023,0
16242.865,0.07642,-0.99731,-0.24121,1.02891,0.00489,0.00024,0
16244.322,0.07861,-0.99707,-0.24829,1.03052,0.00161,0.00024,0
16245.780,0.08374,-0.99780,-0.23340,1.02815,0.00237,0.00024,0
16247.239,0.08862,-0.99683,-0.23291,1.02750,0.00065,0.00024,0
16248.697,0.08374,-0.99512,-0.23926,1.02690,0.00061,0.00023,0
16250.157,0.07544,-0.99219,-0.24536,1.02486,0.00204,0.00024,0
16251.618,0.07739,-0.99585,-0.24536,1.02855,0.00369,0.00025,0
16253.077,0.07886,-0.99146,-0.23877,1.02285,0.00570,0.00027,0
16254.536,0.08228,-0.99487,-0.23413,1.02536,0.00251,0.00027,0
16256.004,0.08325,-0.99487,-0.23828,1.02639,0.00103,0.00026,0
16257.471,0.07812,-0.99731,-0.25171,1.03155,0.00516,0.00027,0
16258.931,0.07812,-0.99854,-0.24512,1.03114,0.00041,0.00027,0
16260.389,0.08228,-0.99390,-0.24780,1.02762,0.00352,0.00028,0
16261.847,0.07910,-0.99341,-0.24121,1.02533,0.00229,0.00027,0
16263.305,0.07495,-0.99390,-0.23169,1.02329,0.00204,0.00027,0
16264.762,0.08179,-0.99316,-0.24170,1.02542,0.00213,0.00028,0
16266.230,0.08228,-0.99683,-0.23975,1.02855,0.00313,0.00026,0
16267.689,0.08252,-0.99878,-0.23901,1.03029,0.00174,0.00023,0
16269.147,0.07910,-0.99927,-0.24023,1.03078,0.00049,0.00023,0
16270.604,0.08105,-1.00146,-0.24829,1.03496,0.00418,0.00020,0
16272.062,0.07886,-0.99707,-0.24219,1.02909,0.00588,0.00023,0
16273.522,0.07886,-0.99951,-0.23511,1.02981,0.00073,0.00023,0
16274.988,0.08301,-1.00244,-0.23291,1.03249,0.00267,0.00024,0
16276.459,0.07690,-0.99316,-0.24634,1.02614,0.00634,0.00026,0
16277.919,0.06982,-0.99243,-0.24268,1.02405,0.00209,0.00026,0
16279.376,0.07544,-0.99536,-0.23193,1.02481,0.00075,0.00024,0
16280.835,0.08057,-0.99268,-0.24048,1.02456,0.00025,0.00024,0
16282.292,0.07690,-0.99902,-0.23682,1.02958,0.00502,0.00025,0
16283.751,0.07935,-0.99487,-0.24048,1.02660,0.00299,0.00026,0
16285.208,0.07910,-0.99927,-0.24072,1.03089,0.00430,0.00028,0
16286.688,0.08252,-0.99487,-0.24585,1.02812,0.00278,0.00028,0
16288.156,0.08325,-0.99609,-0.23438,1.02668,0.00144,0.00027,0
16289.622,0.07910,-0.99902,-0.24780,1.03233,0.00566,0.00027,0
16291.082,0.07715,-0.99438,-0.24146,1.02618,0.00615,0.00030,0
16292.540,0.07861,-0.99072,-0.23975,1.02235,0.00384,0.00032,0
16294.025,0.08569,-0.99194,-0.24268,1.02479,0.00244,0.00030,0
16295.481,0.07739,-0.99194,-0.24780,1.02535,0.00057,0.00030,0
16296.938,0.07886,-0.99048,-0.24585,1.02358,0.00178,0.00029,0
16298.397,0.07935,-0.99683,-0.23389,1.02697,0.00339,0.00029,0
16299.928,0.08228,-0.99658,-0.25391,1.03170,0.00474,0.00031,0
16301.387,0.07910,-0.99756,-0.24243,1.02964,0.00207,0.00031,0
16302.848,0.07715,-0.99854,-0.24658,1.03142,0.00178,0.00031,0
16304.317,0.08032,-1.00122,-0.24390,1.03362,0.00220,0.00031,0
16305.775,0.07959,-0.99316,-0.24854,1.02688,0.00675,0.00035,0
16307.233,0.07739,-0.99341,-0.24634,1.02642,0.00046,0.00034,0
16308.692,0.07812,-1.00049,-0.23535,1.03076,0.00435,0.00032,0
16310.150,0.08203,-0.99683,-0.23926,1.02841,0.00235,0.00033,0
16311.897,0.08301,-0.98975,-0.24854,1.02384,0.00457,0.00034,0
16313.397,0.07373,-0.99438,-0.23608,1.02468,0.00084,0.00030,0
16314.882,0.07812,-0.99561,-0.23633,1.02625,0.00157,0.00030,0
16316.375,0.07764,-1.00293,-0.23926,1.03399,0.00774,0.00036,0
16317.845,0.08203,-0.99902,-0.23682,1.02998,0.00401,0.00037,0
16319.436,0.07739,-0.99731,-0.24219,1.02921,0.00077,0.00035,0
16320.917,0.07983,-1.00293,-0.24341,1.03513,0.00591,0.00037,0
16322.389,0.08008,-0.99829,-0.24048,1.02996,0.00516,0.00038,0
16323.853,0.08008,-0.99365,-0.24634,1.02686,0.00311,0.00038,0
16325.322,0.07690,-1.00122,-0.24121,1.03273,0.00587,0.00042,0
16326.809,0.07373,-1.00244,-0.24243,1.03397,0.00124,0.00039,0
16328.318,0.08472,-0.99658,-0.24683,1.03018,0.00379,0.00036,0
16329.793,0.08130,-0.99561,-0.24731,1.02908,0.00110,0.00035,0
16331.253,0.07910,-0.99878,-0.24316,1.03099,0.00191,0.00035,0
16332.712,0.08252,-0.99268,-0.24365,1.02547,0.00553,0.00038,0
16334.169,0.08057,-0.99414,-0.23926,1.02570,0.00023,0.00037,0
16335.627,0.07788,-0.99561,-0.23145,1.02512,0.00058,0.00036,0
16337.090,0.07935,-0.99390,-0.23438,1.02424,0.00088,0.00034,0
16338.552,0.07861,-1.00000,-0.24780,1.03324,0.00901,0.00042,0
16340.012,0.07910,-1.00024,-0.24072,1.03184,0.00140,0.00042,0
16341.469,0.07837,-0.99536,-0.24854,1.02891,0.00293,0.00042,0
16342.929,0.07886,-0.99731,-0.23682,1.02807,0.00084,0.00038,0
16344.387,0.07690,-0.99438,-0.24414,1.02680,0.00127,0.00038,0
16345.805,0.07739,-0.99976,-0.24194,1.03152,0.00472,0.00038,0
16347.267,0.07715,-0.99658,-0.24292,1.02866,0.00286,0.00038,0
16348.754,0.07324,-0.99585,-0.23804,1.02652,0.00214,0.00037,0
16350.231,0.08252,-0.99707,-0.24365,1.02972,0.00320,0.00038,0
16351.692,0.08203,-0.99902,-0.24146,1.03106,0.00134,0.00038,0
16353.149,0.08203,-0.99585,-0.24292,1.02833,0.00273,0.00032,0
16354.606,0.08032,-0.99585,-0.24048,1.02762,0.00071,0.00031,0
16356.063,0.07666,-0.99902,-0.23901,1.03007,0.00246,0.00031,0
16357.515,0.08423,-0.99097,-0.24072,1.02326,0.00682,0.00032,0
16358.974,0.08105,-0.99756,-0.24146,1.02956,0.00630,0.00034,0
16360.431,0.07422,-0.99829,-0.23413,1.02806,0.00150,0.00033,0
16361.887,0.08301,-0.99683,-0.24146,1.02901,0.00094,0.00030,0
16363.345,0.07812,-1.00195,-0.24438,1.03428,0.00528,0.00032,0
16364.802,0.08057,-1.00220,-0.24121,1.03396,0.00032,0.00031,0
16366.259,0.08350,-0.99536,-0.24048,1.02740,0.00656,0.00035,0
16367.732,0.08105,-0.99268,-0.24438,1.02552,0.00187,0.00035,0
16369.199,0.08032,-0.99585,-0.24438,1.02854,0.00302,0.00033,0
16370.659,0.07764,-0.99536,-0.24707,1.02850,0.00004,0.00033,0
16372.118,0.07739,-0.99634,-0.25146,1.03049,0.00199,0.00033,0
16373.574,0.07422,-0.99731,-0.24121,1.02875,0.00174,0.00033,0
16375.031,0.07544,-0.99756,-0.23682,1.02805,0.00070,0.00025,0
16376.488,0.07715,-1.00000,-0.24048,1.03140,0.00334,0.00026,0
16377.945,0.07886,-0.99585,-0.23999,1.02739,0.00401,0.00027,0
16379.403,0.07520,-0.99585,-0.23657,1.02632,0.00107,0.00027,0
16380.865,0.07690,-0.99609,-0.23755,1.02691,0.00059,0.00027,0
16382.324,0.08643,-0.99927,-0.24268,1.03194,0.00503,0.00027,0
16383.785,0.08228,-1.00073,-0.24219,1.03290,0.00096,0.00027,0
16385.243,0.07178,-0.99463,-0.25049,1.02819,0.00471,0.00028,0
16386.734,0.07739,-0.99731,-0.24878,1.03078,0.00259,0.00028,0
16388.207,0.08081,-1.00610,-0.24976,1.03978,0.00900,0.00036,0
16389.682,0.07715,-0.99756,-0.24463,1.03001,0.00978,0.00045,0
16391.147,0.08032,-0.99316,-0.24316,1.02565,0.00436,0.00047,0
16392.570,0.07617,-0.99292,-0.23560,1.02333,0.00232,0.00047,0
16394.027,0.07861,-0.99707,-0.24243,1.02913,0.00580,0.00045,0
16395.486,0.07983,-0.99780,-0.24609,1.03080,0.00167,0.00042,0
16397.021,0.08472,-0.99805,-0.23950,1.02987,0.00093,0.00041,0
16398.480,0.08203,-0.99902,-0.23926,1.03054,0.00067,0.00041,0
16399.940,0.07520,-0.99707,-0.23901,1.02807,0.00247,0.00039,0
16401.396,0.08032,-0.99878,-0.24365,1.03120,0.00313,0.00040,0
16402.857,0.08081,-0.99731,-0.24121,1.02925,0.00196,0.00036,0
16404.352,0.07715,-0.99829,-0.24341,1.03043,0.00118,0.00036,0
16405.807,0.07520,-1.00000,-0.24902,1.03328,0.00285,0.00036,0
16407.266,0.07910,-0.99927,-0.24097,1.03095,0.00233,0.00036,0
16408.725,0.07788,-0.99585,-0.23608,1.02641,0.00454,0.00038,0
16410.184,0.07812,-0.99731,-0.23291,1.02713,0.00072,0.00038,0
16411.651,0.08008,-0.99170,-0.24243,1.02404,0.00309,0.00039,0
16413.106,0.08179,-0.99243,-0.24121,1.02459,0.00056,0.00038,0
16414.566,0.08032,-0.99976,-0.23877,1.03101,0.00641,0.00040,0
16416.020,0.08057,-1.00049,-0.24268,1.03265,0.00164,0.00040,0
16417.508,0.08032,-0.99829,-0.23438,1.02858,0.00407,0.00042,0
16418.965,0.07886,-0.99365,-0.24438,1.02630,0.00228,0.00040,0
16420.438,0.07812,-0.99707,-0.24756,1.03031,0.00401,0.00041,0
16421.896,0.08130,-0.99878,-0.23975,1.03036,0.00005,0.00039,0
16423.339,0.08301,-0.99854,-0.24365,1.03118,0.00082,0.00039,0
16424.828,0.07764,-0.99878,-0.23730,1.02951,0.00166,0.00031,0
16426.287,0.07788,-0.99585,-0.24219,1.02783,0.00168,0.00022,0
16427.748,0.08008,-1.00098,-0.23877,1.03217,0.00434,0.00022,0
16429.203,0.07666,-0.99658,-0.23315,1.02636,0.00581,0.00024,0
16430.713,0.07886,-0.99219,-0.23096,1.02176,0.00460,0.00023,0
16432.175,0.08545,-1.00024,-0.24219,1.03269,0.01093,0.00035,0
16433.647,0.08179,-0.99561,-0.24487,1.02853,0.00415,0.00036,0
16435.106,0.07739,-0.99609,-0.24194,1.02797,0.00056,0.00036,0
16436.565,0.07788,-1.00000,-0.23730,1.03072,0.00274,0.00037,0
16438.023,0.08008,-0.99365,-0.23926,1.02518,0.00553,0.00039,0
16439.493,0.08301,-0.99731,-0.24365,1.03000,0.00481,0.00041,0
16440.974,0.07935,-0.99805,-0.23267,1.02787,0.00212,0.00041,0
16442.441,0.07886,-0.99219,-0.23511,1.02271,0.00517,0.00043,0
16443.899,0.07397,-0.99316,-0.24341,1.02523,0.00252,0.00043,0
16445.356,0.07397,-0.99658,-0.24121,1.02802,0.00279,0.00042,0
16446.814,0.07617,-1.00146,-0.24268,1.03326,0.00524,0.00044,0
16448.301,0.08154,-1.00098,-0.24390,1.03348,0.00022,0.00043,0
16449.757,0.07983,-1.00122,-0.23950,1.03256,0.00093,0.00043,0
16451.215,0.08252,-0.99756,-0.24097,1.02956,0.00300,0.00040,0
16452.672,0.08130,-0.99463,-0.24219,1.02691,0.00265,0.00041,0
16454.137,0.07935,-0.99194,-0.24243,1.02422,0.00270,0.00040,0
16455.616,0.08496,-0.99390,-0.24902,1.02813,0.00392,0.00041,0
16457.076,0.07666,-0.99683,-0.22998,1.02588,0.00225,0.00040,0
16458.534,0.08447,-0.99438,-0.24512,1.02763,0.00175,0.00040,0
16459.993,0.07959,-1.00049,-0.24463,1.03303,0.00540,0.00043,0
16461.450,0.08032,-0.99951,-0.24561,1.03237,0.00066,0.00042,0
16462.908,0.08203,-0.99683,-0.24536,1.02985,0.00252,0.00043,0
16464.366,0.07642,-0.99731,-0.24097,1.02885,0.00100,0.00041,0
16465.826,0.07983,-0.99927,-0.24072,1.03095,0.00210,0.00038,0
16467.283,0.07935,-0.99609,-0.24146,1.02801,0.00294,0.00037,0
16468.740,0.07666,-0.99805,-0.24365,1.03021,0.00221,0.00025,0
16470.196,0.07471,-0.99878,-0.23901,1.02969,0.00052,0.00024,0
16471.662,0.07983,-0.99585,-0.23755,1.02690,0.00280,0.00024,0
16473.118,0.08032,-0.99390,-0.23486,1.02442,0.00247,0.00024,0
16474.574,0.08154,-1.00024,-0.23901,1.03163,0.00721,0.00026,0
16476.034,0.07520,-0.99780,-0.24585,1.03039,0.00124,0.00024,0
16477.496,0.07593,-0.99927,-0.24512,1.03169,0.00130,0.00024,0
16478.953,0.08179,-1.00098,-0.24634,1.03408,0.00239,0.00022,0
16480.421,0.08105,-0.99365,-0.24243,1.02601,0.00808,0.00028,0
16481.876,0.08521,-0.99829,-0.23804,1.02981,0.00380,0.00028,0
16483.335,0.08179,-1.00293,-0.23682,1.03375,0.00394,0.00027,0
16484.793,0.07886,-0.99243,-0.24146,1.02442,0.00933,0.00036,0
16486.254,0.07983,-0.99683,-0.24316,1.02916,0.00474,0.00038,0
16487.716,0.07715,-0.99561,-0.24756,1.02882,0.00034,0.00037,0
16489.176,0.07495,-0.99170,-0.23853,1.02273,0.00609,0.00040,0
16490.634,0.07739,-0.99780,-0.23804,1.02872,0.00599,0.00043,0
16492.093,0.08032,-0.99536,-0.23657,1.02624,0.00248,0.00042,0
16493.551,0.08057,-0.99121,-0.24390,1.02395,0.00229,0.00042,0
16495.103,0.07983,-0.99756,-0.25220,1.03204,0.00809,0.00048,0
16496.562,0.06885,-0.99707,-0.23584,1.02689,0.00514,0.00048,0
16498.019,0.07983,-1.00220,-0.23926,1.03345,0.00656,0.00052,0
16499.480,0.08276,-0.99585,-0.24146,1.02804,0.00541,0.00055,0
16500.924,0.08325,-0.99658,-0.23901,1.02822,0.00018,0.00055,0
16502.392,0.07642,-0.99341,-0.23438,1.02354,0.00468,0.00056,0
16503.857,0.08398,-0.99658,-0.23315,1.02693,0.00339,0.00057,0
16505.313,0.08521,-0.99707,-0.23511,1.02795,0.00102,0.00056,0
16506.783,0.08105,-1.00391,-0.23706,1.03470,0.00674,0.00061,0
16508.240,0.07739,-1.00000,-0.23608,1.03040,0.00430,0.00062,0
16509.698,0.07324,-0.99561,-0.23535,1.02566,0.00474,0.00063,0
16511.158,0.07593,-0.99585,-0.23804,1.02671,0.00105,0.00058,0
16512.622,0.08545,-0.99634,-0.24146,1.02873,0.00202,0.00059,0
16514.083,0.07812,-0.99561,-0.23657,1.02630,0.00243,0.00059,0
16515.545,0.08081,-0.99780,-0.24316,1.03018,0.00388,0.00060,0
16517.004,0.08203,-0.99976,-0.24194,1.03188,0.00170,0.00054,0
16518.464,0.08057,-0.99536,-0.23486,1.02586,0.00602,0.00056,0
16519.924,0.08057,-0.99121,-0.24438,1.02407,0.00180,0.00055,0
16521.383,0.08081,-0.99634,-0.23950,1.02790,0.00383,0.00047,0
16522.844,0.08252,-0.99512,-0.24756,1.02876,0.00086,0.00045,0
16524.301,0.08374,-0.99438,-0.24414,1.02734,0.00143,0.00046,0
16525.761,0.07422,-0.99805,-0.24292,1.02986,0.00253,0.00042,0
16527.221,0.07764,-0.99902,-0.24585,1.03175,0.00189,0.00039,0
16528.679,0.07617,-0.99121,-0.24023,1.02275,0.00901,0.00047,0
16530.138,0.07812,-0.99219,-0.24365,1.02465,0.00190,0.00047,0
16531.599,0.08130,-0.99219,-0.23950,1.02392,0.00073,0.00040,0
16533.058,0.07642,-0.99341,-0.24048,1.02495,0.00104,0.00038,0
16534.517,0.08203,-0.99731,-0.25293,1.03215,0.00720,0.00038,0
16535.978,0.08228,-0.99536,-0.24146,1.02753,0.00462,0.00038,0
16537.437,0.07739,-1.00024,-0.23950,1.03143,0.00390,0.00039,0
16538.897,0.07788,-0.99756,-0.23560,1.02796,0.00347,0.00038,0
16540.356,0.07886,-1.00024,-0.23047,1.02948,0.00152,0.00037,0
16541.815,0.07202,-1.00195,-0.24561,1.03413,0.00465,0.00039,0
16543.274,0.07837,-0.99878,-0.24438,1.03123,0.00290,0.00036,0
16544.732,0.07739,-0.99243,-0.24658,1.02553,0.00569,0.00037,0
16546.191,0.07983,-0.98877,-0.24902,1.02277,0.00276,0.00036,0
16547.681,0.08203,-0.99707,-0.23633,1.02797,0.00521,0.00038,0
16549.140,0.07812,-0.99976,-0.23877,1.03084,0.00286,0.00039,0
16550.599,0.08081,-0.99780,-0.24438,1.03047,0.00037,0.00038,0
16552.061,0.08276,-0.99609,-0.24463,1.02903,0.00144,0.00037,0
16553.519,0.07935,-0.99609,-0.24731,1.02940,0.00037,0.00036,0
16554.981,0.07715,-0.99658,-0.24683,1.02959,0.00019,0.00033,0
16556.438,0.08105,-0.99561,-0.24048,1.02744,0.00215,0.00033,0
16557.896,0.08301,-1.00098,-0.24756,1.03447,0.00703,0.00036,0
16559.356,0.08325,-1.00024,-0.23706,1.03132,0.00315,0.00037,0
16560.814,0.08081,-1.00391,-0.23315,1.03379,0.00247,0.00038,0
16562.275,0.08008,-0.99902,-0.23608,1.02966,0.00413,0.00039,0
16563.752,0.07910,-0.99341,-0.23682,1.02430,0.00535,0.00041,0
16565.208,0.07617,-0.99683,-0.24268,1.02876,0.00446,0.00035,0
16566.669,0.07593,-0.99268,-0.23535,1.02302,0.00575,0.00038,0
16568.126,0.07495,-0.99512,-0.23926,1.02622,0.00320,0.00039,0
16569.585,0.07788,-0.99585,-0.24438,1.02835,0.00213,0.00039,0
16571.051,0.07959,-0.99365,-0.23975,1.02526,0.00309,0.00035,0
16572.508,0.07788,-0.99658,-0.24268,1.02866,0.00340,0.00034,0
16573.968,0.08154,-0.99414,-0.24146,1.02629,0.00237,0.00033,0
16575.427,0.07373,-0.99951,-0.24146,1.03090,0.00462,0.00034,0
16576.930,0.08252,-0.99463,-0.24268,1.02713,0.00378,0.00035,0
16578.394,0.07837,-0.99316,-0.24292,1.02544,0.00169,0.00033,0
16579.855,0.08008,-0.99292,-0.24170,1.02505,0.00039,0.00033,0
16581.316,0.07349,-0.99780,-0.23608,1.02798,0.00293,0.00030,0
16582.775,0.08057,-0.99927,-0.23633,1.02999,0.00201,0.00030,0
16584.234,0.07788,-1.00024,-0.23999,1.03158,0.00159,0.00027,0
16585.693,0.08057,-0.99951,-0.24170,1.03147,0.00010,0.00027,0
16587.153,0.08057,-0.99561,-0.23706,1.02661,0.00487,0.00029,0
16588.613,0.08667,-0.99609,-0.23706,1.02758,0.00097,0.00029,0
16590.073,0.08154,-0.99634,-0.23608,1.02717,0.00041,0.00029,0
16591.613,0.08032,-0.99438,-0.24536,1.02735,0.00019,0.00029,0
16593.075,0.07642,-0.99390,-0.24976,1.02764,0.00029,0.00028,0
16594.532,0.08105,-0.99878,-0.24170,1.03080,0.00316,0.00024,0
16595.993,0.08008,-0.99487,-0.23999,1.02654,0.00426,0.00025,0
16597.452,0.08472,-0.99707,-0.24023,1.02910,0.00256,0.00025,0
16598.914,0.08203,-1.00000,-0.23730,1.03104,0.00194,0.00024,0
16600.382,0.08032,-0.99658,-0.23999,1.02821,0.00283,0.00022,0
16601.841,0.07690,-0.99658,-0.23950,1.02784,0.00038,0.00020,0
16603.303,0.08203,-0.99121,-0.23828,1.02274,0.00509,0.00019,0
16604.762,0.07886,-0.99951,-0.24487,1.03209,0.00934,0.00027,0
16606.221,0.08203,-1.00098,-0.24243,1.03318,0.00109,0.00027,0
16607.681,0.08130,-0.99536,-0.23755,1.02654,0.00664,0.00030,0
16609.140,0.07812,-0.99756,-0.22900,1.02648,0.00006,0.00029,0
16610.600,0.07959,-0.99951,-0.24219,1.03151,0.00503,0.00031,0
16612.060,0.07959,-0.99561,-0.23682,1.02647,0.00504,0.00031,0
16613.518,0.07642,-0.99731,-0.24390,1.02954,0.00307,0.00031,0
16614.979,0.07690,-1.00073,-0.23926,1.03181,0.00226,0.00031,0
16616.438,0.08496,-1.00293,-0.24072,1.03491,0.00310,0.00032,0
16617.896,0.08374,-1.00122,-0.24292,1.03367,0.00124,0.00031,0
16619.355,0.08398,-0.99585,-0.23926,1.02763,0.00604,0.00035,0
16620.814,0.08887,-0.99805,-0.24316,1.03108,0.00345,0.00035,0
16622.274,0.08130,-0.99268,-0.23975,1.02445,0.00663,0.00040,0
16623.734,0.08105,-0.99634,-0.24805,1.02994,0.00550,0.00041,0
16625.197,0.08081,-0.99707,-0.24048,1.02884,0.00111,0.00041,0
16626.655,0.07837,-0.99292,-0.25195,1.02738,0.00146,0.00041,0
16628.113,0.07910,-0.99341,-0.23169,1.02313,0.00425,0.00043,0
16629.572,0.07666,-0.99194,-0.23242,1.02169,0.00144,0.00043,0
16631.033,0.07617,-1.00439,-0.23926,1.03530,0.01362,0.00060,0
16632.491,0.08032,-0.99854,-0.23999,1.03011,0.00520,0.00061,0
16633.950,0.08398,-0.98975,-0.23486,1.02069,0.00941,0.00069,0
16635.409,0.08032,-0.99341,-0.24194,1.02560,0.00490,0.00071,0
16636.868,0.07910,-0.99390,-0.23779,1.02500,0.00059,0.00071,0
16638.328,0.07373,-0.99683,-0.24878,1.03004,0.00504,0.00073,0
16639.788,0.07324,-0.99609,-0.24194,1.02767,0.00237,0.00071,0
16641.248,0.07739,-0.99268,-0.24048,1.02432,0.00335,0.00064,0
16642.709,0.08081,-0.99219,-0.24097,1.02422,0.00009,0.00063,0
16644.167,0.08154,-0.99365,-0.24048,1.02558,0.00136,0.00059,0
16645.632,0.08447,-0.99341,-0.24072,1.02564,0.00006,0.00059,0
16647.093,0.08057,-0.99414,-0.23413,1.02451,0.00113,0.00057,0
16648.551,0.08081,-0.99683,-0.23706,1.02781,0.00330,0.00055,0
16650.010,0.08276,-0.99390,-0.23462,1.02456,0.00325,0.00055,0
16651.470,0.07690,-0.99365,-0.23511,1.02398,0.00058,0.00055,0
16652.945,0.08154,-0.99390,-0.24463,1.02680,0.00282,0.00055,0
16654.419,0.07910,-0.99756,-0.23706,1.02839,0.00158,0.00055,0
16655.881,0.07837,-0.99634,-0.24341,1.02863,0.00024,0.00051,0
16657.339,0.07715,-0.99878,-0.24585,1.03148,0.00285,0.00051,0
16658.800,0.07812,-1.00146,-0.24512,1.03398,0.00250,0.00047,0
16660.257,0.08154,-0.99951,-0.24121,1.03143,0.00255,0.00045,0
16661.716,0.07935,-0.99536,-0.24121,1.02724,0.00419,0.00046,0
16663.176,0.07617,-0.99316,-0.24023,1.02464,0.00260,0.00047,0
16664.635,0.07690,-0.99414,-0.24072,1.02576,0.00112,0.00045,0
16666.092,0.07812,-0.99341,-0.24365,1.02583,0.00007,0.00045,0
16667.552,0.07861,-0.99365,-0.23535,1.02417,0.00167,0.00027,0
16669.012,0.08350,-1.00098,-0.23975,1.03267,0.00850,0.00031,0
16670.473,0.08569,-1.00293,-0.23853,1.03446,0.00179,0.00023,0
16671.934,0.08496,-0.99536,-0.23438,1.02611,0.00835,0.00027,0
16673.393,0.08105,-0.99731,-0.23755,1.02841,0.00231,0.00028,0
16674.868,0.08154,-0.99780,-0.24365,1.03035,0.00194,0.00026,0
16676.325,0.08252,-0.99438,-0.23755,1.02569,0.00466,0.00027,0
16677.784,0.08203,-0.99365,-0.24121,1.02580,0.00011,0.00026,0
16679.244,0.07935,-0.99438,-0.23291,1.02437,0.00142,0.00026,0
16680.703,0.07935,-0.99829,-0.24292,1.03048,0.00611,0.00030,0
16682.162,0.07983,-0.99268,-0.24756,1.02619,0.00429,0.00032,0
16683.621,0.07788,-0.99878,-0.24902,1.03230,0.00611,0.00035,0
16685.081,0.08057,-0.99365,-0.24268,1.02603,0.00627,0.00038,0
16686.540,0.07812,-0.99609,-0.24731,1.02931,0.00328,0.00038,0
16688.080,0.08301,-0.99536,-0.24585,1.02863,0.00068,0.00038,0
16689.542,0.08350,-1.00171,-0.24731,1.03516,0.00653,0.00042,0
16691.003,0.07690,-0.99438,-0.24072,1.02599,0.00917,0.00050,0
16692.462,0.08203,-0.99561,-0.24536,1.02867,0.00268,0.00050,0
16693.920,0.08105,-1.00073,-0.24463,1.03338,0.00471,0.00052,0
16695.382,0.08081,-0.99658,-0.24146,1.02859,0.00479,0.00054,0
16696.842,0.07617,-1.00269,-0.24438,1.03484,0.00625,0.00057,0
16698.310,0.08203,-0.99609,-0.24902,1.03002,0.00482,0.00057,0
16699.770,0.08350,-0.99365,-0.23486,1.02444,0.00558,0.00060,0
16701.229,0.07349,-0.99463,-0.24268,1.02644,0.00200,0.00060,0
16702.690,0.07739,-0.99365,-0.24707,1.02683,0.00039,0.00060,0
16704.149,0.07959,-0.99463,-0.24414,1.02724,0.00041,0.00060,0
16705.607,0.07715,-0.99341,-0.24243,1.02547,0.00177,0.00053,0
16707.067,0.07471,-0.99683,-0.23560,1.02701,0.00154,0.00053,0
16708.525,0.07861,-1.00073,-0.23657,1.03132,0.00431,0.00048,0
16709.984,0.08032,-0.99512,-0.24194,1.02725,0.00406,0.00049,0
16711.443,0.07617,-0.99854,-0.23779,1.02928,0.00203,0.00049,0
16712.902,0.08081,-0.98950,-0.24341,1.02220,0.00708,0.00052,0
16714.361,0.08179,-0.99731,-0.24048,1.02915,0.00695,0.00057,0
16715.820,0.08252,-0.99463,-0.23877,1.02621,0.00294,0.00057,0
16717.278,0.08008,-1.00244,-0.24292,1.03456,0.00835,0.00060,0
16718.738,0.08081,-0.98999,-0.23511,1.02073,0.01383,0.00078,0
16720.197,0.08203,-0.99609,-0.24023,1.02793,0.00720,0.00079,0
16721.660,0.07910,-0.99487,-0.24097,1.02669,0.00124,0.00075,0
16723.136,0.08301,-0.99731,-0.23364,1.02767,0.00098,0.00074,0
16724.593,0.08057,-0.99561,-0.24023,1.02734,0.00033,0.00074,0
16726.052,0.08081,-0.98901,-0.24023,1.02098,0.00637,0.00074,0
16727.511,0.08276,-0.99951,-0.24146,1.03159,0.01061,0.00077,0
16728.998,0.07959,-0.99683,-0.23242,1.02665,0.00493,0.00079,0
16730.455,0.08179,-0.99878,-0.24194,1.03092,0.00426,0.00078,0
16731.916,0.07617,-0.99463,-0.24194,1.02646,0.00445,0.00078,0
16733.374,0.07935,-0.99683,-0.24292,1.02906,0.00260,0.00075,0
16734.834,0.07812,-0.99756,-0.23535,1.02792,0.00114,0.00073,0
16736.292,0.07910,-0.99780,-0.23657,1.02851,0.00059,0.00070,0
16737.750,0.07837,-0.99512,-0.24194,1.02710,0.00141,0.00069,0
16739.212,0.07544,-0.99805,-0.23633,1.02842,0.00131,0.00070,0
16740.671,0.08521,-0.99609,-0.23755,1.02757,0.00085,0.00070,0
16742.130,0.07788,-0.99438,-0.24512,1.02711,0.00046,0.00069,0
16743.590,0.07764,-0.99707,-0.23877,1.02820,0.00109,0.00069,0
16745.062,0.08154,-0.99487,-0.23608,1.02575,0.00245,0.00068,0
16746.525,0.08105,-0.99805,-0.23877,1.02941,0.00366,0.00068,0
16747.984,0.07422,-0.99390,-0.24512,1.02636,0.00304,0.00068,0
16749.442,0.07886,-0.99951,-0.24512,1.03215,0.00578,0.00066,0
16750.934,0.07861,-0.99854,-0.23340,1.02846,0.00369,0.00063,0
16752.392,0.07837,-1.00024,-0.24194,1.03207,0.00361,0.00063,0
16753.850,0.08008,-0.99780,-0.24121,1.02966,0.00241,0.00057,0
16755.337,0.08008,-0.99414,-0.23877,1.02554,0.00412,0.00040,0
16756.798,0.08228,-0.99951,-0.24243,1.03178,0.00623,0.00038,0
16758.256,0.08179,-1.00171,-0.23511,1.03218,0.00040,0.00038,0
16759.718,0.08228,-0.99365,-0.23926,1.02536,0.00682,0.00043,0
16761.176,0.08569,-0.99292,-0.23755,1.02453,0.00083,0.00043,0
16762.636,0.08228,-0.99170,-0.23584,1.02267,0.00186,0.00039,0
16764.108,0.07983,-0.98804,-0.24487,1.02106,0.00162,0.00028,0
16765.567,0.08179,-0.99512,-0.23633,1.02606,0.00500,0.00028,0
16767.028,0.08179,-0.99390,-0.24634,1.02723,0.00117,0.00026,0
16768.486,0.08374,-0.99316,-0.23804,1.02472,0.00251,0.00025,0
16769.945,0.07886,-0.99536,-0.23926,1.02675,0.00203,0.00025,0
16771.408,0.08447,-0.99609,-0.23486,1.02689,0.00014,0.00025,0
16772.866,0.07788,-0.99536,-0.24365,1.02770,0.00082,0.00025,0
16774.325,0.08154,-0.99780,-0.23267,1.02781,0.00011,0.00025,0
16775.817,0.08130,-0.99951,-0.24341,1.03193,0.00412,0.00026,0
16777.275,0.08008,-0.99756,-0.23999,1.02914,0.00279,0.00027,0
16778.735,0.08301,-0.99609,-0.24512,1.02916,0.00002,0.00027,0
16780.193,0.08057,-0.99878,-0.23682,1.02963,0.00047,0.00027,0
16781.677,0.07935,-0.99731,-0.24829,1.03082,0.00119,0.00026,0
16783.148,0.08008,-0.99976,-0.24658,1.03282,0.00201,0.00025,0
16784.680,0.08325,-0.99170,-0.23755,1.02315,0.00968,0.00034,0
16786.139,0.08057,-0.99707,-0.24658,1.03026,0.00712,0.00035,0
16787.599,0.08667,-0.99634,-0.24414,1.02947,0.00080,0.00034,0
16789.059,0.07837,-0.99561,-0.23950,1.02700,0.00247,0.00033,0
16790.528,0.08472,-0.99243,-0.24976,1.02688,0.00013,0.00033,0
16791.989,0.08081,-0.99536,-0.23608,1.02616,0.00071,0.00031,0
16793.447,0.08496,-0.99316,-0.23950,1.02516,0.00100,0.00027,0
16794.908,0.08618,-0.99365,-0.24390,1.02677,0.00161,0.00028,0
16796.365,0.07373,-0.99097,-0.24292,1.02297,0.00380,0.00024,0
16797.824,0.07861,-0.99536,-0.23950,1.02678,0.00382,0.00026,0
16799.284,0.08057,-0.99902,-0.23560,1.02958,0.00280,0.00026,0
16800.743,0.07910,-0.99487,-0.25513,1.03011,0.00052,0.00026,0
16802.201,0.07837,-0.99634,-0.25024,1.03027,0.00016,0.00024,0
16803.664,0.07959,-0.99854,-0.24048,1.03016,0.00010,0.00023,0
16805.122,0.07935,-0.99487,-0.24902,1.02863,0.00153,0.00023,0
16806.581,0.07788,-0.99854,-0.24170,1.03032,0.00169,0.00023,0
16808.040,0.07739,-0.99390,-0.24341,1.02619,0.00413,0.00025,0
16809.501,0.08008,-0.99219,-0.23901,1.02371,0.00248,0.00025,0
16810.962,0.07935,-0.99512,-0.24121,1.02700,0.00330,0.00026,0
16812.419,0.07617,-0.99121,-0.24219,1.02321,0.00380,0.00026,0
16813.877,0.08057,-0.99438,-0.23901,1.02587,0.00267,0.00026,0
16815.337,0.08447,-0.99927,-0.23047,1.02897,0.00310,0.00027,0
16816.796,0.07764,-0.99756,-0.24097,1.02918,0.00021,0.00027,0
16818.282,0.07227,-0.99658,-0.24219,1.02813,0.00105,0.00027,0
16819.739,0.08105,-0.99854,-0.24780,1.03201,0.00388,0.00028,0
16821.198,0.07544,-0.99731,-0.24463,1.02965,0.00237,0.00019,0
16822.659,0.07690,-0.99854,-0.24438,1.03088,0.00123,0.00014,0
16824.117,0.07812,-0.99829,-0.23926,1.02953,0.00135,0.00014,0
16825.576,0.08545,-0.99463,-0.23438,1.02544,0.00409,0.00015,0
16827.036,0.07959,-0.99878,-0.23486,1.02910,0.00367,0.00017,0
16828.497,0.08032,-0.99438,-0.24072,1.02626,0.00285,0.00017,0
16829.953,0.07715,-0.99463,-0.23975,1.02602,0.00024,0.00017,0
16831.414,0.08276,-0.99438,-0.23804,1.02582,0.00020,0.00017,0
16832.874,0.07861,-0.99585,-0.24023,1.02743,0.00161,0.00016,0
16834.332,0.07593,-0.99878,-0.24243,1.03058,0.00315,0.00015,0
16835.790,0.08057,-1.00000,-0.23486,1.03036,0.00022,0.00015,0
16837.250,0.07373,-0.99561,-0.24341,1.02758,0.00279,0.00015,0
16838.709,0.07812,-0.99243,-0.24097,1.02425,0.00333,0.00017,0
16840.167,0.08423,-0.99634,-0.23926,1.02812,0.00387,0.00018,0
16841.626,0.07886,-0.99878,-0.25098,1.03284,0.00473,0.00020,0
16843.087,0.07812,-0.99658,-0.24829,1.03001,0.00283,0.00021,0
16844.545,0.08008,-0.98462,-0.23755,1.01603,0.01398,0.00038,0
16846.004,0.08032,-0.99048,-0.23804,1.02184,0.00581,0.00041,0
16847.464,0.07837,-0.99805,-0.24976,1.03180,0.00996,0.00050,0
16848.923,0.07593,-1.00049,-0.24854,1.03369,0.00189,0.00049,0
16850.381,0.08765,-0.99561,-0.24756,1.02966,0.00403,0.00050,0
16851.846,0.08545,-0.99902,-0.24683,1.03260,0.00295,0.00050,0
16853.304,0.08154,-0.99438,-0.24658,1.02774,0.00486,0.00052,0
16854.764,0.08423,-0.99097,-0.23779,1.02257,0.00517,0.00055,0
16856.222,0.07593,-0.99683,-0.24268,1.02875,0.00617,0.00057,0
16857.680,0.07837,-1.00000,-0.24683,1.03299,0.00424,0.00058,0
16859.146,0.08447,-0.99316,-0.23975,1.02518,0.00781,0.00064,0
16860.604,0.07837,-0.99658,-0.24414,1.02904,0.00386,0.00065,0
16862.062,0.08057,-1.00073,-0.23120,1.03025,0.00121,0.00064,0
16863.521,0.08130,-0.99390,-0.23999,1.02569,0.00456,0.00065,0
16864.980,0.08154,-0.99658,-0.23608,1.02740,0.00172,0.00064,0
16866.439,0.08228,-0.99268,-0.23462,1.02334,0.00407,0.00066,0
16867.898,0.07959,-0.99707,-0.23779,1.02812,0.00478,0.00068,0
16869.357,0.07983,-0.99658,-0.23755,1.02761,0.00051,0.00068,0
16870.816,0.08081,-0.99561,-0.24146,1.02765,0.00004,0.00067,0
16872.275,0.07861,-0.99536,-0.23120,1.02488,0.00277,0.00068,0
16873.734,0.07983,-1.00244,-0.24438,1.03488,0.01000,0.00077,0
16875.193,0.08081,-0.99780,-0.23682,1.02870,0.00619,0.00080,0
16876.652,0.07251,-0.99902,-0.24414,1.03098,0.00228,0.00079,0
16878.111,0.07739,-0.99878,-0.23999,1.03012,0.00086,0.00076,0
16879.570,0.07715,-0.99878,-0.24414,1.03108,0.00096,0.00076,0
16881.108,0.08569,-0.98804,-0.24854,1.02241,0.00866,0.00064,0
16882.572,0.08545,-0.99170,-0.23975,1.02384,0.00143,0.00060,0
16884.033,0.07690,-0.99292,-0.24390,1.02532,0.00148,0.00051,0
16885.492,0.07959,-0.99194,-0.24512,1.02487,0.00045,0.00050,0
16886.952,0.08179,-0.99316,-0.24390,1.02594,0.00106,0.00049,0
16888.411,0.07861,-0.99512,-0.23853,1.02632,0.00038,0.00048,0
16889.884,0.08179,-0.99585,-0.24707,1.02930,0.00298,0.00047,0
16891.343,0.08154,-0.99658,-0.23438,1.02701,0.00228,0.00044,0
16892.804,0.07739,-0.99316,-0.23877,1.02439,0.00262,0.00041,0
16894.262,0.07715,-0.99243,-0.24194,1.02441,0.00002,0.00040,0
16895.724,0.07568,-0.99072,-0.23853,1.02184,0.00257,0.00034,0
16897.183,0.07788,-0.99756,-0.23242,1.02723,0.00539,0.00036,0
16898.667,0.07690,-0.99805,-0.23242,1.02763,0.00040,0.00035,0
16900.129,0.08032,-0.99878,-0.24438,1.03138,0.00374,0.00035,0
16901.588,0.08057,-0.99536,-0.24390,1.02797,0.00341,0.00036,0
16903.048,0.08008,-0.99731,-0.24146,1.02925,0.00128,0.00034,0
16904.525,0.07959,-1.00000,-0.23853,1.03113,0.00188,0.00032,0
16905.984,0.07300,-0.99585,-0.24976,1.02928,0.00185,0.00032,0
16907.443,0.07324,-0.99536,-0.24292,1.02719,0.00209,0.00033,0
16908.906,0.08325,-0.99048,-0.24438,1.02357,0.00362,0.00033,0
16910.376,0.08398,-0.99097,-0.24023,1.02312,0.00045,0.00023,0
16911.847,0.07983,-0.99585,-0.23999,1.02747,0.00434,0.00022,0
16913.308,0.08276,-0.99194,-0.24292,1.02460,0.00286,0.00022,0
16914.768,0.08398,-0.99170,-0.24512,1.02499,0.00039,0.00022,0
16916.226,0.08105,-0.99683,-0.24463,1.02960,0.00461,0.00024,0
16917.684,0.07910,-0.99707,-0.23975,1.02854,0.00106,0.00016,0
16919.144,0.08691,-0.99854,-0.24878,1.03272,0.00419,0.00018,0
16920.603,0.08301,-0.99536,-0.24316,1.02799,0.00473,0.00020,0
16922.062,0.08008,-0.99927,-0.24561,1.03212,0.00413,0.00022,0
16923.521,0.07910,-0.99585,-0.24463,1.02850,0.00362,0.00023,0
16924.980,0.08179,-0.99463,-0.24048,1.02655,0.00195,0.00023,0
16926.439,0.07642,-0.99121,-0.24170,1.02311,0.00344,0.00024,0
16927.910,0.07422,-0.99683,-0.25146,1.03073,0.00762,0.00029,0
16929.367,0.07910,-0.99609,-0.24854,1.02967,0.00106,0.00028,0
16930.828,0.07959,-0.99683,-0.25171,1.03119,0.00152,0.00028,0
16932.285,0.07593,-0.99683,-0.23853,1.02778,0.00342,0.00029,0
16933.743,0.08228,-0.99658,-0.23755,1.02780,0.00003,0.00026,0
16935.202,0.07446,-0.99805,-0.24023,1.02925,0.00145,0.00026,0
16936.677,0.08032,-0.99170,-0.24414,1.02446,0.00479,0.00027,0
16938.135,0.08643,-0.99487,-0.24463,1.02815,0.00368,0.00027,0
16939.594,0.07861,-0.99292,-0.23975,1.02447,0.00367,0.00029,0
16941.087,0.08643,-1.00073,-0.24097,1.03296,0.00848,0.00035,0
16942.548,0.07935,-0.99536,-0.23950,1.02684,0.00612,0.00039,0
16944.009,0.07715,-0.99707,-0.24805,1.03035,0.00351,0.00040,0
16945.468,0.08276,-0.99536,-0.25024,1.02967,0.00069,0.00038,0
16946.926,0.07690,-0.99341,-0.24438,1.02591,0.00375,0.00040,0
16948.386,0.08203,-0.99390,-0.24268,1.02638,0.00046,0.00038,0
16949.845,0.07666,-0.99658,-0.24341,1.02874,0.00236,0.00038,0
16951.305,0.07910,-0.99438,-0.23389,1.02458,0.00416,0.00039,0
16952.764,0.07715,-0.99829,-0.23926,1.02946,0.00488,0.00040,0
16954.222,0.08057,-0.99438,-0.23584,1.02514,0.00432,0.00041,0
16955.683,0.08008,-0.99268,-0.23804,1.02395,0.00119,0.00040,0
16957.142,0.08301,-1.00073,-0.23706,1.03177,0.00782,0.00044,0
16958.602,0.07544,-0.99878,-0.23999,1.02997,0.00180,0.00042,0
16960.063,0.08252,-0.99683,-0.24097,1.02885,0.00112,0.00041,0
16961.520,0.07886,-0.99927,-0.23682,1.02997,0.00112,0.00041,0
16962.980,0.08154,-0.99316,-0.24219,1.02551,0.00445,0.00042,0
16964.439,0.07788,-0.99438,-0.24194,1.02635,0.00084,0.00036,0
16965.897,0.08081,-1.00293,-0.24341,1.03520,0.00885,0.00043,0
16967.356,0.08301,-0.99976,-0.24194,1.03196,0.00324,0.00044,0
16968.815,0.07935,-0.99658,-0.23999,1.02814,0.00382,0.00045,0
16970.273,0.07739,-0.99951,-0.23267,1.02915,0.00101,0.00045,0
16971.732,0.08105,-0.99219,-0.23901,1.02378,0.00536,0.00047,0
16973.190,0.08154,-0.99683,-0.23901,1.02832,0.00453,0.00047,0
16974.650,0.08032,-0.99536,-0.24170,1.02743,0.00089,0.00046,0
16976.110,0.08081,-0.99805,-0.24756,1.03146,0.00403,0.00046,0
16977.642,0.08154,-0.99780,-0.23608,1.02859,0.00287,0.00040,0
16979.103,0.08203,-0.99731,-0.24194,1.02952,0.00093,0.00036,0
16980.562,0.08252,-0.99121,-0.24316,1.02393,0.00558,0.00038,0
16982.021,0.07886,-0.99536,-0.24243,1.02749,0.00356,0.00039,0
16983.483,0.08398,-0.99268,-0.24268,1.02535,0.00214,0.00038,0
16984.942,0.08105,-0.99902,-0.24023,1.03069,0.00534,0.00041,0
16986.404,0.08081,-1.00366,-0.24487,1.03626,0.00556,0.00044,0
16987.875,0.08130,-0.99683,-0.23730,1.02790,0.00835,0.00049,0
16989.332,0.08203,-0.99463,-0.23413,1.02510,0.00280,0.00047,0
16990.792,0.07471,-0.99976,-0.24097,1.03110,0.00599,0.00049,0
16992.252,0.07983,-0.99365,-0.24023,1.02539,0.00570,0.00052,0
16993.710,0.08032,-0.99463,-0.24268,1.02695,0.00156,0.00046,0
16995.175,0.07520,-0.99292,-0.24121,1.02456,0.00239,0.00047,0
16996.634,0.07373,-0.99243,-0.23926,1.02352,0.00104,0.00046,0
16998.093,0.07788,-0.99634,-0.24365,1.02865,0.00513,0.00049,0
16999.554,0.08203,-0.99976,-0.24048,1.03154,0.00289,0.00048,0
17001.013,0.08203,-0.99487,-0.24268,1.02732,0.00421,0.00050,0
17002.472,0.07812,-0.99292,-0.24683,1.02612,0.00121,0.00042,0
17003.935,0.07568,-0.99658,-0.24268,1.02849,0.00237,0.00041,0
17005.392,0.07910,-0.99683,-0.23999,1.02836,0.00014,0.00040,0
17006.852,0.08276,-0.99438,-0.23706,1.02560,0.00276,0.00041,0
17008.310,0.08228,-0.99805,-0.24194,1.03024,0.00465,0.00040,0
17009.793,0.08301,-0.99414,-0.24927,1.02827,0.00197,0.00038,0
17011.253,0.08057,-0.99780,-0.24341,1.03022,0.00195,0.00038,0
17012.711,0.08130,-0.99365,-0.24390,1.02637,0.00385,0.00038,0
17014.169,0.08057,-0.99438,-0.23706,1.02542,0.00095,0.00038,0
17015.629,0.08228,-1.00220,-0.23218,1.03202,0.00660,0.00042,0
17017.087,0.08105,-0.99805,-0.23364,1.02823,0.00379,0.00040,0
17018.546,0.07959,-0.99512,-0.24951,1.02900,0.00077,0.00039,0
17020.009,0.08105,-0.99536,-0.24365,1.02795,0.00105,0.00039,0
17021.469,0.07788,-0.99683,-0.23926,1.02809,0.00014,0.00036,0
17022.928,0.07617,-0.99463,-0.24414,1.02698,0.00111,0.00033,0
17024.386,0.07910,-0.99023,-0.24097,1.02220,0.00479,0.00028,0
17025.844,0.08130,-0.99536,-0.22925,1.02465,0.00245,0.00028,0
17027.304,0.07715,-0.99585,-0.23657,1.02647,0.00182,0.00025,0
17028.762,0.08105,-0.99780,-0.24243,1.03003,0.00356,0.00023,0
17030.220,0.08008,-0.99902,-0.24170,1.03096,0.00093,0.00023,0
17031.679,0.08643,-0.98901,-0.24365,1.02224,0.00872,0.00030,0
17033.137,0.07837,-0.99390,-0.24292,1.02615,0.00390,0.00031,0
17034.596,0.08081,-0.99561,-0.23779,1.02679,0.00064,0.00028,0
17036.100,0.07690,-0.99414,-0.23120,1.02356,0.00323,0.00029,0
17038.173,0.07739,-0.99707,-0.23926,1.02829,0.00473,0.00029,0
17040.685,0.07764,-1.00366,-0.23511,1.03375,0.00546,0.00032,0
17043.186,0.08521,-0.99902,-0.23242,1.02924,0.00451,0.00033,0
17045.688,0.08130,-1.00171,-0.24268,1.03389,0.00465,0.00036,0
17048.210,0.07788,-0.99805,-0.23584,1.02849,0.00540,0.00038,0
17050.716,0.08032,-0.99805,-0.24512,1.03084,0.00235,0.00036,0
17053.221,0.08301,-0.99902,-0.24854,1.03282,0.00198,0.00036,0
17055.720,0.08081,-0.99463,-0.24463,1.02745,0.00536,0.00039,0
17058.219,0.07935,-0.99609,-0.23560,1.02665,0.00081,0.00037,0
17060.735,0.07959,-0.99463,-0.24438,1.02730,0.00065,0.00037,0
17063.239,0.07471,-0.99805,-0.24048,1.02932,0.00202,0.00033,0
17065.740,0.08252,-0.99878,-0.23950,1.03040,0.00108,0.00032,0
17068.241,0.08179,-0.99805,-0.24194,1.03021,0.00020,0.00032,0
17070.755,0.07715,-0.99365,-0.23730,1.02450,0.00570,0.00035,0
17073.255,0.08154,-0.99536,-0.23633,1.02628,0.00177,0.00035,0
17075.753,0.07788,-0.99561,-0.24536,1.02835,0.00207,0.00036,0
17078.253,0.07568,-0.99292,-0.24365,1.02518,0.00317,0.00034,0
17080.756,0.07812,-0.99023,-0.24609,1.02334,0.00183,0.00034,0
17083.256,0.08301,-0.99487,-0.23950,1.02666,0.00331,0.00035,0
17085.754,0.07812,-0.99707,-0.24023,1.02857,0.00192,0.00034,0
17088.261,0.07495,-0.99780,-0.23730,1.02837,0.00021,0.00034,0
17090.796,0.07935,-0.99243,-0.24072,1.02429,0.00408,0.00028,0
17093.300,0.08252,-0.99976,-0.24585,1.03284,0.00856,0.00034,0
17095.802,0.08301,-0.99780,-0.24438,1.03064,0.00220,0.00034,0
17098.300,0.07910,-0.99561,-0.23877,1.02689,0.00376,0.00034,0
17100.920,0.07568,-0.99878,-0.23389,1.02859,0.00170,0.00033,0
17103.423,0.07593,-0.98804,-0.23804,1.01914,0.00945,0.00038,0
17105.922,0.07690,-0.99243,-0.24170,1.02433,0.00519,0.00039,0
17108.428,0.08228,-0.99463,-0.23999,1.02648,0.00214,0.00037,0
17110.925,0.07886,-1.00024,-0.24756,1.03344,0.00696,0.00039,0
17113.423,0.07935,-0.99292,-0.23853,1.02425,0.00919,0.00047,0
17115.992,0.08008,-0.99365,-0.23975,1.02530,0.00105,0.00047,0
17118.487,0.07593,-0.99414,-0.24146,1.02586,0.00056,0.00044,0
17120.988,0.07935,-0.99219,-0.24219,1.02440,0.00146,0.00044,0
17123.487,0.07959,-0.99292,-0.24121,1.02489,0.00050,0.00044,0
17125.983,0.07617,-0.99463,-0.23999,1.02600,0.00111,0.00044,0
17128.483,0.07568,-0.99438,-0.24023,1.02579,0.00022,0.00044,0
17130.984,0.07129,-0.99609,-0.24194,1.02753,0.00174,0.00044,0
17133.483,0.08301,-0.99365,-0.23755,1.02502,0.00251,0.00042,0
17136.044,0.08154,-0.99585,-0.24854,1.02963,0.00461,0.00043,0
17138.548,0.08423,-0.99707,-0.24683,1.03061,0.00099,0.00043,0
17141.049,0.08301,-0.99316,-0.23901,1.02489,0.00573,0.00045,0
17143.550,0.07788,-0.98853,-0.24658,1.02179,0.00310,0.00046,0
17146.050,0.07910,-0.99536,-0.23315,1.02536,0.00357,0.00046,0
17148.553,0.08374,-0.99976,-0.24561,1.03288,0.00752,0.00051,0
17151.056,0.07739,-0.99170,-0.24731,1.02500,0.00788,0.00058,0
17153.555,0.08325,-0.99805,-0.24243,1.03044,0.00544,0.00059,0
17156.082,0.08154,-0.99292,-0.24219,1.02528,0.00516,0.00054,0
17158.579,0.07910,-0.99707,-0.23560,1.02758,0.00230,0.00054,0
17161.080,0.08276,-0.99707,-0.24097,1.02911,0.00153,0.00053,0
17163.579,0.07935,-0.99390,-0.23926,1.02536,0.00374,0.00054,0
17166.084,0.07690,-0.99756,-0.23657,1.02811,0.00274,0.00046,0
17168.589,0.08594,-1.00122,-0.23950,1.03305,0.00494,0.00046,0
17171.088,0.08008,-0.99390,-0.23511,1.02446,0.00859,0.00053,0
17173.587,0.07959,-0.99609,-0.23975,1.02763,0.00317,0.00049,0
17176.125,0.07910,-0.99658,-0.23657,1.02733,0.00030,0.00040,0
17178.630,0.08105,-0.99463,-0.24438,1.02741,0.00009,0.00040,0
17181.155,0.08301,-0.99463,-0.23779,1.02602,0.00139,0.00040,0
17183.655,0.07910,-0.99805,-0.24146,1.02988,0.00386,0.00042,0
17186.154,0.07886,-0.99756,-0.24780,1.03090,0.00102,0.00042,0
17188.665,0.08423,-0.98999,-0.24292,1.02283,0.00806,0.00048,0
17191.167,0.07690,-0.99414,-0.24512,1.02680,0.00397,0.00050,0
17193.665,0.08521,-0.99805,-0.23682,1.02929,0.00249,0.00050,0
17196.173,0.08447,-0.99023,-0.23486,1.02121,0.00809,0.00056,0
17198.700,0.07568,-0.99341,-0.23999,1.02478,0.00358,0.00055,0
17201.203,0.08350,-1.00122,-0.23950,1.03285,0.00806,0.00062,0
17203.703,0.07324,-0.99609,-0.24243,1.02778,0.00506,0.00061,0
17206.206,0.07715,-0.99048,-0.24390,1.02298,0.00481,0.00062,0
17208.707,0.08252,-0.99976,-0.24243,1.03203,0.00906,0.00069,0
17211.206,0.07642,-0.99487,-0.24072,1.02643,0.00560,0.00067,0
17213.704,0.07544,-0.98926,-0.22559,1.01745,0.00898,0.00068,0
17216.209,0.08057,-0.99927,-0.23975,1.03078,0.01333,0.00083,0
17218.724,0.07617,-0.99976,-0.24023,1.03103,0.00025,0.00081,0
17221.278,0.08447,-0.99707,-0.23535,1.02795,0.00308,0.00081,0
17223.775,0.07471,-0.99512,-0.23755,1.02580,0.00215,0.00081,0
17226.274,0.07739,-1.00098,-0.24390,1.03316,0.00736,0.00085,0
17228.778,0.08228,-0.99487,-0.22559,1.02344,0.00972,0.00094,0
17231.279,0.07861,-0.99731,-0.24683,1.03041,0.00697,0.00096,0
17233.777,0.08032,-0.99097,-0.24146,1.02312,0.00729,0.00094,0
17236.287,0.08105,-0.99341,-0.23535,1.02412,0.00100,0.00093,0
17238.790,0.08252,-0.98877,-0.24780,1.02268,0.00144,0.00094,0
17241.292,0.07617,-0.99976,-0.23853,1.03063,0.00795,0.00100,0
17243.794,0.07739,-0.99585,-0.24146,1.02762,0.00301,0.00101,0
17246.293,0.08008,-0.99707,-0.24585,1.03005,0.00243,0.00100,0
17248.793,0.08008,-0.99316,-0.24023,1.02494,0.00511,0.00102,0
17251.292,0.07788,-0.99414,-0.24390,1.02658,0.00164,0.00096,0
17253.790,0.07764,-1.00098,-0.24097,1.03250,0.00592,0.00098,0
17256.296,0.07959,-0.99170,-0.24048,1.02354,0.00896,0.00105,0
17258.796,0.08350,-0.99878,-0.24902,1.03274,0.00920,0.00107,0
17261.309,0.07837,-0.99414,-0.24536,1.02697,0.00577,0.00109,0
17263.808,0.08472,-0.99609,-0.23486,1.02691,0.00006,0.00103,0
17266.430,0.08276,-0.99829,-0.23364,1.02860,0.00169,0.00101,0
17268.932,0.07959,-0.99292,-0.24292,1.02530,0.00331,0.00099,0
17271.433,0.08984,-0.99170,-0.23584,1.02331,0.00199,0.00092,0
17273.931,0.07935,-0.99365,-0.24927,1.02751,0.00420,0.00090,0
17276.432,0.08545,-0.99976,-0.24292,1.03239,0.00488,0.00084,0
17278.931,0.08130,-0.99365,-0.24243,1.02603,0.00636,0.00071,0
17281.435,0.07861,-0.99976,-0.24292,1.03184,0.00582,0.00074,0
17283.930,0.07617,-0.99585,-0.23950,1.02707,0.00477,0.00075,0
17286.428,0.07861,-0.99683,-0.23682,1.02758,0.00051,0.00075,0
17288.930,0.08081,-1.00098,-0.23120,1.03050,0.00292,0.00070,0
17291.431,0.08472,-0.99146,-0.23828,1.02320,0.00730,0.00066,0
17293.929,0.08301,-1.00024,-0.23877,1.03169,0.00849,0.00069,0
17296.430,0.07690,-0.99878,-0.25122,1.03276,0.00106,0.00063,0
17298.929,0.07739,-0.99683,-0.24634,1.02973,0.00303,0.00064,0
17301.499,0.08008,-0.99048,-0.23877,1.02199,0.00773,0.00070,0
17304.007,0.07544,-1.00146,-0.24194,1.03303,0.01104,0.00076,0
17306.556,0.08105,-0.99463,-0.24585,1.02776,0.00527,0.00078,0
17309.054,0.08276,-1.00049,-0.24341,1.03299,0.00523,0.00080,0
17311.555,0.07495,-0.99463,-0.24121,1.02620,0.00679,0.00082,0
17314.094,0.08057,-0.99780,-0.23462,1.02818,0.00198,0.00082,0
17316.636,0.08179,-0.99585,-0.24316,1.02836,0.00019,0.00079,0
17319.182,0.08203,-0.99805,-0.24072,1.02994,0.00157,0.00071,0
17321.732,0.07690,-1.00024,-0.24609,1.03294,0.00300,0.00063,0
17324.313,0.08081,-0.99390,-0.23730,1.02502,0.00792,0.00066,0
17326.776,0.08618,-1.00195,-0.24463,1.03498,0.00995,0.00076,0
17328.343,0.08179,-0.99585,-0.23755,1.02705,0.00793,0.00082,0
17329.844,0.07739,-0.99585,-0.23926,1.02711,0.00006,0.00081,0
17331.366,0.08423,-0.99561,-0.24414,1.02856,0.00145,0.00081,0
17332.884,0.08374,-0.99365,-0.23877,1.02536,0.00319,0.00080,0
17334.373,0.08130,-0.99780,-0.23999,1.02947,0.00411,0.00079,0
17335.867,0.08008,-0.99438,-0.24341,1.02687,0.00260,0.00076,0
17337.359,0.07935,-0.99854,-0.23926,1.02986,0.00299,0.00074,0
17338.862,0.08716,-0.99634,-0.24756,1.03033,0.00047,0.00071,0
17341.005,0.07446,-0.99390,-0.23633,1.02432,0.00601,0.00075,0
17343.255,0.07959,-0.99731,-0.24341,1.02967,0.00535,0.00077,0
17345.500,0.08252,-0.99561,-0.24194,1.02790,0.00177,0.00072,0
17347.746,0.07739,-0.99561,-0.23730,1.02642,0.00148,0.00065,0
17349.992,0.07568,-0.99390,-0.24121,1.02554,0.00087,0.00065,0
17352.240,0.07837,-0.99683,-0.23584,1.02734,0.00179,0.00064,0
17354.489,0.07812,-0.99365,-0.25024,1.02765,0.00031,0.00058,0
17356.741,0.08032,-0.99390,-0.24463,1.02671,0.00095,0.00046,0
17358.991,0.07935,-0.99438,-0.23779,1.02550,0.00121,0.00044,0
17361.234,0.07910,-0.98950,-0.24658,1.02283,0.00267,0.00041,0
17363.480,0.07275,-0.99731,-0.23901,1.02813,0.00531,0.00040,0
17365.727,0.07666,-0.99878,-0.24683,1.03168,0.00355,0.00041,0
17367.985,0.08276,-0.99438,-0.24365,1.02714,0.00454,0.00043,0
17370.241,0.08203,-0.99194,-0.24072,1.02403,0.00311,0.00043,0
17372.500,0.07886,-1.00537,-0.24438,1.03765,0.01362,0.00061,0
17374.810,0.07690,-0.98804,-0.23486,1.01848,0.01917,0.00091,0
17377.068,0.08301,-0.99878,-0.23877,1.03027,0.01180,0.00095,0
17379.326,0.07959,-0.99658,-0.23584,1.02720,0.00308,0.00090,0
17381.584,0.07861,-0.99829,-0.23682,1.02900,0.00181,0.00090,0
17383.866,0.08179,-0.99756,-0.23975,1.02922,0.00022,0.00090,0
17386.251,0.07690,-0.99487,-0.24512,1.02751,0.00171,0.00090,0
17388.553,0.07690,-0.99585,-0.24438,1.02828,0.00077,0.00088,0
17390.812,0.07690,-0.99951,-0.24414,1.03177,0.00349,0.00088,0
17393.073,0.07739,-0.99561,-0.24854,1.02907,0.00269,0.00088,0
17395.332,0.07861,-0.99341,-0.24072,1.02518,0.00390,0.00090,0
17397.586,0.08325,-0.99854,-0.24731,1.03207,0.00689,0.00091,0
17399.842,0.07861,-0.99561,-0.24976,1.02946,0.00261,0.00089,0
17402.096,0.07788,-0.99878,-0.25049,1.03265,0.00319,0.00089,0
17404.358,0.07617,-1.00244,-0.24316,1.03432,0.00167,0.00090,0
17406.616,0.07690,-0.99683,-0.24731,1.02992,0.00440,0.00091,0
17408.875,0.07837,-1.00269,-0.24487,1.03512,0.00520,0.00094,0
17411.133,0.08984,-0.99390,-0.24316,1.02715,0.00798,0.00100,0
17413.387,0.07520,-0.99658,-0.24097,1.02805,0.00091,0.00100,0
17415.780,0.07837,-0.99707,-0.24609,1.02998,0.00192,0.00100,0
17418.037,0.07422,-0.99878,-0.24707,1.03156,0.00158,0.00100,0
17420.296,0.07812,-0.99585,-0.23560,1.02632,0.00524,0.00100,0
17422.553,0.07642,-0.99683,-0.23853,1.02781,0.00150,0.00099,0
17424.810,0.07642,-0.99878,-0.24194,1.03050,0.00269,0.00097,0
17427.066,0.07886,-1.00171,-0.23242,1.03134,0.00084,0.00097,0
17429.310,0.08252,-0.99731,-0.23682,1.02836,0.00298,0.00079,0
17431.561,0.08057,-0.99365,-0.24243,1.02597,0.00239,0.00043,0
17433.817,0.08252,-0.99805,-0.24902,1.03195,0.00598,0.00032,0
17436.072,0.08252,-0.99390,-0.24146,1.02613,0.00582,0.00035,0
17438.326,0.07837,-0.99683,-0.23779,1.02779,0.00166,0.00035,0
17440.586,0.07422,-0.99561,-0.23462,1.02557,0.00222,0.00035,0
17442.843,0.07983,-0.99121,-0.24316,1.02372,0.00185,0.00035,0
17445.098,0.08472,-0.99683,-0.24219,1.02932,0.00560,0.00038,0
17447.353,0.08228,-0.99463,-0.24219,1.02699,0.00233,0.00038,0
17449.606,0.07690,-0.99658,-0.24829,1.02992,0.00293,0.00038,0
17451.929,0.08472,-0.99609,-0.24243,1.02867,0.00126,0.00036,0
17454.184,0.07935,-0.99365,-0.23755,1.02473,0.00394,0.00033,0
17456.444,0.07690,-0.99170,-0.23853,1.02288,0.00185,0.00033,0
17458.702,0.08252,-0.99683,-0.25073,1.03118,0.00831,0.00039,0
17460.954,0.07935,-0.99072,-0.24585,1.02385,0.00733,0.00044,0
17463.209,0.07129,-0.99927,-0.24146,1.03049,0.00664,0.00046,0
17465.463,0.07935,-1.00024,-0.23120,1.02968,0.00082,0.00044,0
17467.717,0.08228,-0.99438,-0.23633,1.02539,0.00429,0.00039,0
17469.972,0.08154,-0.99438,-0.24341,1.02698,0.00160,0.00039,0
17472.237,0.08032,-0.99878,-0.23901,1.03012,0.00313,0.00040,0
17474.490,0.07910,-0.99731,-0.23706,1.02815,0.00197,0.00040,0
17476.738,0.08057,-0.99536,-0.24121,1.02734,0.00081,0.00037,0
17479.062,0.08032,-0.99341,-0.23975,1.02508,0.00225,0.00038,0
17481.325,0.07666,-0.99219,-0.24243,1.02425,0.00083,0.00037,0
17483.581,0.08032,-0.99829,-0.23364,1.02841,0.00416,0.00039,0
17485.834,0.07788,-0.99634,-0.24634,1.02929,0.00088,0.00038,0
17488.088,0.07837,-0.99658,-0.24023,1.02812,0.00117,0.00037,0
17490.341,0.08154,-0.99658,-0.23779,1.02780,0.00032,0.00034,0
17492.598,0.07690,-0.99829,-0.24292,1.03030,0.00250,0.00031,0
17494.853,0.07983,-0.99390,-0.24902,1.02772,0.00257,0.00032,0
17497.112,0.07397,-0.99634,-0.23706,1.02682,0.00090,0.00031,0
17499.371,0.07910,-0.99683,-0.24316,1.02910,0.00228,0.00031,0
17501.625,0.08130,-0.99341,-0.24121,1.02550,0.00360,0.00029,0
17503.923,0.07886,-0.99805,-0.24268,1.03015,0.00465,0.00031,0
17506.179,0.07812,-0.99829,-0.23853,1.02936,0.00079,0.00030,0
17508.437,0.08716,-0.99512,-0.23999,1.02735,0.00201,0.00031,0
17510.694,0.07837,-0.99390,-0.24170,1.02586,0.00149,0.00029,0
17512.952,0.08130,-0.99390,-0.24414,1.02667,0.00081,0.00029,0
17515.209,0.07788,-0.99414,-0.23682,1.02492,0.00175,0.00022,0
17517.464,0.07593,-0.99805,-0.25073,1.03186,0.00694,0.00022,0
17519.719,0.07983,-0.99316,-0.24683,1.02648,0.00537,0.00020,0
17521.972,0.08032,-0.99463,-0.24316,1.02707,0.00058,0.00020,0
17524.229,0.07886,-1.00024,-0.24414,1.03262,0.00556,0.00021,0
17526.484,0.07886,-0.99512,-0.22925,1.02422,0.00840,0.00028,0
17528.739,0.07861,-0.99585,-0.23657,1.02658,0.00236,0.00028,0
17530.993,0.08228,-0.99634,-0.24170,1.02853,0.00195,0.00028,0
17533.247,0.07422,-1.00024,-0.23608,1.03040,0.00187,0.00028,0
17535.501,0.07422,-1.00073,-0.24292,1.03246,0.00206,0.00028,0
17537.754,0.07715,-0.99390,-0.23730,1.02474,0.00772,0.00034,0
17540.229,0.07983,-0.99194,-0.23218,1.02188,0.00287,0.00033,0
17542.728,0.07568,-0.99585,-0.23340,1.02563,0.00375,0.00034,0
17545.231,0.07935,-1.00122,-0.24390,1.03355,0.00792,0.00040,0
17547.731,0.07080,-0.99487,-0.23828,1.02546,0.00809,0.00047,0
17550.229,0.08105,-0.99463,-0.24194,1.02684,0.00138,0.00047,0
17552.729,0.07544,-1.00073,-0.24097,1.03210,0.00526,0.00049,0
17555.228,0.07666,-0.99731,-0.23779,1.02813,0.00396,0.00050,0
17557.725,0.07959,-0.99268,-0.23877,1.02409,0.00405,0.00051,0
17560.241,0.08154,-1.00024,-0.24219,1.03237,0.00829,0.00057,0
17562.764,0.07910,-0.99316,-0.24976,1.02714,0.00524,0.00057,0
17565.262,0.08398,-0.99707,-0.24561,1.03030,0.00317,0.00058,0
17567.891,0.08228,-0.99683,-0.24390,1.02952,0.00078,0.00058,0
17570.390,0.08081,-1.00049,-0.24194,1.03249,0.00297,0.00059,0
17572.894,0.07935,-0.99390,-0.24487,1.02669,0.00581,0.00062,0
17575.394,0.08252,-0.99683,-0.23950,1.02851,0.00182,0.00062,0
17577.904,0.07886,-0.99487,-0.23413,1.02509,0.00342,0.00058,0
17580.404,0.08252,-0.99463,-0.23828,1.02610,0.00101,0.00056,0
17582.913,0.08301,-0.99805,-0.24585,1.03123,0.00513,0.00058,0
17585.420,0.08643,-0.99902,-0.23877,1.03079,0.00044,0.00055,0
17587.924,0.07886,-0.99731,-0.24072,1.02898,0.00181,0.00048,0
17590.422,0.07861,-0.99097,-0.24780,1.02450,0.00448,0.00050,0
17592.924,0.08374,-0.99585,-0.24048,1.02789,0.00339,0.00051,0
17595.425,0.08569,-0.99756,-0.24121,1.02988,0.00199,0.00051,0
17597.923,0.08618,-0.99561,-0.24048,1.02786,0.00202,0.00051,0
17600.429,0.08228,-0.99878,-0.24512,1.03170,0.00385,0.00046,0
17602.932,0.08203,-0.99390,-0.24658,1.02731,0.00440,0.00047,0
17605.433,0.07568,-0.99951,-0.23779,1.03019,0.00288,0.00047,0
17607.936,0.08276,-0.99780,-0.24268,1.03022,0.00003,0.00040,0
17610.437,0.07886,-0.99707,-0.24609,1.03001,0.00020,0.00034,0
17612.940,0.08228,-0.99976,-0.24170,1.03184,0.00183,0.00034,0
17615.439,0.07959,-0.99219,-0.22974,1.02154,0.01030,0.00042,0
17617.936,0.07568,-0.99854,-0.23486,1.02857,0.00703,0.00045,0
17620.440,0.07959,-0.99463,-0.24048,1.02638,0.00219,0.00044,0
17622.942,0.07861,-0.99268,-0.24438,1.02533,0.00104,0.00037,0
17625.474,0.07764,-0.99731,-0.25024,1.03116,0.00582,0.00038,0
17627.977,0.07666,-0.99536,-0.24121,1.02704,0.00412,0.00039,0
17630.486,0.08374,-0.99658,-0.24756,1.03028,0.00324,0.00040,0
17632.998,0.08423,-0.99609,-0.24219,1.02857,0.00171,0.00039,0
17635.499,0.08179,-0.99487,-0.23999,1.02667,0.00190,0.00036,0
17637.997,0.07861,-1.00049,-0.24048,1.03198,0.00531,0.00039,0
17640.502,0.07959,-1.00171,-0.24023,1.03318,0.00120,0.00038,0
17643.014,0.07715,-0.99683,-0.24414,1.02918,0.00400,0.00039,0
17645.512,0.08179,-1.00049,-0.24756,1.03390,0.00472,0.00039,0
17648.012,0.08447,-0.99561,-0.24634,1.02910,0.00480,0.00041,0
17650.509,0.08032,-0.99292,-0.24487,1.02582,0.00328,0.00042,0
17653.066,0.08008,-0.99609,-0.24243,1.02829,0.00247,0.00040,0
17655.579,0.08398,-0.99512,-0.24341,1.02789,0.00040,0.00039,0
17658.078,0.07886,-0.99390,-0.23853,1.02516,0.00274,0.00039,0
17660.583,0.08032,-0.99683,-0.23633,1.02760,0.00245,0.00040,0
17663.084,0.08105,-0.99634,-0.25073,1.03059,0.00299,0.00039,0
17665.583,0.07666,-0.99146,-0.24561,1.02430,0.00630,0.00041,0
17668.130,0.07495,-0.99561,-0.23999,1.02686,0.00257,0.00041,0
17670.633,0.08105,-1.00122,-0.24438,1.03380,0.00694,0.00046,0
17673.155,0.07422,-0.99731,-0.24683,1.03008,0.00372,0.00047,0
17675.655,0.08057,-0.99561,-0.24316,1.02803,0.00205,0.00047,0
17678.156,0.07593,-0.99097,-0.24536,1.02371,0.00432,0.00038,0
17680.656,0.08179,-0.99805,-0.24634,1.03125,0.00754,0.00039,0
17683.156,0.08203,-0.99463,-0.24048,1.02657,0.00468,0.00041,0
17685.733,0.07886,-0.99316,-0.24023,1.02484,0.00173,0.00041,0
17688.267,0.07056,-0.99365,-0.23950,1.02454,0.00030,0.00038,0
17690.760,0.08838,-0.99585,-0.23999,1.02816,0.00362,0.00037,0
17693.261,0.07788,-1.00049,-0.23853,1.03147,0.00331,0.00037,0
17695.760,0.08081,-1.00073,-0.24268,1.03290,0.00143,0.00037,0
17698.257,0.07812,-0.99487,-0.24048,1.02650,0.00640,0.00041,0
17700.757,0.08203,-0.99512,-0.24023,1.02699,0.00048,0.00038,0
17703.256,0.08203,-0.99927,-0.23682,1.03022,0.00323,0.00039,0
17705.754,0.07935,-0.99121,-0.23804,1.02248,0.00774,0.00044,0
17708.278,0.07959,-0.99487,-0.23779,1.02599,0.00351,0.00043,0
17710.778,0.08423,-0.99878,-0.24170,1.03105,0.00507,0.00043,0
17713.278,0.08252,-0.99731,-0.23926,1.02893,0.00213,0.00042,0
17715.777,0.07373,-0.99829,-0.23657,1.02859,0.00034,0.00042,0
17718.275,0.08301,-0.99561,-0.23608,1.02657,0.00201,0.00042,0
17720.776,0.07788,-0.99658,-0.24341,1.02883,0.00225,0.00042,0
17723.275,0.07715,-0.99316,-0.23584,1.02369,0.00514,0.00044,0
17725.773,0.08252,-0.99341,-0.23804,1.02486,0.00116,0.00043,0
17728.319,0.07935,-0.99316,-0.24390,1.02575,0.00089,0.00039,0
17730.814,0.08252,-0.99585,-0.24438,1.02871,0.00297,0.00039,0
17733.441,0.08032,-1.00391,-0.24219,1.03583,0.00711,0.00040,0
17735.943,0.08276,-1.00146,-0.24292,1.03382,0.00200,0.00039,0
17738.444,0.08081,-1.00366,-0.24585,1.03649,0.00267,0.00039,0
17740.947,0.08521,-0.99268,-0.24121,1.02511,0.01138,0.00050,0
17743.449,0.08057,-0.99463,-0.24146,1.02668,0.00157,0.00045,0
17745.949,0.08081,-0.99463,-0.24170,1.02676,0.00008,0.00042,0
17748.450,0.07812,-0.99683,-0.24097,1.02851,0.00175,0.00042,0
17750.981,0.07690,-0.99707,-0.23706,1.02775,0.00076,0.00042,0
17753.539,0.07764,-0.99512,-0.24292,1.02728,0.00047,0.00041,0
17756.042,0.08374,-1.00049,-0.24121,1.03256,0.00528,0.00043,0
17758.540,0.07886,-0.99976,-0.23950,1.03106,0.00149,0.00043,0
17761.042,0.08228,-1.00171,-0.24756,1.03512,0.00406,0.00040,0
17763.543,0.08228,-0.99731,-0.23584,1.02812,0.00700,0.00045,0
17766.042,0.08521,-0.99487,-0.23633,1.02610,0.00202,0.00045,0
17768.566,0.08252,-0.98877,-0.24268,1.02145,0.00465,0.00041,0
17771.090,0.07495,-0.99634,-0.24585,1.02896,0.00750,0.00045,0
17773.591,0.07935,-0.99927,-0.24390,1.03166,0.00270,0.00043,0
17776.123,0.08008,-0.99512,-0.24512,1.02798,0.00367,0.00044,0
17778.626,0.07959,-0.99609,-0.23755,1.02712,0.00087,0.00044,0
17781.130,0.07788,-0.99878,-0.24561,1.03148,0.00436,0.00046,0
17783.630,0.07788,-0.99927,-0.24219,1.03114,0.00034,0.00045,0
17786.128,0.07812,-0.99829,-0.24902,1.03184,0.00070,0.00043,0
17788.653,0.07788,-0.99463,-0.23950,1.02602,0.00583,0.00046,0
17791.154,0.07910,-0.99414,-0.23242,1.02401,0.00201,0.00046,0
17793.655,0.08447,-0.99634,-0.24072,1.02848,0.00447,0.00047,0
17796.157,0.07739,-0.99268,-0.23755,1.02363,0.00485,0.00045,0
17798.658,0.07788,-1.00342,-0.23730,1.03403,0.01040,0.00055,0
17801.159,0.08374,-0.99780,-0.24170,1.03007,0.00397,0.00056,0
17803.660,0.07837,-0.99683,-0.25269,1.03134,0.00127,0.00043,0
17806.158,0.07764,-1.00024,-0.24487,1.03270,0.00137,0.00043,0
17808.666,0.08618,-0.99805,-0.23755,1.02954,0.00316,0.00044,0
17811.194,0.08057,-0.99927,-0.24072,1.03101,0.00147,0.00044,0
17813.694,0.07812,-0.99976,-0.23364,1.02966,0.00134,0.00044,0
17816.259,0.08105,-0.99292,-0.24585,1.02611,0.00355,0.00045,0
17818.758,0.08301,-0.99365,-0.22998,1.02329,0.00282,0.00043,0
17821.259,0.08105,-0.99829,-0.24316,1.03067,0.00738,0.00049,0
17823.759,0.08154,-0.99365,-0.24121,1.02576,0.00491,0.00049,0
17826.257,0.08545,-0.99341,-0.23633,1.02470,0.00106,0.00045,0
17828.757,0.08032,-0.99365,-0.24097,1.02560,0.00090,0.00044,0
17831.256,0.08301,-0.99365,-0.23828,1.02519,0.00041,0.00042,0
17833.797,0.07837,-0.99951,-0.23706,1.03022,0.00504,0.00039,0
17836.296,0.07544,-0.99585,-0.23999,1.02713,0.00309,0.00039,0
17838.798,0.07715,-0.99658,-0.23926,1.02780,0.00067,0.00038,0
17841.295,0.08105,-1.00122,-0.23755,1.03220,0.00440,0.00040,0
17843.793,0.07910,-0.99731,-0.23657,1.02804,0.00417,0.00040,0
17846.293,0.08130,-0.99170,-0.24048,1.02367,0.00436,0.00042,0
17848.792,0.07861,-0.99438,-0.24219,1.02647,0.00279,0.00042,0
17851.291,0.08252,-0.99097,-0.24976,1.02528,0.00119,0.00039,0
17853.821,0.07983,-0.99438,-0.23486,1.02486,0.00042,0.00039,0
17856.359,0.07568,-0.99878,-0.24146,1.03033,0.00548,0.00040,0
17858.852,0.08032,-0.99561,-0.23975,1.02721,0.00312,0.00038,0
17861.354,0.08521,-0.99316,-0.24121,1.02558,0.00163,0.00028,0
17863.856,0.08179,-0.99268,-0.24097,1.02477,0.00081,0.00026,0
17866.356,0.08057,-1.00024,-0.23926,1.03161,0.00684,0.00031,0
17868.857,0.07983,-0.99170,-0.24023,1.02350,0.00811,0.00037,0
17871.357,0.07666,-1.00439,-0.24316,1.03625,0.01275,0.00052,0
17873.876,0.07715,-0.99487,-0.23730,1.02569,0.01056,0.00063,0
17876.411,0.08081,-0.99829,-0.24438,1.03094,0.00525,0.00066,0
17878.914,0.08154,-0.99536,-0.23950,1.02701,0.00393,0.00066,0
17881.408,0.07690,-0.99341,-0.23853,1.02453,0.00248,0.00066,0
17883.906,0.08105,-0.99805,-0.23901,1.02946,0.00493,0.00063,0
17886.405,0.08032,-0.99731,-0.23535,1.02785,0.00161,0.00061,0
17888.905,0.08008,-0.99634,-0.23560,1.02694,0.00091,0.00061,0
17891.405,0.07886,-0.99438,-0.23901,1.02574,0.00120,0.00061,0
17893.901,0.08154,-0.99585,-0.24341,1.02840,0.00266,0.00062,0
17896.400,0.07764,-0.99536,-0.23779,1.02631,0.00209,0.00059,0
17899.040,0.07812,-0.99170,-0.24121,1.02360,0.00271,0.00059,0
17901.542,0.08105,-0.99634,-0.24243,1.02861,0.00501,0.00062,0
17904.041,0.07959,-0.99194,-0.24048,1.02378,0.00483,0.00062,0
17906.542,0.08130,-0.99658,-0.23999,1.02829,0.00451,0.00062,0
17909.042,0.07788,-0.99854,-0.24512,1.03113,0.00284,0.00061,0
17911.542,0.07739,-0.99683,-0.24194,1.02868,0.00244,0.00061,0
17914.039,0.08594,-0.99927,-0.24121,1.03155,0.00287,0.00062,0
17916.545,0.08179,-0.99585,-0.24487,1.02877,0.00278,0.00063,0
17919.067,0.08472,-0.99658,-0.23853,1.02823,0.00055,0.00060,0
17921.569,0.08179,-0.99585,-0.24048,1.02773,0.00049,0.00059,0
17924.067,0.07886,-0.99902,-0.24170,1.03087,0.00313,0.00059,0
17926.564,0.08423,-0.99365,-0.24268,1.02632,0.00455,0.00061,0
17929.065,0.08130,-1.00073,-0.22949,1.02992,0.00360,0.00058,0
17931.564,0.08057,-0.99609,-0.24292,1.02845,0.00148,0.00052,0
17934.063,0.08472,-0.99463,-0.24731,1.02841,0.00004,0.00035,0
17936.597,0.08179,-0.99951,-0.24170,1.03157,0.00316,0.00025,0
17939.102,0.08057,-0.99756,-0.24048,1.02929,0.00227,0.00023,0
17941.621,0.08032,-0.99658,-0.24487,1.02936,0.00007,0.00021,0
17944.118,0.08105,-1.00293,-0.23682,1.03369,0.00433,0.00023,0
17946.615,0.07397,-0.99438,-0.24707,1.02729,0.00641,0.00024,0
17949.115,0.08203,-0.99512,-0.24268,1.02756,0.00027,0.00024,0
17951.613,0.07935,-0.99561,-0.24976,1.02952,0.00196,0.00024,0
17954.109,0.07812,-0.98975,-0.24658,1.02299,0.00653,0.00029,0
17956.613,0.08130,-0.99536,-0.24609,1.02855,0.00556,0.00031,0
17959.120,0.08154,-0.99951,-0.23389,1.02975,0.00120,0.00031,0
17961.659,0.08008,-0.99365,-0.24878,1.02745,0.00230,0.00030,0
17964.161,0.08057,-0.99707,-0.23511,1.02758,0.00013,0.00028,0
17966.659,0.07886,-0.99878,-0.23682,1.02950,0.00192,0.00026,0
17969.159,0.07764,-0.99658,-0.24390,1.02893,0.00057,0.00024,0
17971.657,0.07788,-0.99561,-0.23926,1.02691,0.00202,0.00024,0
17974.154,0.08472,-0.99756,-0.24878,1.03160,0.00469,0.00025,0
17976.674,0.08325,-0.99683,-0.24463,1.02978,0.00182,0.00025,0
17979.176,0.08081,-0.99829,-0.24658,1.03146,0.00169,0.00024,0
17981.675,0.08105,-0.99927,-0.24292,1.03156,0.00010,0.00024,0
17984.174,0.08032,-1.00024,-0.23950,1.03165,0.00009,0.00024,0
17986.672,0.07837,-0.99927,-0.24023,1.03072,0.00093,0.00023,0
17989.175,0.08203,-1.00098,-0.23804,1.03216,0.00143,0.00021,0
17991.674,0.07837,-0.99561,-0.23877,1.02683,0.00532,0.00023,0
17994.170,0.07959,-0.99878,-0.23633,1.02944,0.00261,0.00023,0
17996.680,0.08228,-0.99658,-0.23877,1.02808,0.00136,0.00024,0
17999.217,0.08032,-0.99854,-0.24194,1.03056,0.00248,0.00023,0
18001.767,0.08008,-0.99731,-0.23389,1.02750,0.00307,0.00024,0
18004.276,0.08569,-0.99438,-0.23047,1.02433,0.00316,0.00025,0
18006.786,0.07739,-0.99731,-0.24268,1.02933,0.00499,0.00025,0
18009.295,0.07861,-0.99878,-0.24390,1.03113,0.00180,0.00021,0
18011.801,0.08130,-0.99902,-0.25049,1.03315,0.00202,0.00022,0
18014.313,0.08105,-0.99951,-0.22314,1.02732,0.00583,0.00025,0
18016.818,0.08130,-1.00024,-0.23975,1.03178,0.00446,0.00023,0
18019.324,0.08032,-0.99927,-0.23682,1.03008,0.00170,0.00020,0
18021.841,0.07983,-0.99854,-0.24048,1.03018,0.00010,0.00020,0
18024.403,0.07617,-0.99756,-0.24683,1.03046,0.00028,0.00019,0
18026.951,0.08130,-0.99902,-0.24365,1.03152,0.00106,0.00019,0
18029.461,0.07642,-0.99829,-0.23804,1.02912,0.00240,0.00019,0
18031.965,0.07935,-0.99194,-0.24683,1.02527,0.00385,0.00021,0
18034.473,0.07617,-0.99536,-0.23730,1.02609,0.00082,0.00021,0
18036.983,0.08057,-1.00122,-0.23730,1.03211,0.00602,0.00022,0
18039.496,0.08398,-0.99707,-0.23975,1.02892,0.00319,0.00023,0
18041.482,0.08130,-0.99609,-0.23682,1.02708,0.00184,0.00023,0
18043.464,0.07690,-0.99585,-0.24219,1.02776,0.00068,0.00023,0
18045.409,0.08081,-0.99243,-0.24878,1.02632,0.00143,0.00023,0
18047.338,0.07837,-0.99536,-0.24414,1.02786,0.00153,0.00023,0
18049.265,0.07568,-0.99756,-0.23682,1.02807,0.00022,0.00023,0
18051.228,0.08350,-0.99829,-0.23462,1.02888,0.00081,0.00020,0
18053.242,0.08203,-0.99487,-0.23779,1.02618,0.00270,0.00020,0
18055.201,0.08057,-0.99121,-0.24561,1.02436,0.00182,0.00020,0
18057.128,0.08447,-0.99854,-0.24219,1.03095,0.00659,0.00024,0
18059.131,0.08228,-0.99878,-0.24487,1.03165,0.00069,0.00023,0
18061.073,0.08301,-0.99634,-0.24023,1.02825,0.00340,0.00023,0
18063.027,0.07886,-1.00000,-0.23975,1.03136,0.00311,0.00022,0
18064.981,0.07812,-0.99829,-0.24341,1.03050,0.00085,0.00022,0
18066.916,0.08423,-1.00171,-0.23438,1.03220,0.00170,0.00021,0
18068.855,0.07642,-1.00146,-0.24316,1.03339,0.00119,0.00018,0
18070.744,0.07837,-0.99927,-0.24487,1.03181,0.00158,0.00016,0
18072.691,0.07959,-0.99414,-0.23071,1.02366,0.00815,0.00023,0
18074.642,0.08374,-0.99902,-0.23755,1.03029,0.00663,0.00027,0
18076.607,0.08350,-0.99927,-0.24438,1.03210,0.00181,0.00027,0
18078.737,0.07886,-0.99194,-0.23389,1.02219,0.00991,0.00037,0
18080.803,0.08032,-0.99268,-0.23975,1.02437,0.00218,0.00037,0
18082.748,0.07983,-0.99536,-0.24146,1.02734,0.00296,0.00036,0
18084.705,0.08447,-1.00024,-0.23804,1.03164,0.00431,0.00038,0
18086.681,0.07812,-0.99463,-0.24780,1.02801,0.00364,0.00036,0
18088.646,0.07568,-0.99365,-0.23804,1.02457,0.00344,0.00036,0
18090.566,0.08325,-1.00024,-0.23975,1.03194,0.00737,0.00041,0
18092.741,0.07764,-0.99780,-0.23779,1.02868,0.00326,0.00042,0
18094.754,0.08447,-0.99170,-0.23804,1.02336,0.00532,0.00045,0
18096.796,0.07812,-0.99170,-0.24731,1.02505,0.00169,0.00045,0
18098.732,0.07739,-0.99194,-0.23193,1.02163,0.00342,0.00046,0
18100.658,0.07544,-0.99561,-0.24951,1.02916,0.00753,0.00052,0
18102.583,0.07886,-0.99878,-0.24146,1.03057,0.00141,0.00051,0
18104.742,0.07983,-1.00537,-0.23022,1.03448,0.00391,0.00052,0
18106.699,0.07739,-0.99585,-0.24683,1.02890,0.00558,0.00051,0
18108.854,0.08423,-0.99023,-0.24683,1.02400,0.00489,0.00053,0
18110.797,0.08008,-0.99707,-0.23486,1.02748,0.00348,0.00054,0
18112.723,0.07422,-0.99805,-0.23389,1.02777,0.00029,0.00053,0
18114.739,0.08032,-0.99707,-0.23730,1.02806,0.00029,0.00053,0
18116.706,0.07959,-0.99658,-0.23877,1.02787,0.00019,0.00052,0
18118.671,0.08105,-0.99243,-0.23047,1.02206,0.00581,0.00055,0
18120.727,0.07690,-0.99683,-0.23389,1.02678,0.00472,0.00057,0
18122.728,0.08130,-1.00000,-0.25000,1.03398,0.00720,0.00056,0
18124.677,0.08252,-0.99780,-0.25146,1.03231,0.00167,0.00052,0
18126.696,0.08276,-0.99585,-0.24121,1.02798,0.00432,0.00053,0
18128.685,0.08447,-0.99268,-0.23853,1.02442,0.00356,0.00045,0
18130.679,0.07910,-0.99365,-0.23804,1.02482,0.00040,0.00044,0
18132.646,0.07642,-1.00098,-0.24072,1.03235,0.00752,0.00049,0
18134.557,0.08203,-0.99805,-0.24316,1.03051,0.00183,0.00048,0
18136.683,0.08081,-0.99805,-0.24390,1.03059,0.00008,0.00046,0
18138.591,0.08252,-1.00073,-0.24048,1.03252,0.00193,0.00046,0
18140.565,0.07959,-0.99634,-0.23486,1.02673,0.00579,0.00043,0
18142.468,0.08496,-0.99561,-0.24048,1.02775,0.00102,0.00042,0
18144.379,0.07788,-0.99341,-0.23560,1.02393,0.00383,0.00041,0
18146.288,0.07617,-0.99365,-0.24146,1.02540,0.00147,0.00041,0
18148.256,0.08374,-0.99146,-0.23511,1.02239,0.00302,0.00041,0
18150.162,0.07739,-0.99561,-0.23462,1.02580,0.00342,0.00036,0
18152.078,0.07568,-0.99561,-0.24219,1.02743,0.00163,0.00036,0
18153.987,0.08398,-0.99878,-0.23730,1.03001,0.00258,0.00035,0
18155.904,0.07544,-0.99927,-0.24487,1.03160,0.00158,0.00033,0
18157.875,0.08057,-1.00073,-0.23804,1.03180,0.00021,0.00030,0
18159.792,0.08496,-0.99512,-0.24048,1.02728,0.00452,0.00031,0
18161.740,0.07983,-0.99658,-0.23730,1.02755,0.00027,0.00031,0
18163.671,0.07739,-0.99609,-0.24536,1.02878,0.00123,0.00031,0
18165.721,0.07886,-0.99219,-0.23950,1.02373,0.00506,0.00034,0
18167.632,0.07788,-0.99536,-0.24097,1.02707,0.00334,0.00031,0
18169.722,0.07812,-0.99658,-0.24414,1.02902,0.00195,0.00030,0
18171.635,0.08130,-0.99463,-0.24292,1.02709,0.00193,0.00025,0
18173.565,0.07764,-0.99390,-0.23267,1.02371,0.00337,0.00026,0
18175.478,0.07837,-0.99805,-0.24170,1.02988,0.00617,0.00028,0
18177.386,0.07520,-0.99780,-0.24146,1.02935,0.00053,0.00026,0
18179.296,0.07690,-0.99683,-0.23218,1.02639,0.00296,0.00027,0
18181.208,0.08105,-0.99658,-0.24414,1.02925,0.00285,0.00022,0
18183.290,0.08276,-0.99194,-0.23804,1.02346,0.00579,0.00025,0
18185.206,0.07910,-0.99951,-0.23999,1.03096,0.00750,0.00031,0
18187.340,0.08813,-0.99316,-0.23901,1.02531,0.00564,0.00034,0
18189.343,0.07812,-1.00391,-0.24463,1.03623,0.01092,0.00042,0
18191.344,0.07983,-0.99756,-0.24731,1.03085,0.00538,0.00045,0
18193.251,0.08130,-0.99805,-0.24023,1.02977,0.00109,0.00044,0
18195.329,0.08057,-0.99438,-0.24878,1.02819,0.00157,0.00044,0
18197.242,0.08325,-0.99658,-0.24219,1.02896,0.00077,0.00043,0
18199.351,0.08203,-0.99536,-0.23877,1.02688,0.00208,0.00042,0
18201.267,0.07812,-0.99243,-0.23730,1.02340,0.00349,0.00043,0
18203.264,0.07935,-0.99609,-0.24268,1.02829,0.00490,0.00045,0
18205.174,0.08203,-0.99756,-0.25610,1.03317,0.00488,0.00047,0
18207.093,0.08154,-0.99438,-0.23950,1.02607,0.00710,0.00052,0
18208.987,0.07837,-0.99829,-0.23779,1.02921,0.00314,0.00051,0
18210.906,0.07837,-0.99609,-0.24072,1.02776,0.00145,0.00051,0
18212.816,0.07373,-0.99707,-0.24243,1.02877,0.00100,0.00051,0
18214.745,0.07373,-0.99390,-0.24097,1.02534,0.00342,0.00050,0
18216.655,0.07935,-0.99634,-0.23901,1.02767,0.00233,0.00049,0
18218.567,0.08228,-0.99756,-0.23877,1.02903,0.00136,0.00049,0
18220.704,0.07715,-0.99487,-0.24097,1.02654,0.00249,0.00049,0
18222.614,0.07812,-0.99805,-0.24683,1.03108,0.00454,0.00050,0
18224.670,0.07812,-0.99756,-0.23877,1.02871,0.00237,0.00047,0
18226.571,0.07544,-0.99658,-0.24536,1.02911,0.00040,0.00047,0
18228.675,0.08179,-0.99609,-0.24341,1.02866,0.00045,0.00046,0
18230.586,0.08252,-1.00220,-0.23535,1.03276,0.00410,0.00047,0
18232.690,0.08008,-0.99780,-0.23535,1.02831,0.00446,0.00046,0
18234.628,0.07812,-0.99683,-0.24634,1.02978,0.00147,0.00040,0
18236.712,0.08252,-0.99683,-0.23926,1.02845,0.00133,0.00037,0
18238.684,0.07959,-0.99683,-0.24561,1.02972,0.00126,0.00025,0
18241.025,0.07544,-0.99512,-0.24561,1.02775,0.00197,0.00023,0
18243.302,0.08032,-0.99365,-0.24072,1.02555,0.00220,0.00023,0
18245.547,0.08252,-0.99731,-0.23853,1.02876,0.00321,0.00024,0
18247.796,0.08203,-0.99609,-0.24194,1.02833,0.00042,0.00024,0
18250.048,0.07617,-0.99390,-0.24268,1.02593,0.00241,0.00024,0
18252.372,0.08276,-0.99609,-0.25024,1.03038,0.00445,0.00025,0
18254.625,0.07935,-0.99707,-0.24731,1.03034,0.00003,0.00023,0
18257.048,0.07959,-0.99219,-0.23560,1.02288,0.00747,0.00026,0
18259.410,0.07837,-0.99194,-0.23267,1.02187,0.00100,0.00021,0
18261.665,0.08008,-1.00366,-0.23682,1.03433,0.01245,0.00035,0
18263.918,0.08057,-0.99731,-0.23193,1.02709,0.00723,0.00040,0
18266.171,0.07324,-0.99072,-0.24170,1.02241,0.00469,0.00042,0
18268.783,0.07715,-0.99683,-0.24414,1.02918,0.00678,0.00046,0
18271.411,0.07886,-0.99609,-0.23486,1.02644,0.00274,0.00046,0
18273.664,0.07935,-0.99512,-0.23389,1.02531,0.00113,0.00046,0
18275.917,0.07837,-0.99902,-0.23755,1.02986,0.00456,0.00048,0
18278.178,0.07495,-0.99683,-0.23633,1.02720,0.00267,0.00046,0
18280.432,0.08203,-0.99927,-0.24023,1.03101,0.00381,0.00047,0
18282.688,0.08691,-0.99219,-0.24634,1.02600,0.00501,0.00050,0
18285.035,0.08105,-1.00098,-0.23755,1.03197,0.00597,0.00053,0
18287.438,0.07788,-0.99634,-0.24487,1.02894,0.00303,0.00052,0
18289.687,0.08301,-0.99658,-0.24316,1.02917,0.00023,0.00050,0
18291.940,0.08105,-1.00000,-0.24121,1.03187,0.00270,0.00051,0
18294.327,0.07935,-0.99683,-0.23828,1.02798,0.00389,0.00052,0
18296.705,0.08032,-0.99268,-0.24390,1.02535,0.00263,0.00053,0
18298.960,0.07690,-0.99146,-0.24878,1.02508,0.00027,0.00052,0
18301.212,0.08032,-0.99707,-0.24097,1.02891,0.00383,0.00053,0
18303.467,0.08105,-0.99194,-0.24512,1.02499,0.00393,0.00054,0
18305.719,0.07886,-0.99609,-0.23926,1.02746,0.00247,0.00054,0
18308.169,0.08472,-1.00000,-0.23682,1.03114,0.00369,0.00055,0
18310.640,0.08179,-0.99854,-0.24341,1.03102,0.00012,0.00053,0
18313.012,0.07910,-0.99951,-0.23926,1.03079,0.00023,0.00053,0
18315.976,0.08081,-0.99390,-0.24927,1.02786,0.00293,0.00049,0
18318.517,0.07520,-0.99658,-0.24414,1.02880,0.00094,0.00049,0
18320.826,0.07886,-0.99902,-0.23926,1.03030,0.00149,0.00033,0
18323.223,0.08398,-0.99731,-0.24121,1.02950,0.00080,0.00028,0
18325.198,0.08081,-0.99731,-0.24048,1.02908,0.00043,0.00026,0
18326.690,0.08008,-0.99316,-0.23462,1.02364,0.00544,0.00024,0
18328.190,0.07495,-0.99268,-0.24121,1.02431,0.00067,0.00024,0
18329.841,0.08325,-0.99023,-0.24219,1.02281,0.00149,0.00024,0
18331.424,0.07959,-0.99609,-0.24316,1.02843,0.00561,0.00025,0
18332.908,0.07690,-0.99243,-0.24170,1.02433,0.00410,0.00026,0
18334.389,0.07520,-0.99658,-0.23779,1.02731,0.00298,0.00025,0
18335.884,0.07446,-0.99976,-0.23877,1.03057,0.00325,0.00024,0
18337.391,0.08325,-0.99731,-0.23950,1.02904,0.00152,0.00020,0
18338.906,0.07861,-0.99341,-0.24756,1.02680,0.00224,0.00020,0
18340.751,0.07812,-0.99829,-0.24536,1.03097,0.00416,0.00022,0
18342.997,0.07471,-0.99707,-0.23975,1.02821,0.00276,0.00022,0
18345.248,0.08032,-0.99951,-0.23975,1.03100,0.00279,0.00021,0
18347.497,0.07959,-1.00098,-0.23853,1.03208,0.00108,0.00020,0
18349.750,0.08130,-0.99463,-0.24414,1.02738,0.00470,0.00023,0
18352.006,0.08252,-0.99561,-0.24316,1.02819,0.00081,0.00021,0
18354.274,0.07837,-0.98755,-0.24390,1.02024,0.00795,0.00026,0
18356.594,0.08057,-0.99438,-0.24121,1.02639,0.00615,0.00029,0
18358.850,0.07544,-0.99976,-0.24268,1.03155,0.00516,0.00030,0
18361.102,0.08423,-0.98950,-0.23999,1.02167,0.00988,0.00040,0
18363.384,0.08032,-0.99487,-0.23950,1.02644,0.00478,0.00042,0
18365.659,0.07568,-0.99780,-0.24438,1.03008,0.00364,0.00043,0
18367.915,0.07617,-0.99121,-0.24780,1.02455,0.00553,0.00046,0
18370.168,0.08228,-0.99683,-0.24731,1.03034,0.00579,0.00049,0
18372.446,0.08154,-0.99829,-0.24414,1.03094,0.00060,0.00049,0
18374.709,0.07837,-0.99341,-0.24731,1.02673,0.00421,0.00051,0
18376.960,0.08228,-0.99854,-0.23999,1.03026,0.00353,0.00049,0
18379.218,0.07422,-1.00122,-0.23975,1.03220,0.00194,0.00049,0
18381.465,0.08301,-0.99927,-0.24146,1.03137,0.00083,0.00049,0
18383.712,0.07324,-0.99170,-0.23315,1.02137,0.01000,0.00056,0
18385.959,0.07935,-0.99097,-0.24829,1.02468,0.00331,0.00055,0
18388.214,0.08008,-0.99585,-0.23560,1.02647,0.00179,0.00055,0
18390.472,0.07959,-0.99585,-0.23853,1.02711,0.00064,0.00054,0
18392.730,0.08154,-0.99609,-0.24683,1.02945,0.00235,0.00054,0
18394.987,0.07617,-0.99048,-0.24414,1.02296,0.00649,0.00058,0
18397.242,0.07910,-0.99829,-0.24658,1.03133,0.00837,0.00063,0
18399.507,0.07935,-1.00000,-0.23462,1.03021,0.00112,0.00063,0
18401.762,0.07959,-0.99878,-0.24097,1.03051,0.00030,0.00062,0
18404.016,0.07959,-0.99609,-0.24243,1.02826,0.00226,0.00062,0
18406.262,0.07642,-0.99780,-0.23413,1.02775,0.00051,0.00060,0
18408.521,0.07886,-0.99829,-0.24487,1.03091,0.00316,0.00061,0
18410.781,0.07886,-0.99536,-0.24365,1.02778,0.00313,0.00056,0
18413.037,0.08350,-0.99365,-0.23438,1.02433,0.00345,0.00053,0
18415.296,0.07788,-0.99780,-0.23584,1.02825,0.00392,0.00052,0
18417.554,0.08301,-0.99707,-0.25171,1.03170,0.00345,0.00043,0
18419.812,0.07812,-0.99170,-0.24390,1.02423,0.00746,0.00047,0
18422.071,0.07837,-0.99609,-0.24805,1.02950,0.00527,0.00048,0
18424.330,0.07837,-0.99902,-0.24146,1.03077,0.00127,0.00045,0
18426.586,0.08423,-0.99170,-0.24341,1.02460,0.00617,0.00046,0
18428.837,0.08057,-0.99902,-0.24390,1.03152,0.00691,0.00050,0
18431.123,0.07495,-0.99658,-0.23682,1.02707,0.00444,0.00051,0
18433.384,0.07520,-0.99146,-0.24463,1.02395,0.00312,0.00050,0
18435.643,0.07593,-0.99146,-0.24243,1.02348,0.00047,0.00050,0
18437.939,0.07275,-0.99512,-0.23706,1.02555,0.00206,0.00050,0
18440.197,0.07568,-0.99243,-0.24219,1.02436,0.00119,0.00040,0
18442.453,0.08228,-0.99829,-0.23657,1.02923,0.00488,0.00042,0
18444.717,0.07910,-0.99683,-0.24219,1.02887,0.00036,0.00041,0
18446.970,0.07935,-0.99634,-0.23999,1.02790,0.00097,0.00041,0
18449.223,0.08569,-0.99707,-0.24365,1.02998,0.00208,0.00041,0
18451.504,0.08496,-0.99390,-0.24365,1.02685,0.00313,0.00038,0
18453.762,0.08008,-0.99829,-0.25244,1.03282,0.00598,0.00035,0
18456.019,0.07690,-0.99609,-0.23608,1.02657,0.00625,0.00038,0
18458.274,0.08179,-0.99512,-0.24072,1.02708,0.00051,0.00038,0
18460.533,0.08350,-1.00220,-0.24268,1.03453,0.00745,0.00044,0
18462.790,0.08350,-0.99683,-0.24048,1.02882,0.00572,0.00047,0
18465.046,0.07544,-0.99390,-0.24341,1.02605,0.00277,0.00047,0
18467.306,0.08569,-0.99854,-0.24365,1.03140,0.00535,0.00048,0
18469.565,0.08228,-0.99658,-0.25098,1.03099,0.00041,0.00047,0
18471.819,0.08325,-0.99976,-0.23975,1.03147,0.00048,0.00046,0
18474.069,0.07983,-1.00293,-0.23706,1.03365,0.00219,0.00045,0
18476.440,0.07642,-0.99658,-0.24341,1.02872,0.00493,0.00042,0
18478.696,0.07886,-0.99414,-0.23804,1.02528,0.00344,0.00040,0
18480.961,0.07275,-0.99414,-0.24365,1.02615,0.00087,0.00040,0
18483.217,0.08325,-0.99683,-0.23804,1.02823,0.00208,0.00037,0
18485.469,0.08203,-0.99438,-0.24097,1.02645,0.00178,0.00032,0
18487.723,0.07910,-0.99707,-0.24023,1.02865,0.00220,0.00031,0
18489.981,0.08032,-0.99731,-0.24072,1.02909,0.00045,0.00030,0
18492.234,0.07959,-0.99341,-0.23804,1.02462,0.00447,0.00032,0
18494.485,0.08130,-0.99609,-0.25366,1.03109,0.00647,0.00036,0
18496.764,0.07642,-0.99121,-0.23242,1.02096,0.01014,0.00046,0
18499.030,0.08179,-0.99609,-0.23950,1.02774,0.00678,0.00048,0
18501.282,0.08105,-0.99585,-0.23633,1.02671,0.00103,0.00048,0
18503.548,0.06885,-0.99658,-0.23755,1.02681,0.00010,0.00048,0
18505.802,0.07520,-0.99536,-0.23633,1.02579,0.00102,0.00048,0
18508.055,0.08398,-0.99927,-0.24438,1.03214,0.00635,0.00051,0
18510.318,0.08105,-0.99268,-0.24170,1.02489,0.00725,0.00052,0
18512.549,0.07910,-0.99487,-0.24731,1.02820,0.00331,0.00050,0
18514.803,0.07568,-0.99463,-0.24121,1.02625,0.00195,0.00050,0
18517.058,0.08154,-0.99731,-0.24048,1.02913,0.00288,0.00045,0
18519.310,0.07739,-0.99609,-0.24463,1.02861,0.00052,0.00042,0
18521.573,0.07935,-1.00000,-0.25171,1.03424,0.00563,0.00044,0
18523.826,0.07788,-0.99341,-0.24268,1.02558,0.00866,0.00049,0
18526.091,0.07910,-1.00146,-0.24536,1.03411,0.00853,0.00056,0
18528.346,0.08057,-0.99414,-0.23877,1.02558,0.00853,0.00064,0
18530.597,0.07788,-1.00049,-0.23926,1.03164,0.00606,0.00067,0
18532.876,0.08154,-0.99731,-0.23999,1.02902,0.00262,0.00065,0
18535.170,0.08716,-0.98999,-0.24268,1.02302,0.00600,0.00067,0
18537.417,0.08057,-0.99658,-0.24585,1.02962,0.00660,0.00072,0
18539.671,0.08228,-0.99731,-0.24268,1.02971,0.00009,0.00071,0
18541.977,0.07788,-0.99902,-0.24023,1.03045,0.00074,0.00071,0
18544.475,0.08276,-0.99463,-0.23560,1.02550,0.00495,0.00073,0
18546.976,0.08057,-0.99243,-0.24219,1.02473,0.00077,0.00073,0
18549.473,0.08301,-0.99390,-0.25049,1.02833,0.00360,0.00072,0
18551.971,0.07837,-0.98584,-0.23389,1.01623,0.01210,0.00083,0
18554.469,0.08179,-0.99023,-0.24170,1.02258,0.00635,0.00077,0
18556.978,0.07983,-0.99219,-0.23950,1.02380,0.00122,0.00072,0
18559.482,0.08179,-0.99365,-0.23999,1.02549,0.00169,0.00072,0
18561.977,0.07471,-0.99561,-0.23462,1.02560,0.00011,0.00072,0
18564.475,0.08887,-0.99341,-0.24414,1.02682,0.00122,0.00072,0
18566.970,0.08228,-0.99902,-0.24243,1.03131,0.00448,0.00070,0
18569.468,0.08228,-1.00049,-0.23828,1.03176,0.00045,0.00065,0
18571.964,0.08057,-0.99658,-0.23779,1.02772,0.00404,0.00066,0
18574.459,0.07983,-0.99170,-0.23755,1.02287,0.00485,0.00068,0
18576.968,0.07959,-0.99585,-0.23877,1.02716,0.00429,0.00069,0
18579.466,0.08154,-0.99634,-0.24707,1.02975,0.00259,0.00069,0
18581.963,0.07935,-0.99780,-0.24121,1.02961,0.00014,0.00066,0
18584.461,0.07788,-0.99634,-0.24121,1.02807,0.00153,0.00059,0
18586.939,0.08203,-0.99585,-0.24902,1.02979,0.00171,0.00052,0
18589.439,0.07812,-0.99707,-0.23877,1.02823,0.00155,0.00045,0
18591.939,0.08032,-0.99463,-0.23950,1.02621,0.00203,0.00041,0
18594.442,0.08081,-0.99585,-0.24341,1.02835,0.00214,0.00041,0
18596.961,0.07544,-1.00610,-0.23950,1.03697,0.00862,0.00045,0
18599.469,0.08179,-0.99658,-0.23535,1.02726,0.00971,0.00050,0
18601.978,0.08423,-0.99463,-0.25024,1.02908,0.00182,0.00050,0
18604.474,0.07715,-1.00049,-0.24634,1.03325,0.00417,0.00052,0
18606.973,0.08130,-0.99634,-0.24438,1.02909,0.00416,0.00051,0
18609.480,0.07275,-0.99707,-0.24756,1.02992,0.00083,0.00051,0
18611.977,0.08008,-0.99561,-0.24268,1.02788,0.00204,0.00051,0
18614.473,0.07861,-0.99316,-0.23340,1.02324,0.00463,0.00038,0
18616.979,0.08496,-0.99292,-0.24097,1.02527,0.00202,0.00034,0
18619.476,0.07764,-0.99414,-0.24731,1.02738,0.00211,0.00035,0
18621.979,0.08350,-0.99878,-0.23193,1.02875,0.00137,0.00035,0
18624.478,0.08203,-0.99561,-0.24268,1.02803,0.00072,0.00035,0
18626.971,0.07715,-0.99536,-0.24585,1.02817,0.00014,0.00035,0
18629.469,0.07788,-0.99561,-0.24243,1.02765,0.00052,0.00033,0
18631.973,0.08105,-0.99097,-0.24121,1.02312,0.00454,0.00035,0
18634.469,0.07837,-0.99609,-0.24316,1.02834,0.00522,0.00036,0
18637.087,0.07837,-1.00293,-0.23926,1.03405,0.00571,0.00037,0
18639.589,0.08130,-1.00146,-0.23877,1.03274,0.00131,0.00035,0
18642.088,0.08081,-0.99487,-0.24316,1.02734,0.00540,0.00037,0
18644.589,0.07935,-0.99927,-0.24316,1.03148,0.00414,0.00039,0
18647.059,0.07886,-0.99512,-0.23657,1.02589,0.00560,0.00042,0
18649.553,0.08032,-0.99780,-0.25024,1.03184,0.00595,0.00045,0
18652.052,0.08398,-0.99756,-0.23022,1.02722,0.00462,0.00047,0
18654.555,0.08301,-0.99438,-0.24268,1.02693,0.00029,0.00047,0
18657.052,0.07739,-0.99878,-0.24414,1.03109,0.00416,0.00048,0
18659.555,0.08057,-0.99658,-0.23999,1.02823,0.00286,0.00041,0
18662.057,0.07788,-0.99146,-0.24731,1.02480,0.00343,0.00033,0
18664.602,0.07935,-0.99683,-0.24268,1.02900,0.00421,0.00034,0
18667.102,0.07959,-0.99585,-0.24585,1.02883,0.00017,0.00033,0
18669.617,0.07422,-0.99805,-0.24805,1.03108,0.00225,0.00031,0
18672.114,0.08350,-0.99487,-0.23975,1.02675,0.00433,0.00033,0
18674.610,0.07446,-0.99878,-0.23877,1.02962,0.00287,0.00034,0
18677.114,0.08154,-0.99780,-0.24048,1.02961,0.00001,0.00031,0
18679.609,0.07373,-0.99463,-0.23340,1.02430,0.00530,0.00034,0
18682.107,0.07446,-0.99683,-0.24243,1.02858,0.00428,0.00035,0
18684.615,0.07959,-0.99731,-0.23413,1.02752,0.00107,0.00035,0
18687.110,0.08008,-0.99097,-0.25220,1.02569,0.00183,0.00035,0
18689.610,0.08057,-0.99414,-0.24170,1.02627,0.00058,0.00036,0
18692.115,0.08350,-0.99731,-0.24048,1.02929,0.00302,0.00036,0
18694.611,0.08423,-0.99805,-0.23999,1.02995,0.00066,0.00034,0
18697.113,0.08228,-0.98901,-0.24146,1.02138,0.00856,0.00039,0
18699.620,0.08276,-0.99585,-0.24683,1.02932,0.00793,0.00042,0
18702.121,0.07666,-0.99707,-0.24170,1.02881,0.00051,0.00042,0
18704.620,0.07690,-0.99951,-0.23511,1.02967,0.00086,0.00039,0
18707.126,0.07861,-0.99609,-0.24414,1.02859,0.00108,0.00037,0
18709.622,0.07983,-0.99854,-0.24194,1.03053,0.00194,0.00035,0
18712.124,0.08398,-0.99487,-0.23779,1.02634,0.00419,0.00033,0
18714.627,0.07227,-0.99536,-0.24316,1.02718,0.00084,0.00031,0
18717.156,0.08105,-0.99609,-0.24194,1.02826,0.00108,0.00031,0
18719.655,0.07910,-0.99585,-0.24365,1.02827,0.00002,0.00029,0
18722.158,0.07349,-0.99609,-0.23975,1.02717,0.00110,0.00029,0
18724.658,0.07837,-0.99365,-0.24194,1.02568,0.00149,0.00028,0
18727.155,0.07446,-0.99731,-0.24365,1.02934,0.00366,0.00027,0
18729.660,0.08545,-0.99512,-0.24268,1.02784,0.00150,0.00027,0
18732.156,0.08154,-0.99487,-0.24023,1.02671,0.00113,0.00027,0
18734.656,0.07886,-0.99316,-0.25244,1.02777,0.00106,0.00025,0
18737.161,0.07471,-0.99268,-0.24268,1.02464,0.00314,0.00025,0
18739.657,0.08252,-0.99390,-0.24463,1.02688,0.00224,0.00026,0
18742.159,0.07764,-0.99683,-0.24146,1.02859,0.00171,0.00023,0
18744.667,0.07861,-0.99976,-0.24316,1.03190,0.00331,0.00023,0
18747.165,0.08008,-0.99854,-0.23755,1.02952,0.00238,0.00023,0
18749.663,0.07739,-0.99658,-0.24072,1.02816,0.00136,0.00023,0
18752.165,0.08203,-0.99609,-0.24463,1.02897,0.00081,0.00023,0
18754.662,0.08496,-0.99341,-0.24268,1.02614,0.00282,0.00023,0
18757.160,0.07178,-0.99243,-0.24194,1.02402,0.00213,0.00023,0
18759.664,0.07568,-1.00073,-0.24878,1.03397,0.00995,0.00026,0
18762.158,0.08276,-0.99512,-0.23608,1.02608,0.00788,0.00026,0
18764.659,0.08008,-0.99854,-0.23999,1.03009,0.00401,0.00027,0
18767.163,0.08008,-0.99878,-0.23950,1.03021,0.00012,0.00027,0
18769.658,0.08032,-0.99512,-0.23486,1.02561,0.00460,0.00029,0
18772.158,0.07910,-1.00024,-0.24023,1.03173,0.00612,0.00033,0
18774.664,0.08105,-0.99756,-0.23706,1.02854,0.00319,0.00032,0
18777.160,0.07715,-1.00049,-0.24072,1.03193,0.00339,0.00033,0
18779.659,0.07642,-0.99731,-0.24341,1.02943,0.00250,0.00033,0
18782.162,0.08984,-0.99805,-0.24390,1.03134,0.00191,0.00034,0
18784.661,0.08057,-0.99341,-0.23877,1.02487,0.00646,0.00038,0
18787.158,0.07910,-0.99536,-0.24561,1.02826,0.00339,0.00039,0
18789.662,0.07544,-0.99805,-0.23779,1.02875,0.00049,0.00038,0
18792.158,0.07837,-1.00000,-0.24219,1.03189,0.00314,0.00038,0
18794.658,0.07642,-0.99438,-0.24854,1.02782,0.00407,0.00040,0
18797.163,0.08228,-0.99487,-0.23560,1.02569,0.00212,0.00040,0
18799.715,0.08496,-0.99268,-0.24243,1.02538,0.00032,0.00039,0
18802.387,0.07812,-0.99512,-0.25049,1.02913,0.00375,0.00040,0
18805.058,0.08154,-0.99756,-0.24048,1.02937,0.00024,0.00040,0
18807.556,0.07471,-0.99341,-0.23901,1.02448,0.00489,0.00041,0
18810.130,0.07642,-0.99976,-0.24805,1.03290,0.00841,0.00048,0
18812.645,0.07715,-0.99805,-0.23975,1.02933,0.00356,0.00049,0
18815.150,0.07788,-0.99756,-0.23926,1.02880,0.00053,0.00049,0
18817.653,0.07544,-0.99585,-0.24438,1.02817,0.00063,0.00048,0
18820.154,0.08032,-0.99023,-0.23877,1.02178,0.00639,0.00051,0
18822.658,0.07812,-0.99731,-0.23926,1.02858,0.00681,0.00046,0
18825.159,0.07886,-0.99561,-0.23926,1.02698,0.00160,0.00040,0
18827.660,0.07715,-0.99121,-0.24097,1.02299,0.00399,0.00040,0
18830.174,0.08105,-0.99707,-0.23389,1.02734,0.00434,0.00042,0
18832.674,0.07202,-0.99219,-0.24805,1.02526,0.00208,0.00040,0
18835.175,0.08130,-0.99731,-0.24487,1.03015,0.00489,0.00039,0
18837.677,0.08228,-0.99487,-0.24634,1.02821,0.00194,0.00038,0
18840.182,0.07935,-1.00049,-0.23926,1.03175,0.00354,0.00039,0
18842.684,0.07544,-1.00073,-0.23999,1.03187,0.00011,0.00038,0
18845.058,0.08105,-0.99414,-0.24194,1.02636,0.00550,0.00041,0
18847.452,0.07837,-0.99561,-0.24146,1.02746,0.00110,0.00037,0
18849.768,0.07837,-0.99316,-0.23608,1.02384,0.00362,0.00037,0
18852.023,0.08057,-1.00000,-0.24463,1.03263,0.00879,0.00044,0
18854.278,0.07642,-0.99512,-0.24316,1.02724,0.00539,0.00046,0
18856.535,0.08179,-0.99707,-0.23779,1.02829,0.00105,0.00045,0
18858.792,0.07983,-0.99731,-0.24292,1.02957,0.00128,0.00045,0
18861.071,0.07861,-0.99829,-0.24292,1.03042,0.00085,0.00045,0
18863.394,0.08057,-0.99658,-0.24463,1.02933,0.00110,0.00043,0
18865.651,0.07886,-0.99219,-0.25195,1.02671,0.00261,0.00044,0
18867.948,0.07715,-0.99731,-0.24756,1.03047,0.00376,0.00043,0
18870.346,0.08032,-0.99731,-0.24731,1.03066,0.00018,0.00036,0
18872.765,0.08081,-0.99731,-0.23657,1.02817,0.00249,0.00035,0
18875.019,0.08179,-0.99902,-0.23755,1.03013,0.00196,0.00036,0
18877.274,0.07617,-0.99414,-0.24048,1.02565,0.00448,0.00038,0
18879.534,0.07861,-0.99976,-0.24121,1.03144,0.00580,0.00037,0
18881.788,0.08081,-0.99829,-0.23926,1.02974,0.00171,0.00033,0
18884.041,0.08618,-0.99829,-0.23804,1.02989,0.00015,0.00032,0
18886.314,0.08081,-0.99658,-0.24316,1.02900,0.00089,0.00031,0
18888.609,0.08032,-0.99951,-0.23926,1.03088,0.00189,0.00029,0
18890.862,0.07739,-0.99609,-0.23584,1.02655,0.00433,0.00031,0
18893.115,0.08472,-0.99902,-0.23682,1.03020,0.00364,0.00030,0
18895.368,0.08032,-0.99951,-0.24170,1.03145,0.00125,0.00029,0
18897.622,0.07935,-0.99585,-0.23999,1.02743,0.00402,0.00030,0
18899.880,0.08325,-0.99487,-0.23975,1.02673,0.00069,0.00030,0
18902.140,0.08374,-0.99731,-0.24072,1.02937,0.00263,0.00027,0
18904.392,0.07910,-0.99683,-0.24829,1.03032,0.00096,0.00027,0
18906.674,0.08081,-0.99536,-0.24927,1.02928,0.00105,0.00026,0
18908.939,0.07910,-0.99512,-0.24316,1.02745,0.00183,0.00019,0
18911.197,0.08350,-0.99878,-0.24463,1.03169,0.00424,0.00018,0
18913.459,0.07715,-0.99951,-0.23340,1.02930,0.00239,0.00018,0
18915.715,0.07202,-0.99707,-0.24756,1.02986,0.00057,0.00018,0
18917.956,0.07764,-0.99561,-0.24121,1.02735,0.00252,0.00019,0
18920.210,0.07739,-0.99194,-0.23999,1.02349,0.00385,0.00020,0
18922.439,0.08203,-0.99536,-0.24316,1.02791,0.00442,0.00021,0
18924.711,0.08423,-0.99512,-0.24438,1.02814,0.00023,0.00020,0
18926.964,0.08228,-0.99609,-0.24341,1.02870,0.00056,0.00020,0
18929.216,0.07642,-0.99976,-0.23535,1.02992,0.00123,0.00019,0
18931.475,0.06714,-0.98828,-0.23853,1.01887,0.01105,0.00031,0
18933.729,0.08130,-0.99438,-0.23682,1.02542,0.00655,0.00034,0
18935.991,0.07837,-0.99414,-0.24658,1.02726,0.00184,0.00030,0
18938.244,0.08105,-0.99414,-0.23389,1.02449,0.00276,0.00031,0
18940.500,0.07178,-0.99414,-0.24561,1.02654,0.00205,0.00031,0
18942.812,0.07910,-0.99292,-0.24170,1.02497,0.00157,0.00032,0
18945.304,0.08008,-0.99561,-0.23071,1.02512,0.00015,0.00031,0
18947.800,0.08154,-0.99707,-0.23926,1.02861,0.00349,0.00031,0
18950.362,0.08032,-1.00024,-0.23584,1.03081,0.00219,0.00030,0
18952.858,0.07959,-0.99390,-0.24023,1.02561,0.00520,0.00032,0
18955.409,0.08252,-0.99316,-0.23975,1.02502,0.00059,0.00031,0
18958.016,0.08228,-0.99390,-0.24194,1.02622,0.00121,0.00031,0
18960.522,0.07910,-0.99731,-0.23779,1.02832,0.00209,0.00030,0
18963.026,0.08252,-0.99731,-0.24780,1.03095,0.00263,0.00031,0
18965.531,0.08008,-0.99390,-0.24390,1.02651,0.00443,0.00033,0
18968.028,0.08057,-0.99805,-0.24829,1.03162,0.00511,0.00035,0
18970.543,0.07690,-0.99902,-0.24146,1.03066,0.00096,0.00034,0
18973.048,0.07520,-0.99072,-0.23999,1.02215,0.00852,0.00040,0
18975.546,0.07983,-0.99780,-0.23242,1.02762,0.00548,0.00043,0
18978.042,0.08203,-0.99634,-0.24390,1.02903,0.00141,0.00043,0
18980.541,0.07275,-0.99438,-0.23706,1.02484,0.00419,0.00043,0
18983.043,0.07544,-0.99707,-0.24072,1.02849,0.00365,0.00042,0
18985.539,0.07959,-0.99683,-0.24390,1.02931,0.00082,0.00042,0
18988.036,0.08447,-0.99316,-0.24316,1.02598,0.00333,0.00044,0
18990.530,0.07593,-0.99707,-0.24292,1.02904,0.00306,0.00044,0
18993.029,0.08154,-0.99780,-0.24316,1.03024,0.00120,0.00032,0
18995.526,0.08643,-0.99609,-0.24658,1.02979,0.00044,0.00028,0
18998.023,0.07153,-0.99756,-0.24121,1.02880,0.00100,0.00028,0
19000.520,0.07935,-1.00049,-0.23511,1.03080,0.00200,0.00027,0
19003.019,0.08032,-0.99902,-0.23486,1.02940,0.00140,0.00027,0
19005.514,0.08350,-0.99585,-0.24438,1.02879,0.00061,0.00027,0
19008.010,0.08105,-0.99951,-0.23462,1.02987,0.00108,0.00027,0
19010.509,0.07935,-0.99585,-0.24902,1.02958,0.00030,0.00026,0
19013.014,0.08130,-1.00488,-0.24341,1.03713,0.00756,0.00031,0
19015.506,0.08228,-0.99854,-0.23877,1.02998,0.00716,0.00033,0
19018.004,0.08130,-0.99805,-0.24487,1.03086,0.00088,0.00034,0
19020.509,0.07495,-0.99976,-0.24341,1.03169,0.00083,0.00033,0
19023.006,0.07861,-0.99707,-0.24194,1.02901,0.00267,0.00034,0
19025.506,0.07983,-0.99756,-0.24585,1.03050,0.00149,0.00033,0
19028.011,0.07983,-1.00439,-0.23877,1.03547,0.00496,0.00034,0
19030.505,0.08057,-1.00098,-0.24072,1.03266,0.00280,0.00032,0
19033.003,0.07520,-0.99268,-0.23462,1.02279,0.00987,0.00042,0
19035.508,0.07812,-0.99536,-0.23633,1.02601,0.00322,0.00035,0
19038.004,0.07788,-0.99463,-0.23535,1.02506,0.00095,0.00032,0
19040.502,0.08325,-0.99414,-0.23975,1.02602,0.00097,0.00032,0
19043.001,0.07373,-0.99854,-0.23950,1.02950,0.00348,0.00032,0
19045.495,0.08301,-1.00171,-0.24072,1.03357,0.00407,0.00032,0
19047.994,0.07568,-0.99268,-0.23779,1.02356,0.01000,0.00042,0
19050.515,0.07642,-1.00146,-0.23511,1.03153,0.00796,0.00047,0
19053.010,0.07886,-0.99316,-0.24170,1.02519,0.00634,0.00050,0
19055.525,0.08008,-1.00073,-0.24487,1.03336,0.00818,0.00057,0
19058.023,0.07642,-0.99243,-0.23657,1.02310,0.01027,0.00067,0
19060.520,0.07593,-0.99951,-0.24194,1.03118,0.00808,0.00074,0
19063.026,0.08350,-0.99414,-0.24414,1.02708,0.00410,0.00075,0
19065.530,0.07666,-0.99438,-0.24292,1.02649,0.00059,0.00075,0
19068.028,0.07910,-0.99658,-0.23511,1.02699,0.00050,0.00075,0
19070.548,0.07837,-0.99927,-0.24341,1.03147,0.00448,0.00077,0
19073.050,0.08325,-0.99951,-0.23950,1.03117,0.00030,0.00077,0
19075.544,0.08008,-0.99292,-0.25293,1.02775,0.00342,0.00072,0
19078.041,0.08618,-0.99976,-0.23608,1.03086,0.00311,0.00068,0
19080.538,0.07446,-1.00049,-0.24658,1.03311,0.00225,0.00069,0
19083.038,0.07886,-1.00220,-0.24658,1.03509,0.00198,0.00069,0
19085.537,0.08228,-0.99854,-0.23755,1.02969,0.00540,0.00071,0
19088.036,0.08081,-1.00024,-0.24585,1.03318,0.00349,0.00072,0
19090.533,0.08008,-1.00317,-0.24292,1.03527,0.00209,0.00070,0
19093.068,0.07910,-0.99390,-0.24341,1.02632,0.00895,0.00077,0
19095.568,0.07886,-0.99756,-0.24951,1.03131,0.00499,0.00070,0
19098.062,0.07739,-0.99194,-0.24463,1.02459,0.00672,0.00074,0
19100.579,0.07935,-0.99780,-0.24414,1.03030,0.00571,0.00077,0
19103.080,0.08057,-1.00000,-0.23853,1.03121,0.00091,0.00077,0
19105.580,0.07861,-0.99805,-0.25098,1.03212,0.00091,0.00076,0
19108.077,0.07422,-0.99731,-0.24536,1.02973,0.00239,0.00074,0
19110.577,0.07935,-0.99512,-0.24243,1.02729,0.00244,0.00065,0
19113.086,0.07690,-0.99731,-0.24292,1.02935,0.00206,0.00059,0
19115.582,0.07666,-0.99585,-0.24365,1.02809,0.00126,0.00055,0
19118.080,0.07886,-0.99902,-0.24048,1.03058,0.00250,0.00049,0
19120.551,0.08472,-0.99390,-0.23657,1.02517,0.00541,0.00042,0
19123.161,0.08105,-0.99243,-0.23535,1.02317,0.00200,0.00035,0
19125.663,0.07983,-0.99658,-0.24341,1.02898,0.00581,0.00037,0
19128.161,0.08203,-0.99438,-0.23584,1.02526,0.00372,0.00039,0
19130.659,0.07715,-0.99146,-0.23804,1.02254,0.00271,0.00039,0
19133.163,0.08008,-1.00098,-0.23633,1.03161,0.00906,0.00045,0
19135.660,0.08032,-0.99976,-0.24341,1.03209,0.00048,0.00045,0
19138.159,0.08447,-0.99609,-0.24146,1.02842,0.00367,0.00046,0
19140.660,0.07886,-0.99683,-0.24316,1.02908,0.00067,0.00045,0
19143.149,0.08740,-0.99365,-0.23926,1.02578,0.00330,0.00045,0
19145.645,0.07739,-0.99390,-0.24927,1.02760,0.00181,0.00045,0
19148.144,0.08228,-0.99658,-0.24634,1.02987,0.00227,0.00043,0
19150.676,0.08350,-0.99829,-0.24731,1.03185,0.00199,0.00042,0
19153.179,0.08130,-0.99805,-0.24268,1.03034,0.00151,0.00042,0
19155.676,0.07983,-0.99805,-0.24658,1.03115,0.00081,0.00034,0
19158.185,0.07812,-0.99609,-0.24146,1.02791,0.00324,0.00032,0
19160.683,0.07983,-0.99756,-0.24756,1.03091,0.00300,0.00029,0
19163.179,0.08008,-1.00122,-0.24536,1.03395,0.00304,0.00026,0
19165.687,0.08032,-0.99731,-0.25049,1.03142,0.00253,0.00027,0
19168.183,0.07764,-0.99121,-0.23633,1.02195,0.00947,0.00036,0
19170.693,0.08472,-0.99731,-0.23804,1.02882,0.00687,0.00040,0
19173.213,0.08496,-0.99707,-0.24170,1.02946,0.00064,0.00040,0
19175.710,0.07837,-0.99878,-0.23145,1.02824,0.00122,0.00039,0
19178.264,0.07910,-0.99536,-0.24414,1.02791,0.00032,0.00039,0
19180.750,0.08032,-0.99951,-0.24194,1.03151,0.00360,0.00040,0
19183.247,0.08398,-0.99341,-0.23022,1.02319,0.00832,0.00044,0
19185.748,0.08447,-0.99536,-0.24341,1.02817,0.00498,0.00046,0
19188.253,0.08179,-0.99951,-0.24048,1.03128,0.00312,0.00043,0
19190.751,0.07715,-0.99707,-0.24463,1.02954,0.00175,0.00042,0
19193.255,0.07666,-0.99243,-0.24048,1.02403,0.00551,0.00045,0
19195.756,0.08081,-0.99292,-0.24268,1.02533,0.00131,0.00037,0
19198.252,0.07788,-0.99951,-0.24048,1.03098,0.00564,0.00040,0
19200.756,0.07886,-0.99731,-0.24683,1.03043,0.00055,0.00038,0
19203.255,0.08154,-0.99683,-0.24170,1.02895,0.00148,0.00039,0
19205.758,0.08643,-0.99805,-0.24463,1.03122,0.00227,0.00038,0
19208.262,0.08081,-0.99756,-0.24756,1.03099,0.00023,0.00038,0
19210.776,0.08350,-0.99536,-0.25146,1.03002,0.00096,0.00037,0
19213.304,0.07544,-0.99634,-0.24170,1.02801,0.00202,0.00037,0
19215.809,0.08105,-0.99878,-0.23486,1.02922,0.00121,0.00037,0
19218.312,0.07959,-1.00122,-0.24634,1.03415,0.00493,0.00040,0
19220.811,0.08057,-0.98950,-0.23608,1.02046,0.01369,0.00057,0
19223.320,0.07349,-0.99829,-0.24170,1.02976,0.00930,0.00065,0
19225.821,0.07422,-1.00146,-0.23047,1.03032,0.00056,0.00064,0
19228.318,0.07910,-0.99268,-0.23340,1.02281,0.00751,0.00069,0
19230.817,0.07788,-1.00293,-0.24097,1.03441,0.01160,0.00074,0
19233.314,0.07715,-0.99854,-0.23950,1.02975,0.00466,0.00071,0
19235.855,0.08105,-0.99219,-0.24316,1.02476,0.00499,0.00074,0
19238.351,0.07837,-0.99951,-0.24170,1.03130,0.00654,0.00078,0
19240.850,0.08081,-0.99707,-0.23657,1.02793,0.00337,0.00079,0
19243.348,0.07568,-0.99438,-0.25317,1.02890,0.00096,0.00078,0
19245.842,0.07690,-1.00220,-0.24414,1.03437,0.00547,0.00074,0
19248.343,0.07935,-0.99463,-0.24023,1.02630,0.00807,0.00078,0
19250.842,0.07886,-0.99902,-0.25049,1.03296,0.00666,0.00081,0
19253.369,0.08374,-1.00366,-0.23999,1.03535,0.00239,0.00081,0
19255.892,0.08154,-0.99878,-0.24170,1.03084,0.00451,0.00080,0
19258.384,0.07446,-0.99170,-0.24390,1.02396,0.00688,0.00085,0
19260.884,0.07788,-0.99927,-0.24219,1.03114,0.00718,0.00087,0
19263.381,0.08179,-0.99414,-0.24268,1.02659,0.00455,0.00089,0
19265.879,0.07959,-0.99902,-0.23755,1.02996,0.00336,0.00090,0
19268.375,0.07764,-0.99390,-0.23877,1.02512,0.00484,0.00092,0
19270.873,0.08057,-0.99146,-0.24414,1.02425,0.00087,0.00092,0
19273.370,0.08203,-0.99585,-0.24438,1.02867,0.00443,0.00094,0
19275.867,0.08765,-0.99121,-0.24292,1.02430,0.00437,0.00095,0
19278.367,0.07837,-1.00098,-0.23560,1.03131,0.00701,0.00100,0
19280.852,0.07446,-1.00146,-0.23828,1.03211,0.00080,0.00098,0
19283.348,0.07446,-1.00220,-0.24683,1.03483,0.00272,0.00080,0
19285.847,0.08447,-0.99365,-0.24390,1.02663,0.00820,0.00078,0
19288.494,0.07422,-0.99731,-0.23828,1.02807,0.00144,0.00078,0
19290.995,0.08105,-0.99634,-0.24023,1.02809,0.00002,0.00072,0
19293.495,0.07544,-0.99536,-0.24194,1.02712,0.00097,0.00059,0
19295.993,0.08301,-0.99585,-0.24292,1.02840,0.00129,0.00057,0
19298.522,0.08789,-0.99170,-0.24341,1.02491,0.00350,0.00056,0
19301.102,0.07397,-0.99683,-0.23828,1.02758,0.00267,0.00052,0
19303.595,0.07666,-0.98779,-0.23999,1.01942,0.00816,0.00058,0
19306.093,0.08008,-0.99512,-0.23462,1.02553,0.00612,0.00061,0
19308.592,0.08228,-1.00269,-0.24072,1.03445,0.00892,0.00066,0
19311.093,0.08008,-0.99585,-0.24365,1.02835,0.00611,0.00063,0
19313.614,0.08228,-0.99902,-0.24072,1.03090,0.00256,0.00060,0
19316.155,0.08105,-0.99512,-0.24634,1.02835,0.00255,0.00060,0
19318.788,0.07812,-0.99341,-0.23999,1.02497,0.00339,0.00059,0
19321.364,0.07593,-0.99316,-0.24023,1.02462,0.00034,0.00054,0
19323.900,0.07324,-0.99365,-0.24268,1.02548,0.00085,0.00049,0
19326.436,0.08276,-0.99756,-0.23926,1.02918,0.00371,0.00048,0
19328.006,0.08496,-0.99072,-0.24219,1.02343,0.00575,0.00050,0
19329.511,0.08008,-0.99536,-0.24390,1.02793,0.00450,0.00050,0
19331.031,0.08130,-1.00220,-0.23535,1.03267,0.00473,0.00052,0
19332.570,0.08301,-0.99878,-0.24194,1.03101,0.00165,0.00051,0
19334.068,0.08032,-1.00024,-0.24902,1.03390,0.00289,0.00050,0
19335.580,0.07983,-0.99219,-0.24585,1.02531,0.00860,0.00052,0
19337.126,0.07715,-0.99683,-0.24219,1.02872,0.00342,0.00053,0
19338.619,0.07690,-0.99390,-0.24072,1.02552,0.00320,0.00053,0
19340.152,0.08057,-1.00293,-0.23755,1.03382,0.00830,0.00054,0
19342.670,0.08008,-0.99219,-0.24072,1.02411,0.00971,0.00063,0
19344.960,0.08276,-0.99976,-0.24414,1.03246,0.00835,0.00070,0
19347.218,0.08276,-1.00244,-0.24341,1.03488,0.00243,0.00070,0
19349.476,0.08154,-0.99658,-0.25220,1.03123,0.00366,0.00071,0
19351.735,0.07495,-1.00122,-0.24194,1.03276,0.00154,0.00070,0
19353.986,0.07788,-0.99683,-0.24902,1.03041,0.00235,0.00070,0
19356.223,0.08423,-0.99805,-0.23779,1.02944,0.00097,0.00064,0
19358.480,0.07812,-0.99585,-0.23511,1.02620,0.00323,0.00061,0
19360.732,0.07715,-0.99878,-0.24316,1.03084,0.00464,0.00055,0
19362.985,0.08105,-0.99634,-0.24390,1.02895,0.00189,0.00052,0
19365.237,0.07568,-0.99976,-0.24561,1.03226,0.00331,0.00052,0
19367.512,0.07837,-0.99658,-0.24463,1.02916,0.00311,0.00053,0
19369.774,0.07959,-0.99585,-0.23853,1.02711,0.00205,0.00052,0
19372.031,0.08008,-0.99658,-0.24658,1.02975,0.00265,0.00053,0
19374.286,0.08154,-0.99463,-0.24878,1.02851,0.00125,0.00053,0
19376.536,0.08105,-0.99829,-0.23828,1.02953,0.00102,0.00051,0
19378.786,0.08105,-0.99097,-0.24951,1.02511,0.00442,0.00050,0
19381.040,0.07568,-0.98901,-0.24512,1.02174,0.00336,0.00049,0
19383.293,0.07910,-0.98950,-0.24048,1.02137,0.00037,0.00047,0
19385.548,0.08691,-0.99585,-0.24414,1.02902,0.00764,0.00052,0
19387.831,0.07715,-0.99609,-0.24780,1.02935,0.00033,0.00052,0
19390.086,0.08032,-1.00244,-0.24048,1.03401,0.00466,0.00046,0
19392.339,0.07959,-0.99487,-0.24512,1.02771,0.00630,0.00049,0
19394.590,0.08862,-0.99707,-0.23950,1.02925,0.00154,0.00048,0
19396.864,0.08350,-0.99438,-0.24146,1.02668,0.00257,0.00042,0
19399.125,0.08398,-0.99658,-0.23975,1.02845,0.00177,0.00033,0
19401.374,0.07739,-0.99634,-0.24292,1.02844,0.00001,0.00026,0
19403.625,0.07959,-0.99536,-0.24658,1.02853,0.00009,0.00026,0
19405.878,0.08081,-0.99756,-0.23682,1.02846,0.00007,0.00024,0
19408.126,0.08301,-0.99609,-0.23120,1.02594,0.00253,0.00025,0
19410.373,0.07593,-0.99878,-0.23950,1.02990,0.00396,0.00026,0
19412.628,0.07568,-0.99585,-0.23926,1.02698,0.00292,0.00026,0
19414.891,0.07739,-0.99438,-0.25220,1.02878,0.00180,0.00026,0
19417.156,0.07837,-0.99805,-0.24268,1.03011,0.00133,0.00024,0
19419.410,0.07959,-1.00366,-0.23608,1.03412,0.00401,0.00025,0
19421.669,0.08252,-0.99121,-0.25220,1.02612,0.00801,0.00030,0
19423.923,0.07520,-0.99634,-0.24536,1.02886,0.00274,0.00030,0
19426.176,0.07739,-0.99585,-0.24707,1.02896,0.00010,0.00030,0
19428.427,0.07837,-0.99438,-0.24048,1.02605,0.00291,0.00030,0
19430.711,0.08008,-0.99438,-0.24048,1.02618,0.00013,0.00030,0
19432.960,0.08179,-0.99268,-0.23706,1.02386,0.00232,0.00030,0
19435.330,0.08423,-0.99390,-0.24951,1.02819,0.00433,0.00030,0
19437.588,0.08032,-0.99854,-0.24023,1.03016,0.00197,0.00029,0
19439.851,0.07886,-0.99731,-0.23755,1.02824,0.00192,0.00030,0
19442.154,0.08545,-0.99731,-0.22925,1.02688,0.00136,0.00024,0
19444.546,0.07812,-0.99780,-0.24414,1.03020,0.00332,0.00025,0
19447.043,0.08081,-0.99512,-0.24194,1.02729,0.00291,0.00024,0
19449.543,0.07495,-0.99512,-0.24414,1.02737,0.00008,0.00020,0
19452.046,0.08081,-1.00146,-0.24023,1.03304,0.00568,0.00023,0
19454.537,0.07422,-1.00073,-0.24731,1.03351,0.00047,0.00022,0
19457.037,0.07788,-0.99976,-0.24438,1.03213,0.00137,0.00022,0
19459.534,0.07886,-0.99365,-0.23462,1.02402,0.00812,0.00029,0
19462.029,0.08008,-0.99902,-0.24194,1.03102,0.00700,0.00033,0
19464.527,0.07324,-0.99756,-0.23901,1.02840,0.00261,0.00034,0
19466.996,0.07544,-1.00073,-0.25171,1.03466,0.00625,0.00037,0
19469.491,0.07690,-1.00195,-0.23779,1.03265,0.00200,0.00036,0
19472.015,0.08057,-0.99878,-0.23779,1.02985,0.00280,0.00036,0
19474.526,0.07788,-0.99756,-0.24683,1.03059,0.00074,0.00036,0
19477.066,0.08179,-0.99658,-0.23315,1.02675,0.00383,0.00037,0
19479.580,0.08374,-0.99707,-0.23291,1.02733,0.00058,0.00036,0
19482.089,0.07568,-0.98853,-0.24072,1.02022,0.00711,0.00034,0
19484.589,0.07715,-0.99463,-0.24097,1.02631,0.00608,0.00037,0
19487.091,0.08521,-0.99536,-0.24609,1.02887,0.00256,0.00038,0
19489.589,0.07471,-0.99634,-0.24097,1.02778,0.00108,0.00037,0
19492.123,0.07715,-0.99561,-0.24268,1.02765,0.00013,0.00037,0
19494.616,0.08057,-0.99829,-0.24463,1.03098,0.00333,0.00038,0
19497.189,0.07666,-0.99585,-0.23511,1.02609,0.00489,0.00038,0
19499.702,0.07593,-0.99023,-0.23926,1.02155,0.00454,0.00040,0
19502.199,0.07520,-0.99146,-0.24341,1.02366,0.00211,0.00040,0
19504.685,0.07910,-0.99683,-0.23486,1.02717,0.00351,0.00041,0
19507.183,0.07568,-0.99707,-0.24170,1.02874,0.00156,0.00040,0
19509.683,0.07959,-0.99854,-0.23999,1.03005,0.00131,0.00039,0
19512.191,0.08398,-0.99854,-0.24609,1.03184,0.00179,0.00040,0
19514.705,0.08032,-0.99316,-0.24536,1.02617,0.00567,0.00040,0
19517.200,0.07861,-0.99512,-0.24194,1.02712,0.00095,0.00040,0
19519.734,0.08154,-0.99707,-0.24316,1.02953,0.00241,0.00040,0
19522.225,0.07935,-0.99268,-0.23608,1.02344,0.00608,0.00037,0
19524.727,0.08276,-1.00122,-0.24512,1.03411,0.01066,0.00044,0
19527.235,0.07446,-0.99536,-0.24609,1.02803,0.00607,0.00047,0
19529.732,0.07739,-0.99536,-0.24023,1.02686,0.00117,0.00043,0
19532.229,0.08276,-0.99609,-0.23535,1.02686,0.00000,0.00043,0
19534.747,0.08252,-0.99487,-0.24365,1.02759,0.00073,0.00042,0
19537.240,0.07837,-0.99194,-0.24121,1.02385,0.00374,0.00043,0
19539.738,0.08130,-0.99780,-0.23608,1.02857,0.00472,0.00044,0
19542.245,0.08081,-0.99243,-0.24438,1.02527,0.00330,0.00045,0
19544.709,0.08716,-0.99316,-0.24268,1.02609,0.00082,0.00040,0
19546.964,0.07617,-1.00171,-0.23486,1.03169,0.00560,0.00039,0
19549.238,0.07886,-0.99194,-0.24170,1.02401,0.00768,0.00045,0
19551.490,0.07251,-0.99731,-0.24268,1.02897,0.00497,0.00047,0
19553.743,0.08301,-1.00146,-0.24683,1.03477,0.00580,0.00050,0
19555.999,0.08594,-0.99536,-0.23730,1.02686,0.00791,0.00056,0
19558.249,0.08203,-0.99854,-0.24365,1.03110,0.00424,0.00055,0
19560.502,0.07739,-1.00073,-0.23413,1.03067,0.00043,0.00053,0
19562.755,0.07764,-0.99292,-0.23804,1.02400,0.00666,0.00057,0
19565.004,0.07959,-0.99878,-0.24536,1.03155,0.00755,0.00061,0
19567.264,0.08325,-0.99707,-0.24121,1.02920,0.00235,0.00062,0
19569.523,0.07935,-1.00317,-0.23901,1.03430,0.00510,0.00064,0
19571.775,0.07251,-0.99731,-0.24292,1.02903,0.00527,0.00067,0
19574.029,0.07349,-1.00049,-0.23389,1.03009,0.00106,0.00064,0
19576.280,0.07617,-1.00171,-0.23926,1.03270,0.00261,0.00064,0
19578.556,0.07544,-0.99683,-0.23975,1.02802,0.00468,0.00066,0
19580.808,0.08276,-0.99707,-0.23682,1.02814,0.00012,0.00062,0
19583.063,0.08179,-0.99707,-0.24121,1.02909,0.00094,0.00051,0
19585.312,0.07812,-0.98950,-0.24805,1.02311,0.00598,0.00051,0
19587.565,0.07910,-0.99341,-0.24194,1.02550,0.00240,0.00051,0
19589.816,0.07568,-0.99951,-0.24707,1.03237,0.00687,0.00056,0
19592.079,0.07812,-0.99365,-0.24829,1.02718,0.00519,0.00058,0
19594.480,0.08276,-0.99780,-0.24341,1.03039,0.00321,0.00058,0
19596.738,0.08398,-0.99536,-0.24121,1.02761,0.00278,0.00057,0
19598.990,0.08008,-0.99585,-0.24170,1.02788,0.00028,0.00056,0
19601.241,0.07739,-0.99414,-0.24023,1.02568,0.00221,0.00056,0
19603.497,0.08276,-0.99292,-0.24390,1.02578,0.00010,0.00053,0
19605.752,0.07593,-0.99756,-0.23145,1.02687,0.00109,0.00047,0
19608.006,0.08203,-0.99854,-0.24487,1.03139,0.00452,0.00047,0
19610.259,0.08325,-0.99658,-0.23438,1.02715,0.00424,0.00045,0
19612.515,0.07861,-0.99634,-0.24121,1.02813,0.00098,0.00039,0
19614.774,0.08203,-0.99634,-0.24072,1.02828,0.00015,0.00037,0
19617.026,0.07812,-0.99292,-0.24316,1.02524,0.00304,0.00038,0
19619.284,0.08105,-1.00000,-0.23755,1.03102,0.00578,0.00037,0
19621.539,0.08130,-0.99512,-0.24951,1.02914,0.00188,0.00032,0
19623.800,0.08008,-1.00171,-0.24243,1.03373,0.00460,0.00033,0
19626.052,0.08008,-1.00195,-0.23926,1.03323,0.00050,0.00031,0
19628.307,0.08105,-0.99414,-0.23242,1.02416,0.00907,0.00036,0
19630.570,0.08398,-0.99780,-0.23926,1.02952,0.00536,0.00039,0
19632.830,0.07935,-0.99536,-0.24707,1.02863,0.00089,0.00038,0
19635.078,0.07910,-0.99854,-0.24951,1.03227,0.00364,0.00037,0
19637.360,0.07910,-0.99780,-0.23706,1.02862,0.00365,0.00039,0
19639.617,0.07837,-0.99951,-0.24072,1.03107,0.00245,0.00039,0
19641.867,0.07910,-0.98999,-0.23877,1.02144,0.00963,0.00045,0
19644.119,0.07422,-0.99512,-0.23755,1.02577,0.00432,0.00046,0
19646.615,0.08545,-0.98975,-0.24585,1.02340,0.00237,0.00042,0
19649.158,0.09009,-0.99609,-0.24438,1.02958,0.00619,0.00043,0
19651.660,0.07837,-1.00195,-0.23950,1.03316,0.00357,0.00043,0
19654.158,0.07788,-0.99512,-0.24365,1.02747,0.00569,0.00046,0
19656.660,0.07812,-0.99414,-0.24463,1.02677,0.00069,0.00046,0
19659.166,0.08130,-0.99805,-0.24829,1.03168,0.00490,0.00048,0
19661.661,0.07983,-0.99731,-0.23901,1.02866,0.00302,0.00049,0
19664.162,0.07642,-0.99829,-0.24438,1.03061,0.00195,0.00049,0
19666.735,0.08154,-0.99731,-0.23877,1.02874,0.00187,0.00047,0
19669.229,0.08325,-0.99805,-0.23901,1.02964,0.00090,0.00046,0
19671.767,0.08105,-0.99609,-0.23608,1.02689,0.00275,0.00046,0
19674.267,0.07568,-1.00195,-0.23975,1.03301,0.00612,0.00050,0
19676.764,0.07739,-0.99756,-0.24976,1.03126,0.00176,0.00049,0
19679.265,0.07422,-0.99683,-0.24463,1.02908,0.00217,0.00046,0
19681.758,0.08252,-0.99512,-0.23730,1.02634,0.00274,0.00047,0
19684.255,0.08228,-0.99683,-0.23999,1.02860,0.00226,0.00045,0
19686.785,0.07837,-0.99976,-0.23145,1.02918,0.00058,0.00045,0
19689.287,0.08423,-0.99585,-0.24146,1.02816,0.00103,0.00037,0
19691.812,0.08057,-0.99683,-0.24243,1.02904,0.00088,0.00034,0
19694.306,0.07910,-0.99976,-0.24707,1.03287,0.00382,0.00036,0
19696.813,0.08057,-1.00220,-0.23706,1.03300,0.00013,0.00034,0
19699.309,0.08130,-0.99390,-0.24097,1.02592,0.00708,0.00038,0
19701.808,0.08008,-0.99585,-0.24878,1.02957,0.00366,0.00039,0
19704.313,0.08545,-1.00171,-0.24072,1.03376,0.00419,0.00031,0
19706.809,0.07959,-0.99365,-0.24097,1.02555,0.00822,0.00036,0
19709.330,0.08032,-0.99805,-0.23877,1.02935,0.00380,0.00037,0
19711.837,0.08325,-0.99170,-0.24683,1.02534,0.00401,0.00035,0
19714.336,0.07935,-0.99731,-0.23706,1.02817,0.00283,0.00034,0
19716.837,0.08545,-0.99219,-0.25269,1.02742,0.00075,0.00031,0
19719.340,0.08081,-0.99756,-0.23413,1.02785,0.00043,0.00031,0
19721.835,0.08105,-0.99731,-0.24292,1.02967,0.00182,0.00029,0
19724.332,0.08105,-0.99829,-0.24170,1.03033,0.00066,0.00028,0
19726.836,0.08057,-0.99731,-0.23853,1.02860,0.00173,0.00028,0
19729.332,0.08252,-0.99146,-0.22754,1.02057,0.00803,0.00034,0
19731.834,0.07275,-1.00464,-0.24731,1.03719,0.01662,0.00062,0
19734.335,0.08032,-0.98804,-0.24268,1.02057,0.01662,0.00089,0
19736.833,0.07715,-0.99878,-0.23633,1.02925,0.00868,0.00092,0
19739.332,0.08228,-0.99219,-0.23901,1.02388,0.00537,0.00095,0
19741.836,0.07812,-1.00024,-0.23462,1.03036,0.00648,0.00099,0
19744.343,0.07471,-0.99927,-0.24243,1.03097,0.00061,0.00098,0
19746.844,0.08569,-0.99609,-0.23975,1.02812,0.00285,0.00098,0
19749.349,0.08008,-1.00293,-0.24341,1.03515,0.00703,0.00103,0
19751.871,0.08154,-0.99756,-0.24121,1.02954,0.00561,0.00106,0
19754.530,0.07617,-0.99292,-0.24512,1.02556,0.00398,0.00108,0
19757.029,0.07812,-0.99780,-0.24146,1.02957,0.00401,0.00108,0
19759.526,0.07983,-0.99170,-0.23364,1.02197,0.00760,0.00114,0
19762.027,0.08252,-0.99585,-0.23999,1.02768,0.00570,0.00112,0
19764.523,0.07715,-1.00098,-0.24561,1.03355,0.00587,0.00114,0
19767.018,0.07739,-1.00000,-0.23340,1.02979,0.00376,0.00114,0
19769.515,0.08301,-0.99609,-0.24658,1.02951,0.00028,0.00107,0
19772.015,0.07910,-0.99146,-0.24072,1.02332,0.00619,0.00109,0
19774.514,0.07886,-0.99463,-0.23486,1.02502,0.00170,0.00108,0
19777.010,0.08154,-0.99902,-0.25391,1.03400,0.00898,0.00115,0
19779.490,0.08228,-0.99609,-0.24438,1.02893,0.00508,0.00118,0
19781.990,0.07812,-0.99976,-0.23779,1.03061,0.00168,0.00118,0
19784.490,0.08203,-0.99390,-0.24121,1.02603,0.00458,0.00120,0
19786.995,0.08081,-0.99512,-0.24316,1.02758,0.00155,0.00120,0
19789.495,0.07886,-0.99780,-0.24512,1.03049,0.00291,0.00121,0
19791.993,0.07690,-1.00098,-0.23145,1.03026,0.00023,0.00114,0
19794.557,0.07812,-0.99731,-0.24707,1.03043,0.00017,0.00087,0
19797.059,0.08154,-0.99243,-0.24365,1.02515,0.00528,0.00062,0
19799.557,0.08569,-0.99683,-0.25000,1.03126,0.00611,0.00058,0
19802.054,0.08179,-0.99609,-0.24268,1.02849,0.00278,0.00056,0
19804.583,0.07910,-1.00073,-0.24194,1.03260,0.00411,0.00053,0
19807.085,0.07935,-0.99780,-0.24634,1.03082,0.00178,0.00054,0
19809.578,0.07080,-0.99683,-0.23511,1.02662,0.00420,0.00054,0
19812.091,0.07690,-0.99707,-0.23682,1.02769,0.00107,0.00050,0
19814.589,0.07544,-0.99390,-0.23071,1.02311,0.00458,0.00049,0
19817.097,0.07617,-0.99463,-0.24219,1.02652,0.00341,0.00048,0
19819.592,0.07349,-0.99390,-0.23511,1.02397,0.00255,0.00047,0
19822.090,0.07788,-0.99658,-0.24536,1.02929,0.00533,0.00044,0
19824.596,0.08643,-0.99658,-0.23901,1.02848,0.00081,0.00041,0
19827.092,0.08130,-0.99512,-0.24243,1.02744,0.00104,0.00038,0
19829.594,0.07959,-0.99487,-0.23755,1.02593,0.00151,0.00037,0
19832.111,0.08252,-0.99512,-0.24072,1.02714,0.00121,0.00037,0
19834.609,0.08594,-1.00049,-0.23804,1.03200,0.00486,0.00035,0
19837.111,0.08398,-0.99805,-0.24365,1.03078,0.00121,0.00035,0
19839.615,0.08154,-0.99902,-0.24561,1.03200,0.00121,0.00027,0
19842.115,0.08350,-0.99438,-0.24414,1.02732,0.00468,0.00027,0
19844.616,0.07568,-0.99780,-0.23755,1.02848,0.00116,0.00027,0
19847.120,0.07959,-0.99487,-0.23828,1.02610,0.00238,0.00025,0
19849.619,0.08057,-1.00073,-0.24658,1.03381,0.00771,0.00031,0
19852.149,0.07690,-0.99341,-0.24805,1.02679,0.00702,0.00035,0
19854.661,0.08105,-0.99707,-0.24219,1.02926,0.00247,0.00035,0
19857.157,0.07422,-0.99536,-0.23950,1.02646,0.00280,0.00036,0
19859.653,0.08105,-0.99927,-0.24121,1.03116,0.00470,0.00036,0
19862.156,0.07886,-0.99609,-0.24243,1.02820,0.00296,0.00033,0
19864.652,0.07690,-0.99512,-0.23901,1.02630,0.00190,0.00032,0
19867.148,0.07886,-0.99829,-0.24463,1.03085,0.00454,0.00033,0
19869.652,0.08032,-1.00195,-0.23608,1.03252,0.00167,0.00033,0
19872.206,0.07544,-0.99414,-0.24194,1.02594,0.00658,0.00035,0
19874.709,0.07861,-0.99780,-0.23706,1.02859,0.00265,0.00036,0
19877.207,0.08032,-0.99243,-0.23462,1.02295,0.00564,0.00037,0
19879.705,0.08057,-0.99927,-0.24146,1.03118,0.00823,0.00043,0
19882.205,0.08081,-0.99292,-0.24316,1.02545,0.00573,0.00045,0
19884.708,0.08032,-0.99048,-0.23608,1.02139,0.00406,0.00044,0
19887.203,0.07593,-0.99463,-0.23828,1.02559,0.00420,0.00046,0
19889.703,0.08179,-0.99829,-0.24072,1.03016,0.00457,0.00048,0
19892.233,0.08081,-0.99976,-0.23730,1.03071,0.00055,0.00048,0
19894.727,0.08325,-1.00293,-0.23950,1.03449,0.00378,0.00049,0
19897.223,0.08154,-0.99805,-0.24463,1.03082,0.00367,0.00048,0
19899.728,0.07471,-0.99829,-0.24951,1.03171,0.00089,0.00048,0
19902.226,0.08057,-0.99170,-0.24634,1.02501,0.00670,0.00052,0
19904.722,0.07471,-1.00195,-0.24390,1.03391,0.00891,0.00058,0
19907.226,0.07788,-0.99438,-0.23804,1.02544,0.00847,0.00065,0
19909.724,0.08179,-0.99951,-0.24561,1.03249,0.00705,0.00069,0
19912.225,0.07788,-1.00122,-0.23535,1.03145,0.00104,0.00063,0
19914.733,0.07837,-0.99487,-0.23779,1.02589,0.00556,0.00062,0
19917.228,0.07666,-0.99365,-0.23560,1.02407,0.00182,0.00061,0
19919.859,0.08179,-0.99805,-0.24170,1.03015,0.00607,0.00064,0
19922.356,0.08447,-0.99878,-0.23804,1.03022,0.00007,0.00062,0
19924.852,0.07935,-0.99243,-0.24414,1.02510,0.00513,0.00064,0
19927.352,0.07397,-1.00073,-0.24561,1.03308,0.00799,0.00070,0
19929.851,0.07788,-0.99878,-0.24219,1.03067,0.00241,0.00068,0
19932.348,0.08154,-1.00122,-0.24316,1.03355,0.00288,0.00069,0
19934.847,0.07959,-0.99341,-0.23169,1.02317,0.01038,0.00075,0
19937.335,0.07446,-0.99976,-0.23975,1.03079,0.00762,0.00080,0
19939.831,0.08203,-0.99902,-0.23901,1.03049,0.00031,0.00077,0
19942.325,0.08496,-0.99707,-0.24438,1.03009,0.00039,0.00070,0
19944.829,0.08008,-0.99707,-0.24414,1.02964,0.00045,0.00067,0
19947.327,0.08203,-0.99585,-0.24341,1.02844,0.00120,0.00066,0
19949.824,0.07275,-0.99438,-0.24585,1.02691,0.00154,0.00064,0
19952.328,0.08008,-0.99390,-0.23706,1.02491,0.00200,0.00062,0
19954.867,0.07397,-1.00000,-0.24048,1.03117,0.00626,0.00066,0
19957.396,0.07837,-0.99756,-0.24219,1.02952,0.00164,0.00065,0
19959.886,0.07690,-0.99829,-0.23779,1.02910,0.00042,0.00064,0
19962.385,0.07642,-0.99121,-0.23975,1.02265,0.00645,0.00068,0
19964.882,0.07471,-0.99536,-0.24390,1.02753,0.00487,0.00066,0
19967.387,0.07983,-0.99902,-0.24414,1.03152,0.00399,0.00060,0
19969.884,0.07788,-0.99829,-0.24438,1.03072,0.00080,0.00052,0
19972.384,0.07812,-0.98730,-0.24048,1.01917,0.01155,0.00061,0
19974.887,0.07715,-0.99463,-0.23389,1.02467,0.00550,0.00064,0
19977.381,0.07764,-0.99805,-0.24829,1.03139,0.00673,0.00065,0
19979.882,0.08179,-0.99756,-0.24170,1.02968,0.00172,0.00065,0
19982.388,0.07764,-0.99609,-0.24854,1.02956,0.00011,0.00061,0
19984.889,0.08032,-0.99756,-0.24243,1.02973,0.00017,0.00061,0
19987.388,0.07837,-0.99194,-0.24609,1.02501,0.00472,0.00061,0
19989.891,0.07983,-0.99683,-0.24561,1.02974,0.00472,0.00057,0
19992.388,0.07983,-0.99609,-0.24023,1.02776,0.00198,0.00057,0
19994.884,0.08154,-0.99634,-0.23633,1.02722,0.00054,0.00056,0
19997.433,0.08252,-0.99512,-0.24634,1.02847,0.00125,0.00045,0
19999.947,0.07935,-0.99243,-0.23657,1.02332,0.00515,0.00042,0
20002.445,0.08154,-0.99902,-0.23999,1.03068,0.00736,0.00047,0
20004.945,0.07715,-0.99561,-0.24268,1.02765,0.00302,0.00048,0
20007.442,0.07861,-0.98999,-0.23535,1.02061,0.00704,0.00053,0
20009.940,0.07910,-1.00122,-0.24829,1.03458,0.01396,0.00073,0
20012.442,0.07739,-0.99707,-0.24023,1.02852,0.00606,0.00076,0
20014.938,0.07739,-0.99927,-0.24561,1.03191,0.00340,0.00077,0
20017.436,0.07861,-0.99390,-0.23901,1.02525,0.00666,0.00077,0
20019.940,0.07495,-1.00098,-0.24341,1.03287,0.00762,0.00083,0
20022.439,0.08008,-0.99634,-0.23877,1.02767,0.00520,0.00086,0
20024.938,0.07422,-0.99756,-0.24414,1.02968,0.00200,0.00082,0
20027.441,0.07861,-0.99463,-0.24756,1.02798,0.00169,0.00080,0
20029.939,0.07910,-0.99683,-0.24780,1.03021,0.00222,0.00079,0
20032.437,0.08179,-0.99146,-0.24365,1.02423,0.00598,0.00082,0
20034.942,0.08203,-0.99609,-0.24438,1.02891,0.00468,0.00071,0
20037.484,0.08008,-0.99292,-0.23657,1.02385,0.00506,0.00071,0
20039.979,0.07910,-0.99658,-0.23730,1.02750,0.00365,0.00067,0
20042.484,0.07227,-0.99341,-0.24561,1.02587,0.00163,0.00067,0
20044.979,0.07739,-0.99316,-0.23560,1.02366,0.00221,0.00068,0
20047.475,0.08301,-0.99683,-0.23975,1.02861,0.00495,0.00070,0
20049.980,0.07935,-0.99780,-0.23096,1.02725,0.00135,0.00068,0
20052.477,0.07861,-1.00146,-0.24487,1.03396,0.00671,0.00071,0
20054.984,0.08081,-0.99072,-0.23389,1.02116,0.01280,0.00087,0
20057.487,0.07666,-0.99463,-0.24634,1.02754,0.00639,0.00091,0
20059.999,0.07935,-1.00171,-0.24561,1.03443,0.00688,0.00095,0
20062.494,0.08228,-0.99829,-0.24634,1.03152,0.00291,0.00093,0
20064.997,0.07910,-0.99243,-0.24951,1.02637,0.00515,0.00091,0
20067.494,0.08447,-0.99658,-0.22876,1.02598,0.00039,0.00090,0
20069.993,0.07788,-0.99805,-0.24561,1.03077,0.00479,0.00087,0
20072.497,0.08569,-1.00049,-0.24536,1.03369,0.00292,0.00068,0
20074.990,0.08008,-0.99707,-0.24707,1.03034,0.00335,0.00066,0
20077.494,0.08423,-0.99927,-0.24365,1.03199,0.00164,0.00065,0
20080.006,0.08057,-0.99316,-0.22949,1.02251,0.00947,0.00069,0
20082.505,0.08203,-0.99438,-0.24414,1.02720,0.00468,0.00066,0
20085.121,0.07544,-1.00049,-0.23511,1.03051,0.00331,0.00064,0
20087.619,0.07520,-0.99048,-0.23706,1.02122,0.00928,0.00072,0
20090.119,0.08618,-0.99683,-0.23389,1.02752,0.00629,0.00076,0
20092.618,0.08350,-0.99585,-0.24023,1.02781,0.00030,0.00076,0
20095.084,0.07910,-0.99341,-0.24683,1.02666,0.00115,0.00072,0
20097.582,0.07983,-0.98804,-0.24072,1.02007,0.00660,0.00074,0
20100.129,0.07837,-0.99951,-0.23999,1.03090,0.01084,0.00084,0
20102.613,0.07959,-0.99341,-0.25439,1.02855,0.00235,0.00083,0
20105.112,0.08398,-0.99463,-0.23950,1.02650,0.00205,0.00083,0
20107.611,0.08032,-1.00049,-0.24316,1.03274,0.00624,0.00086,0
20110.116,0.07837,-0.99097,-0.24072,1.02279,0.00995,0.00094,0
20112.615,0.07397,-0.99683,-0.23438,1.02668,0.00388,0.00095,0
20115.116,0.08032,-0.99414,-0.23828,1.02545,0.00123,0.00091,0
20117.625,0.07983,-0.99341,-0.24316,1.02585,0.00040,0.00074,0
20120.162,0.08569,-0.99585,-0.24048,1.02805,0.00220,0.00071,0
20122.659,0.07935,-0.99561,-0.23755,1.02662,0.00143,0.00066,0
20125.170,0.08081,-0.99390,-0.23926,1.02548,0.00115,0.00066,0
20127.665,0.07959,-0.99780,-0.24268,1.02997,0.00449,0.00065,0
20130.165,0.08203,-0.99731,-0.23804,1.02860,0.00136,0.00065,0
20132.670,0.07446,-0.99902,-0.24365,1.03100,0.00239,0.00063,0
20135.165,0.07202,-0.99683,-0.23779,1.02732,0.00367,0.00064,0
20137.669,0.08130,-0.99585,-0.23145,1.02562,0.00171,0.00063,0
20140.172,0.07568,-0.99438,-0.24023,1.02579,0.00017,0.00063,0
20142.708,0.07935,-0.99365,-0.24609,1.02674,0.00096,0.00054,0
20145.204,0.08154,-1.00244,-0.24023,1.03405,0.00730,0.00057,0
20147.708,0.08301,-0.99512,-0.24268,1.02764,0.00641,0.00060,0
20150.205,0.07935,-0.99756,-0.23755,1.02852,0.00088,0.00051,0
20152.707,0.07886,-0.99585,-0.24097,1.02762,0.00090,0.00048,0
20155.213,0.07788,-0.99731,-0.24585,1.03012,0.00250,0.00048,0
20157.714,0.08252,-0.99146,-0.24243,1.02400,0.00612,0.00052,0
20160.215,0.08252,-0.99365,-0.24780,1.02740,0.00341,0.00049,0
20162.748,0.07544,-0.99951,-0.24487,1.03183,0.00443,0.00039,0
20165.238,0.07983,-0.99268,-0.24023,1.02445,0.00739,0.00044,0
20167.736,0.07642,-0.99219,-0.23950,1.02354,0.00091,0.00043,0
20170.241,0.07788,-0.99487,-0.24731,1.02811,0.00457,0.00042,0
20172.737,0.08154,-0.99829,-0.24268,1.03059,0.00249,0.00032,0
20175.233,0.07910,-0.99097,-0.24683,1.02430,0.00629,0.00035,0
20177.754,0.07861,-1.00146,-0.24048,1.03293,0.00863,0.00042,0
20180.258,0.08008,-0.99536,-0.23706,1.02633,0.00660,0.00046,0
20182.754,0.08643,-0.99683,-0.24048,1.02906,0.00273,0.00047,0
20185.258,0.07983,-0.99780,-0.24536,1.03062,0.00157,0.00047,0
20187.753,0.08105,-0.99512,-0.23901,1.02662,0.00400,0.00048,0
20190.256,0.07715,-0.99634,-0.23950,1.02762,0.00100,0.00046,0
20192.759,0.08447,-0.99683,-0.24292,1.02947,0.00185,0.00046,0
20195.252,0.08301,-1.00049,-0.24561,1.03353,0.00406,0.00048,0
20197.750,0.07788,-0.99902,-0.23779,1.02988,0.00365,0.00047,0
20200.257,0.08228,-0.99634,-0.23096,1.02606,0.00382,0.00049,0
20202.763,0.08179,-0.99561,-0.23804,1.02693,0.00087,0.00049,0
20205.264,0.08008,-0.99683,-0.24731,1.03016,0.00324,0.00050,0
20207.767,0.07251,-0.99683,-0.23486,1.02668,0.00348,0.00046,0
20210.265,0.07300,-0.99609,-0.24414,1.02817,0.00149,0.00042,0
20212.764,0.08325,-0.99536,-0.24219,1.02778,0.00039,0.00042,0
20215.270,0.07642,-0.99390,-0.23730,1.02469,0.00309,0.00042,0
20217.770,0.07886,-0.99438,-0.24683,1.02759,0.00290,0.00043,0
20220.273,0.07080,-0.99683,-0.23291,1.02612,0.00147,0.00039,0
20222.777,0.07935,-0.99268,-0.25293,1.02746,0.00134,0.00038,0
20225.272,0.07666,-0.99048,-0.24780,1.02388,0.00358,0.00038,0
20227.768,0.07739,-0.99805,-0.25073,1.03197,0.00809,0.00039,0
20230.275,0.07471,-0.99683,-0.24414,1.02900,0.00296,0.00039,0
20232.770,0.07886,-0.99731,-0.23071,1.02669,0.00232,0.00038,0
20235.266,0.08154,-0.98853,-0.24536,1.02178,0.00491,0.00040,0
20237.770,0.07642,-0.99463,-0.24097,1.02625,0.00447,0.00038,0
20240.263,0.07959,-0.99463,-0.24072,1.02643,0.00018,0.00030,0
20242.761,0.08130,-0.99561,-0.24292,1.02803,0.00160,0.00026,0
20245.260,0.08032,-1.00195,-0.24829,1.03538,0.00735,0.00031,0
20247.759,0.08032,-0.99731,-0.23926,1.02875,0.00663,0.00035,0
20250.378,0.08472,-1.00049,-0.24976,1.03466,0.00591,0.00037,0
20252.891,0.08203,-1.00366,-0.23657,1.03442,0.00024,0.00037,0
20255.385,0.07764,-0.99438,-0.24707,1.02756,0.00687,0.00041,0
20257.884,0.08521,-1.00073,-0.24121,1.03291,0.00536,0.00042,0
20260.398,0.08545,-0.99268,-0.23999,1.02484,0.00807,0.00048,0
20262.899,0.07495,-0.99536,-0.24341,1.02743,0.00259,0.00047,0
20265.392,0.07861,-0.99780,-0.24805,1.03117,0.00374,0.00048,0
20267.893,0.07788,-0.99658,-0.23755,1.02746,0.00371,0.00048,0
20270.389,0.08008,-1.00000,-0.23633,1.03066,0.00320,0.00048,0
20272.885,0.08203,-0.99414,-0.24023,1.02604,0.00462,0.00050,0
20275.386,0.08350,-0.99878,-0.23267,1.02891,0.00287,0.00051,0
20277.882,0.07959,-0.99170,-0.24097,1.02365,0.00526,0.00053,0
20280.378,0.08398,-0.99487,-0.24683,1.02847,0.00482,0.00054,0
20282.884,0.07715,-0.99976,-0.24829,1.03301,0.00454,0.00056,0
20285.380,0.07666,-0.99341,-0.24048,1.02497,0.00804,0.00062,0
20287.876,0.08057,-0.98853,-0.25024,1.02289,0.00209,0.00061,0
20290.380,0.07886,-0.99805,-0.24219,1.03003,0.00715,0.00060,0
20292.874,0.08643,-0.99243,-0.24023,1.02475,0.00529,0.00062,0
20295.373,0.07837,-0.99829,-0.24194,1.03018,0.00543,0.00064,0
20297.877,0.08008,-0.99219,-0.23560,1.02291,0.00726,0.00067,0
20300.434,0.08154,-0.99487,-0.24170,1.02705,0.00414,0.00067,0
20302.987,0.08203,-0.99634,-0.25000,1.03049,0.00344,0.00068,0
20305.482,0.08789,-0.99878,-0.24390,1.03188,0.00138,0.00068,0
20307.979,0.08423,-0.99512,-0.23169,1.02520,0.00668,0.00067,0
20310.480,0.07935,-0.99683,-0.23853,1.02803,0.00283,0.00064,0
20312.966,0.07495,-0.99902,-0.23755,1.02961,0.00158,0.00060,0
20315.495,0.08252,-0.99390,-0.24634,1.02729,0.00232,0.00061,0
20318.011,0.08350,-0.99609,-0.25391,1.03133,0.00404,0.00058,0
20320.513,0.07910,-0.99365,-0.24780,1.02714,0.00419,0.00057,0
20323.168,0.08398,-0.99976,-0.24561,1.03290,0.00577,0.00053,0
20325.783,0.08130,-0.99561,-0.24341,1.02815,0.00475,0.00055,0
20328.302,0.07861,-0.99878,-0.24341,1.03101,0.00287,0.00054,0
20330.223,0.08496,-0.99414,-0.23926,1.02605,0.00496,0.00056,0
20331.725,0.08008,-0.99658,-0.24194,1.02865,0.00260,0.00055,0
20333.227,0.07959,-0.99194,-0.24390,1.02458,0.00407,0.00055,0
20334.734,0.08398,-0.99243,-0.24146,1.02483,0.00025,0.00054,0
20336.231,0.07837,-0.99316,-0.23779,1.02424,0.00059,0.00051,0
20337.726,0.08057,-0.99512,-0.23438,1.02551,0.00128,0.00049,0
20339.220,0.07275,-0.99683,-0.23071,1.02576,0.00025,0.00047,0
20340.869,0.07788,-0.99194,-0.23682,1.02279,0.00297,0.00041,0
20343.378,0.08008,-0.99561,-0.23901,1.02702,0.00423,0.00043,0
20345.878,0.08691,-0.99658,-0.24316,1.02949,0.00247,0.00038,0
20348.236,0.07715,-0.99683,-0.23462,1.02697,0.00253,0.00036,0
20350.481,0.08154,-0.99683,-0.23706,1.02787,0.00090,0.00033,0
20352.735,0.08521,-0.99731,-0.24414,1.03029,0.00243,0.00029,0
20354.993,0.07812,-0.99976,-0.23901,1.03089,0.00060,0.00027,0
20357.246,0.08203,-0.99780,-0.23950,1.02942,0.00148,0.00026,0
20359.496,0.07617,-1.00146,-0.23999,1.03263,0.00321,0.00027,0
20361.749,0.07837,-0.99561,-0.24023,1.02717,0.00546,0.00025,0
20363.999,0.07812,-0.99756,-0.24097,1.02922,0.00205,0.00025,0
20366.252,0.07812,-0.99756,-0.23340,1.02747,0.00175,0.00025,0
20368.504,0.07983,-0.99048,-0.22925,1.01979,0.00768,0.00030,0
20370.762,0.08228,-0.99902,-0.23560,1.02972,0.00993,0.00039,0
20373.014,0.07812,-0.99805,-0.23730,1.02884,0.00088,0.00037,0
20375.264,0.08057,-0.99536,-0.24634,1.02855,0.00029,0.00034,0
20377.514,0.08203,-0.99658,-0.24048,1.02846,0.00009,0.00031,0
20379.770,0.07324,-0.99487,-0.24097,1.02626,0.00221,0.00031,0
20382.023,0.08496,-0.99536,-0.24756,1.02920,0.00294,0.00029,0
20384.279,0.07983,-0.99463,-0.23608,1.02538,0.00382,0.00030,0
20386.534,0.08032,-0.99219,-0.24146,1.02430,0.00108,0.00029,0
20388.787,0.08105,-0.99341,-0.23486,1.02401,0.00029,0.00029,0
20391.040,0.07617,-0.99634,-0.24829,1.02963,0.00562,0.00032,0
20393.333,0.08057,-0.99438,-0.24512,1.02731,0.00232,0.00032,0
20395.584,0.08350,-0.99683,-0.23633,1.02785,0.00054,0.00032,0
20397.836,0.07837,-0.99023,-0.25073,1.02449,0.00337,0.00032,0
20400.132,0.08667,-0.99536,-0.23877,1.02726,0.00278,0.00031,0
20402.516,0.07520,-0.99512,-0.24121,1.02669,0.00057,0.00031,0
20404.779,0.07910,-0.99634,-0.24976,1.03021,0.00351,0.00031,0
20407.050,0.08643,-1.00098,-0.24048,1.03308,0.00287,0.00032,0
20409.330,0.08228,-0.99902,-0.24121,1.03102,0.00206,0.00032,0
20411.592,0.07251,-0.99512,-0.24316,1.02696,0.00406,0.00034,0
20413.843,0.08032,-0.99683,-0.24170,1.02885,0.00189,0.00034,0
20416.099,0.08228,-0.99438,-0.23828,1.02584,0.00301,0.00034,0
20418.348,0.07617,-0.99121,-0.23608,1.02178,0.00406,0.00032,0
20420.600,0.07935,-0.99414,-0.24536,1.02704,0.00526,0.00035,0
20422.856,0.07959,-0.99292,-0.24390,1.02553,0.00151,0.00034,0
20425.120,0.07886,-1.00146,-0.24268,1.03346,0.00793,0.00035,0
20427.372,0.07642,-0.99487,-0.23975,1.02620,0.00726,0.00030,0
20429.644,0.07764,-1.00317,-0.24463,1.03548,0.00928,0.00039,0
20431.896,0.07690,-0.99609,-0.23315,1.02590,0.00958,0.00048,0
20434.123,0.07568,-0.99805,-0.23682,1.02855,0.00264,0.00049,0
20436.379,0.08057,-0.99341,-0.23438,1.02386,0.00469,0.00050,0
20438.633,0.08472,-1.00391,-0.24609,1.03710,0.01324,0.00067,0
20440.914,0.07471,-0.99219,-0.23926,1.02336,0.01374,0.00084,0
20443.174,0.07959,-0.99707,-0.24023,1.02869,0.00533,0.00087,0
20445.437,0.07959,-0.99658,-0.24194,1.02861,0.00007,0.00087,0
20447.787,0.08081,-1.00171,-0.24243,1.03379,0.00518,0.00087,0
20450.288,0.07935,-0.99390,-0.24902,1.02769,0.00611,0.00090,0
20452.775,0.08423,-0.99048,-0.24536,1.02389,0.00380,0.00091,0
20455.266,0.08203,-0.99683,-0.23999,1.02858,0.00470,0.00092,0
20457.773,0.08032,-0.99854,-0.24756,1.03190,0.00331,0.00093,0
20460.337,0.07886,-0.99756,-0.23755,1.02848,0.00342,0.00094,0
20462.891,0.07544,-0.99707,-0.23779,1.02781,0.00067,0.00093,0
20465.387,0.07788,-0.99805,-0.23340,1.02793,0.00012,0.00092,0
20467.892,0.08887,-0.99854,-0.24219,1.03132,0.00339,0.00093,0
20470.392,0.07886,-0.99805,-0.23755,1.02895,0.00237,0.00091,0
20472.890,0.08203,-1.00171,-0.24878,1.03539,0.00644,0.00095,0
20475.386,0.07642,-0.99951,-0.23926,1.03059,0.00481,0.00097,0
20477.905,0.07422,-1.00269,-0.24609,1.03511,0.00452,0.00097,0
20480.408,0.07593,-0.99316,-0.24609,1.02601,0.00910,0.00103,0
20482.907,0.07520,-0.99683,-0.24170,1.02846,0.00245,0.00103,0
20485.405,0.07812,-0.99829,-0.24316,1.03045,0.00198,0.00097,0
20487.902,0.08057,-0.99414,-0.23828,1.02547,0.00498,0.00094,0
20490.400,0.08008,-0.99609,-0.24268,1.02835,0.00288,0.00086,0
20492.894,0.07812,-0.99390,-0.24048,1.02556,0.00280,0.00078,0
20495.389,0.08105,-0.99146,-0.24219,1.02382,0.00174,0.00078,0
20497.888,0.08081,-0.99585,-0.24634,1.02904,0.00522,0.00078,0
20500.385,0.08252,-0.99463,-0.24438,1.02753,0.00151,0.00061,0
20502.888,0.08057,-1.00000,-0.23535,1.03048,0.00295,0.00043,0
20505.380,0.07861,-1.00122,-0.24756,1.03436,0.00389,0.00042,0
20507.874,0.08350,-1.00049,-0.24976,1.03457,0.00020,0.00042,0
20510.374,0.07861,-0.99316,-0.24365,1.02563,0.00893,0.00047,0
20512.871,0.08228,-0.99683,-0.24927,1.03081,0.00518,0.00046,0
20515.364,0.08252,-0.99512,-0.24561,1.02829,0.00251,0.00045,0
20517.888,0.07886,-0.99902,-0.24170,1.03087,0.00257,0.00043,0
20520.386,0.07617,-0.99609,-0.23926,1.02725,0.00361,0.00044,0
20522.910,0.08423,-0.99731,-0.24658,1.03079,0.00354,0.00044,0
20525.411,0.08350,-0.99536,-0.23413,1.02593,0.00486,0.00046,0
20527.908,0.08203,-0.99536,-0.23999,1.02717,0.00124,0.00046,0
20530.407,0.07910,-0.99072,-0.24878,1.02454,0.00263,0.00046,0
20532.905,0.07739,-0.99341,-0.24194,1.02537,0.00083,0.00045,0
20535.390,0.08032,-0.99927,-0.24268,1.03145,0.00607,0.00045,0
20537.913,0.08545,-0.99487,-0.24097,1.02720,0.00425,0.00044,0
20540.405,0.07666,-0.99316,-0.23389,1.02321,0.00399,0.00044,0
20542.912,0.08252,-0.99365,-0.23950,1.02543,0.00223,0.00036,0
20545.408,0.08521,-0.99268,-0.24170,1.02522,0.00021,0.00035,0
20547.905,0.08105,-0.99902,-0.23511,1.02951,0.00429,0.00037,0
20550.410,0.08301,-0.99707,-0.24097,1.02913,0.00038,0.00034,0
20552.906,0.08276,-0.99731,-0.24268,1.02975,0.00062,0.00034,0
20555.402,0.07935,-0.99194,-0.24561,1.02497,0.00477,0.00035,0
20557.907,0.07593,-0.99438,-0.23828,1.02535,0.00038,0.00035,0
20560.405,0.08276,-0.99878,-0.24219,1.03105,0.00570,0.00035,0
20563.055,0.07471,-0.99438,-0.24243,1.02623,0.00482,0.00038,0
20565.607,0.07617,-0.99438,-0.24072,1.02594,0.00029,0.00037,0
20568.104,0.08398,-0.99731,-0.23022,1.02698,0.00104,0.00035,0
20570.603,0.08032,-0.99658,-0.23169,1.02631,0.00067,0.00035,0
20573.098,0.08008,-1.00342,-0.23901,1.03460,0.00829,0.00034,0
20575.593,0.08008,-0.99878,-0.23804,1.02987,0.00472,0.00034,0
20578.092,0.08008,-0.99536,-0.23584,1.02605,0.00382,0.00035,0
20580.588,0.07324,-0.99438,-0.23999,1.02555,0.00050,0.00034,0
20583.082,0.07593,-0.99780,-0.23608,1.02816,0.00261,0.00033,0
20585.623,0.08057,-0.99658,-0.24463,1.02933,0.00117,0.00032,0
20588.117,0.07837,-0.99634,-0.24194,1.02828,0.00104,0.00030,0
20590.614,0.07959,-0.99683,-0.23779,1.02788,0.00040,0.00030,0
20593.112,0.07349,-0.99731,-0.24292,1.02910,0.00122,0.00029,0
20595.608,0.07935,-0.99683,-0.23730,1.02775,0.00135,0.00029,0
20598.104,0.08057,-0.99585,-0.23779,1.02701,0.00074,0.00026,0
20600.611,0.08081,-0.99951,-0.24438,1.03212,0.00511,0.00027,0
20603.165,0.08423,-0.99854,-0.24585,1.03180,0.00032,0.00025,0
20605.725,0.07666,-0.99048,-0.24292,1.02271,0.00909,0.00033,0
20608.222,0.07715,-0.99194,-0.23853,1.02313,0.00042,0.00033,0
20610.722,0.08203,-0.99585,-0.24146,1.02798,0.00485,0.00033,0
20613.216,0.07983,-0.99976,-0.23682,1.03052,0.00254,0.00034,0
20615.713,0.08154,-0.99170,-0.24365,1.02444,0.00608,0.00038,0
20618.213,0.07715,-0.99292,-0.22998,1.02212,0.00232,0.00036,0
20620.714,0.08032,-0.99341,-0.23706,1.02446,0.00233,0.00036,0
20623.211,0.07568,-0.99463,-0.24487,1.02712,0.00267,0.00034,0
20625.760,0.07544,-0.99536,-0.24365,1.02752,0.00040,0.00031,0
20628.254,0.08228,-0.99829,-0.24805,1.03193,0.00441,0.00033,0
20630.753,0.07764,-0.99805,-0.23804,1.02897,0.00296,0.00034,0
20633.246,0.08228,-0.99854,-0.24365,1.03112,0.00215,0.00035,0
20635.742,0.07544,-1.00000,-0.23779,1.03065,0.00047,0.00028,0
20638.240,0.07690,-0.99902,-0.24170,1.03072,0.00007,0.00026,0
20640.735,0.07422,-0.99731,-0.24023,1.02852,0.00220,0.00025,0
20643.230,0.08203,-1.00049,-0.24072,1.03230,0.00378,0.00026,0
20646.035,0.08569,-0.99976,-0.24023,1.03178,0.00053,0.00025,0
20648.636,0.08008,-0.99585,-0.24658,1.02904,0.00273,0.00026,0
20651.390,0.08252,-1.00098,-0.23560,1.03163,0.00259,0.00026,0
20654.089,0.08057,-1.00049,-0.24512,1.03322,0.00159,0.00027,0
20656.616,0.07837,-1.00220,-0.24170,1.03390,0.00068,0.00027,0
20659.286,0.07617,-1.00073,-0.23413,1.03057,0.00333,0.00028,0
20662.066,0.07910,-0.99414,-0.23438,1.02445,0.00612,0.00031,0
20664.573,0.07788,-1.00171,-0.24268,1.03362,0.00917,0.00037,0
20667.079,0.07471,-0.99683,-0.23413,1.02667,0.00695,0.00042,0
20669.603,0.07837,-0.99658,-0.24365,1.02892,0.00225,0.00034,0
20672.147,0.07495,-0.99731,-0.23730,1.02789,0.00103,0.00034,0
20674.886,0.08545,-1.00146,-0.24268,1.03399,0.00609,0.00036,0
20677.405,0.08032,-0.99731,-0.24097,1.02915,0.00483,0.00037,0
20679.964,0.08130,-0.99414,-0.23975,1.02587,0.00328,0.00035,0
20682.497,0.07910,-0.99536,-0.23706,1.02625,0.00039,0.00034,0
20685.029,0.07812,-0.99805,-0.24292,1.03015,0.00390,0.00035,0
20687.546,0.07886,-1.00391,-0.24536,1.03646,0.00631,0.00038,0
20690.092,0.08008,-1.00146,-0.24365,1.03378,0.00267,0.00039,0
20692.640,0.07983,-0.99731,-0.23364,1.02742,0.00636,0.00041,0
20695.283,0.08228,-0.99658,-0.23706,1.02769,0.00026,0.00040,0
20698.108,0.08203,-0.99609,-0.23633,1.02703,0.00066,0.00040,0
20700.727,0.08691,-0.99316,-0.24463,1.02653,0.00049,0.00040,0
20703.318,0.08423,-0.99463,-0.23608,1.02573,0.00081,0.00040,0
20706.146,0.08008,-0.99707,-0.24243,1.02924,0.00351,0.00041,0
20708.669,0.07910,-0.99292,-0.24170,1.02497,0.00427,0.00041,0
20711.592,0.07495,-0.99731,-0.24146,1.02886,0.00389,0.00043,0
20714.565,0.07520,-0.99561,-0.23755,1.02631,0.00255,0.00042,0
20717.193,0.07568,-0.99854,-0.23730,1.02913,0.00282,0.00043,0
20719.878,0.07324,-1.00098,-0.23315,1.03038,0.00125,0.00042,0
20722.446,0.07910,-1.00000,-0.24756,1.03322,0.00284,0.00043,0
20725.499,0.07739,-0.99634,-0.24438,1.02879,0.00443,0.00044,0
20728.037,0.08203,-0.99780,-0.24365,1.03039,0.00160,0.00041,0
20730.556,0.08521,-0.99536,-0.23633,1.02657,0.00382,0.00034,0
20733.220,0.07788,-0.99951,-0.23999,1.03087,0.00429,0.00031,0
20735.730,0.07886,-1.00049,-0.24170,1.03229,0.00142,0.00030,0
20738.240,0.08154,-0.99609,-0.23535,1.02676,0.00552,0.00033,0
20740.765,0.08105,-0.99365,-0.24243,1.02601,0.00076,0.00030,0
20743.387,0.07471,-0.99976,-0.24170,1.03127,0.00526,0.00030,0
20745.930,0.08716,-0.99512,-0.24121,1.02764,0.00363,0.00030,0
20748.593,0.08643,-1.00122,-0.23730,1.03258,0.00495,0.00033,0
20750.875,0.08276,-1.00073,-0.24487,1.03358,0.00099,0.00031,0
20753.134,0.07764,-0.99902,-0.24927,1.03257,0.00100,0.00027,0
20755.527,0.08228,-0.99414,-0.24463,1.02710,0.00548,0.00030,0
20757.840,0.08276,-0.99878,-0.24707,1.03221,0.00511,0.00028,0
20760.095,0.08057,-0.99658,-0.24268,1.02886,0.00335,0.00029,0
20762.352,0.07959,-1.00293,-0.24170,1.03471,0.00585,0.00033,0
20764.604,0.08228,-0.99658,-0.23828,1.02797,0.00674,0.00037,0
20766.854,0.07959,-0.99707,-0.24146,1.02897,0.00100,0.00037,0
20769.109,0.08130,-0.99365,-0.24121,1.02574,0.00323,0.00037,0
20771.365,0.07812,-0.99585,-0.24951,1.02960,0.00386,0.00037,0
20773.877,0.08130,-0.99902,-0.24268,1.03129,0.00169,0.00036,0
20776.124,0.07690,-0.99365,-0.24341,1.02592,0.00537,0.00038,0
20778.372,0.08032,-0.98901,-0.22754,1.01802,0.00789,0.00043,0
20780.716,0.07642,-0.99146,-0.23340,1.02142,0.00339,0.00044,0
20783.020,0.08472,-0.99292,-0.24561,1.02635,0.00493,0.00046,0
20785.265,0.07202,-0.99731,-0.24194,1.02877,0.00242,0.00044,0
20787.521,0.08398,-1.00171,-0.23999,1.03347,0.00471,0.00046,0
20789.929,0.08447,-0.99585,-0.23779,1.02733,0.00615,0.00049,0
20792.179,0.08105,-0.99121,-0.23560,1.02204,0.00528,0.00050,0
20794.427,0.08301,-1.00171,-0.24097,1.03362,0.01158,0.00063,0
20796.702,0.08105,-0.99121,-0.24365,1.02393,0.00969,0.00069,0
20799.011,0.08521,-1.00171,-0.24121,1.03386,0.00993,0.00079,0
20801.259,0.07861,-0.99658,-0.22656,1.02503,0.00883,0.00084,0
20803.547,0.08081,-0.99414,-0.24097,1.02611,0.00108,0.00083,0
20805.988,0.07812,-0.99976,-0.23853,1.03078,0.00467,0.00083,0
20808.339,0.08521,-0.99878,-0.24219,1.03125,0.00047,0.00083,0
20810.587,0.07959,-0.99756,-0.24365,1.02996,0.00129,0.00083,0
20812.835,0.07568,-0.99658,-0.25073,1.03042,0.00046,0.00080,0
20815.134,0.07690,-1.00415,-0.25269,1.03831,0.00788,0.00083,0
20817.620,0.07349,-0.99487,-0.24072,1.02622,0.01209,0.00097,0
20819.883,0.07886,-0.99561,-0.24341,1.02796,0.00174,0.00094,0
20822.278,0.08350,-1.00220,-0.24219,1.03442,0.00646,0.00093,0
20824.656,0.07910,-0.99878,-0.23657,1.02946,0.00496,0.00096,0
20826.907,0.07446,-1.00000,-0.24194,1.03154,0.00209,0.00095,0
20829.162,0.07715,-0.99487,-0.24927,1.02852,0.00302,0.00094,0
20831.558,0.08252,-0.99194,-0.24341,1.02470,0.00382,0.00096,0
20834.011,0.08105,-1.00049,-0.24170,1.03246,0.00776,0.00099,0
20836.364,0.08276,-0.99731,-0.24512,1.03032,0.00213,0.00093,0
20838.620,0.07617,-0.99829,-0.24829,1.03152,0.00120,0.00092,0
20840.875,0.07690,-1.00024,-0.24365,1.03236,0.00084,0.00090,0
20843.170,0.08447,-0.99805,-0.23242,1.02823,0.00413,0.00091,0
20845.424,0.07666,-0.99365,-0.24048,1.02521,0.00302,0.00089,0
20847.681,0.07910,-0.99438,-0.23804,1.02553,0.00033,0.00086,0
20850.044,0.08252,-0.99756,-0.23486,1.02815,0.00262,0.00084,0
20852.390,0.07544,-0.99951,-0.23682,1.02995,0.00180,0.00070,0
20854.742,0.07983,-0.99219,-0.24731,1.02566,0.00429,0.00063,0
20856.996,0.07959,-1.00098,-0.24365,1.03327,0.00762,0.00059,0
20859.251,0.08105,-1.00000,-0.23706,1.03091,0.00237,0.00052,0
20861.629,0.07593,-0.99780,-0.23730,1.02844,0.00247,0.00052,0
20863.884,0.08228,-1.00073,-0.23633,1.03155,0.00311,0.00051,0
20866.284,0.07959,-0.99707,-0.23730,1.02801,0.00354,0.00052,0
20868.586,0.07642,-0.99023,-0.24536,1.02304,0.00497,0.00054,0
20870.846,0.07593,-1.00024,-0.23975,1.03137,0.00834,0.00061,0
20873.098,0.07959,-0.99194,-0.23828,1.02326,0.00811,0.00062,0
20875.354,0.08032,-0.99658,-0.24048,1.02833,0.00507,0.00050,0
20877.628,0.08057,-0.99707,-0.24512,1.02991,0.00159,0.00050,0
20879.883,0.07910,-0.99292,-0.23535,1.02349,0.00642,0.00050,0
20882.166,0.08081,-0.99731,-0.24780,1.03081,0.00732,0.00052,0
20884.646,0.07739,-0.99316,-0.23755,1.02411,0.00671,0.00057,0
20887.157,0.07861,-0.99072,-0.24243,1.02298,0.00113,0.00056,0
20889.411,0.08057,-1.00244,-0.24170,1.03431,0.01133,0.00067,0
20891.667,0.07764,-0.99609,-0.24097,1.02776,0.00655,0.00065,0
20894.046,0.08130,-1.00220,-0.23291,1.03211,0.00435,0.00067,0
20896.404,0.07886,-0.99707,-0.24048,1.02869,0.00343,0.00068,0
20898.944,0.08154,-0.99707,-0.24146,1.02913,0.00044,0.00068,0
20901.198,0.08008,-0.99097,-0.23901,1.02252,0.00660,0.00070,0
20903.453,0.07910,-0.99561,-0.24341,1.02798,0.00545,0.00073,0
20905.979,0.07764,-0.99829,-0.23877,1.02938,0.00140,0.00073,0
20908.233,0.07886,-0.99805,-0.24854,1.03155,0.00217,0.00072,0
20910.488,0.08350,-0.99438,-0.24121,1.02662,0.00492,0.00075,0
20912.751,0.07739,-0.99146,-0.23608,1.02211,0.00451,0.00075,0
20915.066,0.07642,-0.99731,-0.23877,1.02834,0.00623,0.00073,0
20917.319,0.08374,-0.99780,-0.24390,1.03059,0.00224,0.00073,0
20919.761,0.07788,-0.99585,-0.24561,1.02864,0.00194,0.00073,0
20922.098,0.08252,-0.99805,-0.24023,1.02986,0.00122,0.00072,0
20924.698,0.07690,-0.99463,-0.24219,1.02657,0.00329,0.00072,0
20926.964,0.07397,-0.99780,-0.23682,1.02819,0.00161,0.00069,0
20929.218,0.07520,-0.99951,-0.24878,1.03275,0.00456,0.00065,0
20931.610,0.08203,-0.99512,-0.24487,1.02808,0.00467,0.00060,0
20934.062,0.07910,-0.99438,-0.24365,1.02685,0.00123,0.00058,0
20936.417,0.07056,-0.99219,-0.24365,1.02410,0.00275,0.00058,0
20938.678,0.07812,-0.99829,-0.23926,1.02953,0.00543,0.00057,0
20940.932,0.08105,-0.99585,-0.23999,1.02756,0.00197,0.00052,0
20943.218,0.07666,-0.99536,-0.24731,1.02849,0.00093,0.00048,0
20945.497,0.08276,-0.99536,-0.23438,1.02593,0.00256,0.00048,0
20947.755,0.07715,-0.99683,-0.23560,1.02719,0.00126,0.00035,0
20950.093,0.07886,-0.99585,-0.24243,1.02796,0.00077,0.00031,0
20952.440,0.07520,-0.99854,-0.23560,1.02870,0.00074,0.00029,0
20954.791,0.07837,-0.99976,-0.23364,1.02968,0.00098,0.00028,0
20957.044,0.07715,-1.00073,-0.24219,1.03251,0.00283,0.00029,0
20959.300,0.07837,-0.99731,-0.23682,1.02804,0.00447,0.00027,0
20961.681,0.07983,-1.00122,-0.22974,1.03034,0.00230,0.00024,0
20963.938,0.08398,-0.99243,-0.23511,1.02335,0.00699,0.00029,0
20966.336,0.07861,-0.99365,-0.23193,1.02339,0.00003,0.00029,0
20968.634,0.07910,-0.99585,-0.23511,1.02628,0.00289,0.00027,0
20970.892,0.07812,-0.99609,-0.24048,1.02768,0.00141,0.00025,0
20973.145,0.07715,-0.99854,-0.24268,1.03049,0.00281,0.00022,0
20975.400,0.07642,-0.99536,-0.24316,1.02748,0.00301,0.00022,0
20977.676,0.08496,-0.99072,-0.24097,1.02314,0.00434,0.00024,0
20979.930,0.07959,-0.99585,-0.23755,1.02688,0.00374,0.00025,0
20982.215,0.08374,-0.99854,-0.24048,1.03049,0.00361,0.00025,0
20984.690,0.07959,-0.99609,-0.24561,1.02901,0.00148,0.00025,0
20986.951,0.07739,-0.99634,-0.24463,1.02885,0.00016,0.00023,0
20989.205,0.07935,-0.99146,-0.24243,1.02374,0.00510,0.00024,0
20991.461,0.07690,-0.99463,-0.23853,1.02572,0.00197,0.00024,0
20993.718,0.08350,-0.99487,-0.23413,1.02546,0.00026,0.00023,0
20995.972,0.08496,-0.99805,-0.23877,1.02972,0.00427,0.00022,0
20998.425,0.08521,-0.99927,-0.24487,1.03236,0.00263,0.00022,0
21000.771,0.07593,-0.99829,-0.23804,1.02908,0.00327,0.00023,0
21003.029,0.08154,-0.99731,-0.24585,1.03040,0.00132,0.00023,0
21005.281,0.07544,-1.00220,-0.24414,1.03426,0.00386,0.00024,0
21007.645,0.08154,-0.99341,-0.24170,1.02564,0.00863,0.00032,0
21010.262,0.07935,-0.99731,-0.24292,1.02953,0.00390,0.00033,0
21012.739,0.07959,-1.00171,-0.24585,1.03450,0.00497,0.00035,0
21014.998,0.07593,-0.99976,-0.24658,1.03251,0.00199,0.00035,0
21017.250,0.07910,-0.99805,-0.23706,1.02886,0.00365,0.00034,0
21019.666,0.07349,-0.99976,-0.23975,1.03072,0.00186,0.00034,0
21022.152,0.07666,-0.99658,-0.24707,1.02961,0.00111,0.00029,0
21024.740,0.07642,-0.99756,-0.24268,1.02949,0.00012,0.00029,0
21026.998,0.08032,-0.99805,-0.23633,1.02879,0.00071,0.00029,0
21029.253,0.07812,-0.99512,-0.24536,1.02789,0.00089,0.00029,0
21031.507,0.07495,-0.99805,-0.23926,1.02906,0.00116,0.00028,0
21033.763,0.07715,-0.99487,-0.24390,1.02723,0.00182,0.00027,0
21036.017,0.07397,-0.99805,-0.24390,1.03008,0.00284,0.00026,0
21038.308,0.08154,-0.99487,-0.24194,1.02711,0.00296,0.00026,0
21040.565,0.07886,-1.00244,-0.24365,1.03464,0.00753,0.00030,0
21042.992,0.07495,-0.99341,-0.24976,1.02706,0.00758,0.00036,0
21045.261,0.08398,-1.00073,-0.24146,1.03287,0.00581,0.00039,0
21047.531,0.08569,-0.99585,-0.23389,1.02653,0.00634,0.00040,0
21049.786,0.08057,-0.98975,-0.23755,1.02104,0.00549,0.00043,0
21052.042,0.08252,-1.00098,-0.24658,1.03420,0.01316,0.00060,0
21054.302,0.08350,-0.99902,-0.24121,1.03112,0.00308,0.00059,0
21056.553,0.07544,-0.99658,-0.23877,1.02756,0.00356,0.00060,0
21058.808,0.07397,-0.99683,-0.24390,1.02889,0.00133,0.00059,0
21061.058,0.08325,-0.98999,-0.24219,1.02258,0.00631,0.00063,0
21063.309,0.08105,-0.99487,-0.23730,1.02599,0.00341,0.00063,0
21065.568,0.08203,-0.99438,-0.24146,1.02656,0.00057,0.00055,0
21067.821,0.08154,-0.99512,-0.23608,1.02598,0.00058,0.00054,0
21070.075,0.08447,-0.99805,-0.24780,1.03181,0.00583,0.00055,0
21072.331,0.07227,-0.99292,-0.23779,1.02355,0.00826,0.00061,0
21074.587,0.07788,-0.99219,-0.23608,1.02286,0.00069,0.00060,0
21076.848,0.08228,-0.99805,-0.24438,1.03082,0.00796,0.00066,0
21079.103,0.08105,-0.99561,-0.23340,1.02580,0.00502,0.00068,0
21081.352,0.08350,-0.99902,-0.24072,1.03100,0.00520,0.00071,0
21083.605,0.08130,-0.99585,-0.23975,1.02752,0.00348,0.00072,0
21085.862,0.08057,-0.99438,-0.24634,1.02761,0.00008,0.00072,0
21088.112,0.08228,-0.99438,-0.23975,1.02618,0.00142,0.00072,0
21090.377,0.07642,-0.99536,-0.24292,1.02742,0.00124,0.00072,0
21092.635,0.08105,-0.99731,-0.23462,1.02774,0.00032,0.00071,0
21094.891,0.07495,-0.99683,-0.24146,1.02839,0.00065,0.00070,0
21097.143,0.07324,-0.99585,-0.23950,1.02686,0.00153,0.00065,0
21099.399,0.07959,-1.00342,-0.23657,1.03400,0.00714,0.00064,0
21101.652,0.07642,-0.99512,-0.24414,1.02747,0.00652,0.00065,0
21103.940,0.08130,-0.99976,-0.24487,1.03251,0.00504,0.00064,0
21106.193,0.07837,-0.99731,-0.23901,1.02855,0.00397,0.00062,0
21108.456,0.07764,-1.00024,-0.24292,1.03224,0.00370,0.00046,0
21110.712,0.07812,-0.99316,-0.24463,1.02583,0.00642,0.00049,0
21112.963,0.08569,-0.99756,-0.24902,1.03174,0.00591,0.00052,0
21115.226,0.07788,-0.99805,-0.23804,1.02899,0.00274,0.00052,0
21117.480,0.08130,-0.99463,-0.23926,1.02623,0.00277,0.00049,0
21119.741,0.07349,-1.00000,-0.25391,1.03434,0.00812,0.00054,0
21122.020,0.07715,-0.99658,-0.23926,1.02780,0.00654,0.00059,0
21124.274,0.07959,-0.99487,-0.24731,1.02824,0.00044,0.00059,0
21126.526,0.07715,-0.99341,-0.24146,1.02524,0.00300,0.00056,0
21128.847,0.07861,-0.99463,-0.24536,1.02746,0.00222,0.00050,0
21131.121,0.08032,-1.00049,-0.24121,1.03228,0.00483,0.00052,0
21133.437,0.07837,-1.00366,-0.24121,1.03521,0.00293,0.00046,0
21135.827,0.07593,-0.99512,-0.24219,1.02698,0.00824,0.00051,0
21138.185,0.08325,-0.99512,-0.24414,1.02800,0.00103,0.00048,0
21140.639,0.07935,-1.00024,-0.24316,1.03243,0.00443,0.00049,0
21142.895,0.07886,-0.99585,-0.24585,1.02877,0.00366,0.00050,0
21145.148,0.08105,-0.99048,-0.23633,1.02150,0.00727,0.00055,0
21147.474,0.07788,-0.99487,-0.23950,1.02625,0.00475,0.00057,0
21149.874,0.08203,-0.99512,-0.23901,1.02670,0.00045,0.00057,0
21152.380,0.07446,-0.99414,-0.24463,1.02650,0.00020,0.00057,0
21154.882,0.08203,-0.98828,-0.23682,1.01956,0.00694,0.00062,0
21157.379,0.07349,-0.99683,-0.24561,1.02926,0.00970,0.00066,0
21159.876,0.07886,-1.00098,-0.24487,1.03351,0.00424,0.00064,0
21162.374,0.07861,-0.99170,-0.24414,1.02433,0.00918,0.00070,0
21164.874,0.08423,-0.99341,-0.23804,1.02500,0.00067,0.00068,0
21167.371,0.07812,-1.00098,-0.23853,1.03197,0.00697,0.00072,0
21169.868,0.08936,-0.99683,-0.24048,1.02931,0.00266,0.00068,0
21172.367,0.08350,-0.99292,-0.24341,1.02572,0.00359,0.00066,0
21174.872,0.08374,-0.99927,-0.23877,1.03080,0.00508,0.00068,0
21177.363,0.07642,-0.99658,-0.24438,1.02895,0.00185,0.00067,0
21179.866,0.07837,-0.99463,-0.24268,1.02680,0.00215,0.00061,0
21182.369,0.08350,-1.00024,-0.23804,1.03156,0.00476,0.00059,0
21184.866,0.07666,-0.99951,-0.22998,1.02849,0.00307,0.00060,0
21187.366,0.07886,-0.99854,-0.24023,1.03005,0.00156,0.00060,0
21189.835,0.07788,-0.99780,-0.23999,1.02921,0.00084,0.00059,0
21192.330,0.07959,-0.99878,-0.23169,1.02838,0.00082,0.00057,0
21194.829,0.08252,-0.99292,-0.23853,1.02450,0.00389,0.00058,0
21197.439,0.08179,-0.99927,-0.24365,1.03179,0.00729,0.00056,0
21199.935,0.08301,-0.98901,-0.23853,1.02075,0.01104,0.00068,0
21202.435,0.08130,-0.99658,-0.23901,1.02806,0.00731,0.00072,0
21204.905,0.08252,-0.99854,-0.24146,1.03062,0.00256,0.00071,0
21207.453,0.07593,-0.99829,-0.23584,1.02858,0.00205,0.00066,0
21209.951,0.07812,-0.99536,-0.23755,1.02629,0.00228,0.00064,0
21212.436,0.08105,-0.99146,-0.24854,1.02534,0.00095,0.00064,0
21214.935,0.07886,-0.99512,-0.23584,1.02572,0.00038,0.00064,0
21217.435,0.08057,-0.99658,-0.23584,1.02727,0.00155,0.00060,0
21219.943,0.07886,-0.99805,-0.24048,1.02963,0.00236,0.00051,0
21222.440,0.07861,-0.99780,-0.24316,1.03001,0.00038,0.00049,0
21224.943,0.08008,-0.99365,-0.23926,1.02518,0.00483,0.00043,0
21227.480,0.07886,-0.99951,-0.24512,1.03215,0.00696,0.00048,0
21230.040,0.07300,-0.99487,-0.23950,1.02590,0.00625,0.00047,0
21232.565,0.08618,-0.99438,-0.24146,1.02690,0.00101,0.00046,0
21235.064,0.07935,-0.99683,-0.24292,1.02906,0.00216,0.00046,0
21237.557,0.07886,-0.99609,-0.24292,1.02831,0.00075,0.00043,0
21240.053,0.07959,-0.99292,-0.23755,1.02404,0.00428,0.00044,0
21242.533,0.08154,-1.00146,-0.24902,1.03518,0.01114,0.00056,0
21245.027,0.08105,-0.99634,-0.24292,1.02872,0.00646,0.00058,0
21247.546,0.08325,-0.99561,-0.23706,1.02682,0.00190,0.00058,0
21250.051,0.07642,-0.99756,-0.25586,1.03268,0.00586,0.00061,0
21252.551,0.07397,-0.99365,-0.24927,1.02711,0.00557,0.00064,0
21255.055,0.08154,-0.99219,-0.23242,1.02230,0.00480,0.00066,0
21257.556,0.07983,-0.99146,-0.24463,1.02430,0.00200,0.00065,0
21260.053,0.07666,-1.00537,-0.23828,1.03606,0.01176,0.00074,0
21262.552,0.08057,-1.00073,-0.23999,1.03226,0.00381,0.00063,0
21265.059,0.07788,-0.99731,-0.24658,1.03029,0.00196,0.00058,0
21267.554,0.08398,-0.99756,-0.24463,1.03054,0.00025,0.00057,0
21270.084,0.07568,-0.99536,-0.23120,1.02466,0.00588,0.00060,0
21272.614,0.07495,-0.99878,-0.24976,1.03226,0.00760,0.00066,0
21275.111,0.07812,-0.99463,-0.24536,1.02742,0.00484,0.00068,0
21277.609,0.07886,-0.99316,-0.24023,1.02484,0.00258,0.00068,0
21280.119,0.07837,-0.99097,-0.24463,1.02372,0.00113,0.00068,0
21282.614,0.08154,-1.00073,-0.23755,1.03177,0.00805,0.00074,0
21285.113,0.07642,-0.99414,-0.24243,1.02612,0.00564,0.00077,0
21287.616,0.07959,-0.99463,-0.24829,1.02824,0.00211,0.00076,0
21290.113,0.07886,-0.99438,-0.24170,1.02637,0.00186,0.00071,0
21292.610,0.07837,-0.99731,-0.24390,1.02969,0.00332,0.00068,0
21295.117,0.07959,-0.99951,-0.25195,1.03385,0.00416,0.00070,0
21297.611,0.08154,-0.99731,-0.24390,1.02994,0.00391,0.00071,0
21300.108,0.07959,-0.99829,-0.23779,1.02930,0.00063,0.00071,0
21302.616,0.08252,-0.99634,-0.24194,1.02861,0.00069,0.00069,0
21305.115,0.08008,-0.99292,-0.24170,1.02505,0.00356,0.00058,0
21307.614,0.08252,-0.99463,-0.24243,1.02707,0.00202,0.00054,0
21310.116,0.08203,-0.99780,-0.24731,1.03126,0.00419,0.00056,0
21312.658,0.08350,-0.99536,-0.24048,1.02740,0.00387,0.00054,0
21315.191,0.07983,-0.99121,-0.23901,1.02274,0.00466,0.00053,0
21317.712,0.08569,-0.99829,-0.24390,1.03122,0.00848,0.00058,0
21320.268,0.08276,-0.99854,-0.24927,1.03250,0.00128,0.00057,0
21322.851,0.07568,-1.00122,-0.23828,1.03196,0.00054,0.00044,0
21325.350,0.07788,-1.00171,-0.24316,1.03374,0.00177,0.00042,0
21327.319,0.07471,-0.99365,-0.24072,1.02512,0.00862,0.00049,0
21328.821,0.08008,-0.99609,-0.23926,1.02755,0.00243,0.00050,0
21330.320,0.08057,-0.99536,-0.23950,1.02694,0.00061,0.00047,0
21331.820,0.07788,-0.99512,-0.24097,1.02683,0.00010,0.00041,0
21333.314,0.07715,-0.99609,-0.24414,1.02847,0.00164,0.00039,0
21334.820,0.07227,-0.99292,-0.23926,1.02389,0.00458,0.00040,0
21336.310,0.07837,-1.00024,-0.24976,1.03393,0.01004,0.00050,0
21337.802,0.08105,-0.99146,-0.24048,1.02342,0.01051,0.00055,0
21339.304,0.08154,-0.99365,-0.23975,1.02541,0.00200,0.00052,0
21340.804,0.08350,-0.99658,-0.24951,1.03073,0.00532,0.00054,0
21343.303,0.08105,-0.99414,-0.23730,1.02528,0.00545,0.00057,0
21345.801,0.07471,-0.99463,-0.23706,1.02521,0.00007,0.00056,0
21348.298,0.07910,-0.99463,-0.24072,1.02640,0.00118,0.00054,0
21350.803,0.07812,-0.99609,-0.23730,1.02695,0.00055,0.00053,0
21353.175,0.07886,-1.00146,-0.24048,1.03295,0.00600,0.00056,0
21355.432,0.07837,-0.99463,-0.23169,1.02426,0.00869,0.00064,0
21357.688,0.07642,-0.99854,-0.23901,1.02958,0.00532,0.00065,0
21359.942,0.08081,-0.99219,-0.24487,1.02515,0.00443,0.00067,0
21362.208,0.08081,-0.99512,-0.24561,1.02816,0.00301,0.00066,0
21364.465,0.07764,-0.99390,-0.24170,1.02581,0.00235,0.00065,0
21366.726,0.07983,-0.99805,-0.23755,1.02903,0.00322,0.00064,0
21368.975,0.08350,-0.99316,-0.24390,1.02608,0.00295,0.00058,0
21371.229,0.08057,-1.00220,-0.24243,1.03425,0.00817,0.00064,0
21373.478,0.07397,-0.99780,-0.24365,1.02978,0.00446,0.00066,0
21375.730,0.07910,-0.99585,-0.23730,1.02678,0.00300,0.00067,0
21377.981,0.07837,-0.99683,-0.24097,1.02853,0.00174,0.00060,0
21380.233,0.08398,-1.00122,-0.24561,1.03432,0.00579,0.00062,0
21382.486,0.08472,-0.98999,-0.24048,1.02230,0.01202,0.00077,0
21384.750,0.07910,-0.99634,-0.23999,1.02788,0.00559,0.00080,0
21387.010,0.07983,-0.99683,-0.23608,1.02751,0.00037,0.00080,0
21389.263,0.08032,-0.99365,-0.24707,1.02705,0.00045,0.00078,0
21391.517,0.08374,-0.99487,-0.24414,1.02781,0.00075,0.00068,0
21393.820,0.07886,-0.99463,-0.24121,1.02649,0.00132,0.00057,0
21396.072,0.08130,-0.99609,-0.23975,1.02776,0.00127,0.00057,0
21398.327,0.08008,-0.99805,-0.24194,1.03007,0.00231,0.00054,0
21400.618,0.07275,-0.99463,-0.24536,1.02703,0.00305,0.00052,0
21402.874,0.07495,-0.99316,-0.24390,1.02542,0.00161,0.00052,0
21405.137,0.07397,-0.99561,-0.24341,1.02759,0.00218,0.00053,0
21407.392,0.08105,-1.00146,-0.24609,1.03444,0.00684,0.00057,0
21409.645,0.08252,-0.99463,-0.24268,1.02713,0.00731,0.00059,0
21411.935,0.08350,-1.00293,-0.23096,1.03256,0.00543,0.00055,0
21414.158,0.08203,-0.99780,-0.23755,1.02896,0.00360,0.00053,0
21416.413,0.08057,-0.99268,-0.23804,1.02399,0.00497,0.00054,0
21418.668,0.08130,-0.99634,-0.23877,1.02777,0.00378,0.00054,0
21420.923,0.07959,-0.99170,-0.24097,1.02365,0.00412,0.00055,0
21423.197,0.08057,-0.99609,-0.24634,1.02926,0.00561,0.00057,0
21425.448,0.08008,-0.99902,-0.23853,1.03022,0.00096,0.00057,0
21427.710,0.07715,-0.99805,-0.23291,1.02776,0.00246,0.00050,0
21429.958,0.07739,-0.99585,-0.23706,1.02660,0.00116,0.00049,0
21432.211,0.08105,-0.99585,-0.24561,1.02889,0.00229,0.00048,0
21434.471,0.07812,-0.99683,-0.24243,1.02885,0.00003,0.00048,0
21436.738,0.07739,-0.99878,-0.24219,1.03063,0.00178,0.00045,0
21438.994,0.08057,-0.99634,-0.24658,1.02955,0.00108,0.00031,0
21441.244,0.08252,-0.99634,-0.24243,1.02872,0.00083,0.00027,0
21443.497,0.08398,-0.99487,-0.23975,1.02679,0.00193,0.00028,0
21445.756,0.08105,-0.99634,-0.24072,1.02821,0.00141,0.00028,0
21448.012,0.07373,-0.99805,-0.24438,1.03017,0.00197,0.00028,0
21450.304,0.08496,-0.99585,-0.23999,1.02788,0.00230,0.00029,0
21452.808,0.07886,-0.99414,-0.23926,1.02556,0.00231,0.00029,0
21455.360,0.07983,-0.99365,-0.24414,1.02632,0.00075,0.00029,0
21457.860,0.07666,-0.99658,-0.24683,1.02955,0.00324,0.00029,0
21460.356,0.07715,-1.00659,-0.24048,1.03779,0.00824,0.00035,0
21462.857,0.07983,-1.00073,-0.24585,1.03358,0.00421,0.00037,0
21465.350,0.07056,-0.99902,-0.23877,1.02958,0.00400,0.00033,0
21467.847,0.08325,-1.00024,-0.23999,1.03200,0.00241,0.00029,0
21470.344,0.08228,-1.00439,-0.23999,1.03594,0.00395,0.00027,0
21472.844,0.08691,-0.99829,-0.24048,1.03052,0.00542,0.00029,0
21475.342,0.08179,-0.99805,-0.24365,1.03061,0.00009,0.00026,0
21477.820,0.07617,-0.99780,-0.24780,1.03093,0.00032,0.00025,0
21480.315,0.07788,-1.00073,-0.24902,1.03419,0.00326,0.00024,0
21482.816,0.07983,-1.00073,-0.24243,1.03277,0.00142,0.00021,0
21485.325,0.08179,-0.99951,-0.23877,1.03088,0.00188,0.00022,0
21487.822,0.07617,-0.99756,-0.24097,1.02907,0.00181,0.00021,0
21490.326,0.08081,-0.99756,-0.24146,1.02954,0.00047,0.00021,0
21492.833,0.07959,-0.99927,-0.23315,1.02919,0.00035,0.00021,0
21495.382,0.07788,-0.99463,-0.23779,1.02562,0.00357,0.00022,0
21497.913,0.07959,-0.99683,-0.24414,1.02937,0.00375,0.00023,0
21500.424,0.08643,-1.00024,-0.24170,1.03265,0.00329,0.00024,0
21502.938,0.07422,-0.99414,-0.23975,1.02533,0.00732,0.00029,0
21505.445,0.08105,-0.99683,-0.23901,1.02828,0.00295,0.00030,0
21508.067,0.08179,-0.99121,-0.23999,1.02312,0.00516,0.00032,0
21510.564,0.08057,-0.99951,-0.24756,1.03286,0.00974,0.00042,0
21513.066,0.07422,-0.99316,-0.23242,1.02269,0.01017,0.00051,0
21515.604,0.08154,-0.99585,-0.24805,1.02951,0.00682,0.00055,0
21518.159,0.08325,-0.99829,-0.24292,1.03079,0.00128,0.00056,0
21520.658,0.07861,-1.00122,-0.23804,1.03213,0.00134,0.00055,0
21523.131,0.07690,-0.99902,-0.24487,1.03147,0.00066,0.00048,0
21525.627,0.08350,-0.99780,-0.23340,1.02813,0.00333,0.00047,0
21528.127,0.07812,-0.99463,-0.24463,1.02725,0.00089,0.00046,0
21530.631,0.08374,-0.98950,-0.24854,1.02367,0.00358,0.00046,0
21533.162,0.07715,-0.99316,-0.24268,1.02529,0.00162,0.00045,0
21535.662,0.08032,-0.99414,-0.25000,1.02823,0.00295,0.00043,0
21538.208,0.07837,-0.99585,-0.23975,1.02730,0.00094,0.00043,0
21540.702,0.07959,-1.00000,-0.24048,1.03158,0.00429,0.00045,0
21543.201,0.08081,-0.99878,-0.24097,1.03061,0.00097,0.00044,0
21545.706,0.08032,-0.99536,-0.24243,1.02760,0.00301,0.00045,0
21548.203,0.08105,-1.00000,-0.23901,1.03136,0.00375,0.00046,0
21550.679,0.07910,-0.99536,-0.25269,1.02998,0.00138,0.00046,0
21552.953,0.08008,-0.99048,-0.23560,1.02126,0.00872,0.00053,0
21555.212,0.08057,-0.99707,-0.23950,1.02859,0.00734,0.00059,0
21557.463,0.07568,-0.99561,-0.24658,1.02848,0.00012,0.00057,0
21559.716,0.08374,-0.99829,-0.24292,1.03083,0.00235,0.00056,0
21561.969,0.08081,-0.99707,-0.24146,1.02907,0.00176,0.00056,0
21564.220,0.07812,-0.99609,-0.24121,1.02786,0.00121,0.00050,0
21566.475,0.07861,-0.99927,-0.23804,1.03023,0.00238,0.00050,0
21568.730,0.07959,-0.99390,-0.24072,1.02573,0.00451,0.00050,0
21570.988,0.08569,-0.99536,-0.24146,1.02781,0.00208,0.00041,0
21573.247,0.08105,-0.99878,-0.23975,1.03034,0.00254,0.00031,0
21575.507,0.07837,-0.99536,-0.23901,1.02665,0.00369,0.00028,0
21577.760,0.08472,-0.99683,-0.24976,1.03112,0.00447,0.00029,0
21580.018,0.07617,-0.98682,-0.23682,1.01769,0.01344,0.00047,0
21582.270,0.07837,-0.99976,-0.23706,1.03046,0.01277,0.00064,0
21584.524,0.07935,-1.00073,-0.24316,1.03290,0.00244,0.00063,0
21586.775,0.08228,-0.99902,-0.24219,1.03125,0.00166,0.00063,0
21589.039,0.08057,-0.99658,-0.24487,1.02938,0.00186,0.00062,0
21591.294,0.08301,-1.00073,-0.24121,1.03273,0.00335,0.00063,0
21593.548,0.07959,-0.99585,-0.23682,1.02671,0.00602,0.00066,0
21595.801,0.07861,-0.99561,-0.23901,1.02691,0.00020,0.00066,0
21598.061,0.07593,-0.99463,-0.22998,1.02369,0.00322,0.00065,0
21600.337,0.07910,-0.99683,-0.23853,1.02801,0.00432,0.00067,0
21602.597,0.08203,-0.98950,-0.23999,1.02149,0.00653,0.00070,0
21604.850,0.08276,-0.99658,-0.23926,1.02824,0.00675,0.00073,0
21607.121,0.08081,-0.99976,-0.24097,1.03156,0.00332,0.00074,0
21609.371,0.08105,-0.99683,-0.24243,1.02908,0.00248,0.00067,0
21611.627,0.08203,-0.99805,-0.24341,1.03057,0.00149,0.00062,0
21613.882,0.08130,-0.99756,-0.23169,1.02733,0.00324,0.00063,0
21616.135,0.07935,-0.99683,-0.24268,1.02900,0.00167,0.00063,0
21618.395,0.07520,-0.99316,-0.24243,1.02509,0.00392,0.00064,0
21620.697,0.07935,-1.00098,-0.23950,1.03228,0.00720,0.00069,0
21622.956,0.08252,-1.00024,-0.24463,1.03303,0.00074,0.00069,0
21625.206,0.08252,-0.99438,-0.23975,1.02620,0.00682,0.00071,0
21627.488,0.07397,-0.99829,-0.23950,1.02928,0.00308,0.00072,0
21629.742,0.07788,-0.99585,-0.24292,1.02800,0.00128,0.00071,0
21631.993,0.07812,-0.99780,-0.23682,1.02849,0.00049,0.00070,0
21634.256,0.08447,-0.99219,-0.24731,1.02603,0.00246,0.00068,0
21636.510,0.07764,-0.99561,-0.24048,1.02717,0.00115,0.00051,0
21638.772,0.07642,-0.99146,-0.22827,1.02026,0.00691,0.00039,0
21641.040,0.07837,-0.99512,-0.23706,1.02596,0.00570,0.00042,0
21643.293,0.08252,-0.99902,-0.24731,1.03248,0.00652,0.00046,0
21645.542,0.08130,-1.00122,-0.24121,1.03307,0.00059,0.00045,0
21647.796,0.07520,-0.99756,-0.23926,1.02860,0.00447,0.00046,0
21650.049,0.08105,-1.00269,-0.24316,1.03493,0.00633,0.00047,0
21652.547,0.08203,-0.99756,-0.23584,1.02833,0.00659,0.00051,0
21655.051,0.08057,-1.00220,-0.23999,1.03368,0.00534,0.00053,0
21657.551,0.08130,-0.99390,-0.24097,1.02592,0.00776,0.00057,0
21660.050,0.08276,-1.00293,-0.23779,1.03405,0.00814,0.00059,0
21662.674,0.08350,-0.99829,-0.24976,1.03244,0.00161,0.00055,0
21665.172,0.07861,-0.99780,-0.23926,1.02909,0.00335,0.00055,0
21667.704,0.07910,-0.99829,-0.23975,1.02972,0.00062,0.00054,0
21670.206,0.07959,-0.99951,-0.24341,1.03180,0.00208,0.00055,0
21672.730,0.08228,-0.99854,-0.24365,1.03112,0.00068,0.00054,0
21675.227,0.08350,-0.99341,-0.24707,1.02707,0.00405,0.00055,0
21677.740,0.08594,-0.99341,-0.24292,1.02628,0.00079,0.00054,0
21680.237,0.07886,-0.99536,-0.24756,1.02871,0.00243,0.00049,0
21682.738,0.08105,-1.00000,-0.23389,1.03018,0.00147,0.00049,0
21685.241,0.08691,-0.99561,-0.24365,1.02866,0.00152,0.00045,0
21687.747,0.08252,-1.00073,-0.23511,1.03129,0.00262,0.00044,0
21690.243,0.07715,-0.99463,-0.23389,1.02467,0.00662,0.00049,0
21692.749,0.07935,-0.99536,-0.24194,1.02741,0.00275,0.00049,0
21695.247,0.08374,-0.99268,-0.24585,1.02609,0.00132,0.00049,0
21697.745,0.07520,-0.99683,-0.24512,1.02927,0.00318,0.00050,0
21700.247,0.08228,-0.99390,-0.23779,1.02525,0.00402,0.00047,0
21702.742,0.08350,-0.99414,-0.23828,1.02570,0.00045,0.00043,0
21705.248,0.08374,-0.99292,-0.24194,1.02540,0.00031,0.00039,0
21707.749,0.07764,-1.00244,-0.24390,1.03460,0.00921,0.00048,0
21710.302,0.07495,-0.99268,-0.25122,1.02671,0.00789,0.00052,0
21712.809,0.07715,-0.99805,-0.24390,1.03031,0.00360,0.00049,0
21715.321,0.08228,-0.99585,-0.22974,1.02531,0.00500,0.00047,0
21717.817,0.08423,-0.99902,-0.23096,1.02883,0.00351,0.00046,0
21720.314,0.07739,-0.99707,-0.24951,1.03073,0.00190,0.00040,0
21722.830,0.08252,-0.99463,-0.24487,1.02765,0.00308,0.00034,0
21725.326,0.07690,-0.99634,-0.23511,1.02659,0.00106,0.00034,0
21727.822,0.08276,-0.99731,-0.24805,1.03103,0.00444,0.00035,0
21730.349,0.07715,-0.99976,-0.23804,1.03059,0.00043,0.00035,0
21732.846,0.07690,-0.99683,-0.24487,1.02934,0.00126,0.00035,0
21735.345,0.08057,-0.99609,-0.23511,1.02663,0.00271,0.00035,0
21737.849,0.07715,-0.99658,-0.23950,1.02786,0.00123,0.00034,0
21740.348,0.08374,-0.99487,-0.24365,1.02769,0.00016,0.00034,0
21742.852,0.08154,-0.99658,-0.24170,1.02871,0.00102,0.00033,0
21745.354,0.08252,-0.99414,-0.23462,1.02478,0.00393,0.00035,0
21747.852,0.07544,-0.99829,-0.24438,1.03053,0.00576,0.00038,0
21750.351,0.08154,-0.99512,-0.24414,1.02787,0.00267,0.00038,0
21752.859,0.08032,-0.99878,-0.23950,1.03023,0.00236,0.00034,0
21755.357,0.07910,-1.00073,-0.23779,1.03163,0.00140,0.00033,0
21757.856,0.07812,-0.99048,-0.23462,1.02088,0.01075,0.00045,0
21760.360,0.07861,-0.99438,-0.23755,1.02538,0.00450,0.00046,0
21762.861,0.07690,-0.99927,-0.23877,1.03027,0.00489,0.00047,0
21765.362,0.08008,-0.99219,-0.24658,1.02550,0.00477,0.00049,0
21767.867,0.07520,-0.99609,-0.24707,1.02903,0.00353,0.00050,0
21770.363,0.07812,-1.00098,-0.24609,1.03374,0.00471,0.00044,0
21772.860,0.08667,-1.00146,-0.24048,1.03357,0.00017,0.00038,0
21775.368,0.08521,-0.99902,-0.23340,1.02946,0.00412,0.00038,0
21777.860,0.07324,-0.99536,-0.24365,1.02736,0.00209,0.00036,0
21780.366,0.07520,-0.99609,-0.24756,1.02915,0.00178,0.00035,0
21782.874,0.07788,-0.99463,-0.23755,1.02556,0.00358,0.00036,0
21785.369,0.07642,-0.99658,-0.23804,1.02746,0.00190,0.00035,0
21787.867,0.07544,-0.99536,-0.23999,1.02666,0.00080,0.00035,0
21790.371,0.08154,-0.99805,-0.24561,1.03105,0.00439,0.00035,0
21792.869,0.07788,-1.00171,-0.23901,1.03277,0.00172,0.00036,0
21795.370,0.07495,-0.99487,-0.24976,1.02848,0.00429,0.00037,0
21797.874,0.07471,-0.99365,-0.25391,1.02830,0.00018,0.00037,0
21800.369,0.07983,-0.99756,-0.23755,1.02856,0.00026,0.00036,0
21802.874,0.08228,-1.00244,-0.23779,1.03354,0.00498,0.00039,0
21805.375,0.07471,-0.99365,-0.23804,1.02449,0.00905,0.00047,0
21807.872,0.07812,-0.99512,-0.24609,1.02807,0.00357,0.00047,0
21810.371,0.07544,-1.00024,-0.23462,1.03016,0.00209,0.00044,0
21812.879,0.07568,-0.99634,-0.23633,1.02678,0.00338,0.00044,0
21815.378,0.08228,-1.00073,-0.23950,1.03228,0.00550,0.00047,0
21817.875,0.07642,-0.98755,-0.24585,1.02056,0.01172,0.00060,0
21820.377,0.08472,-0.99536,-0.24341,1.02819,0.00763,0.00055,0
21822.877,0.07397,-0.99365,-0.25024,1.02735,0.00084,0.00053,0
21825.376,0.08179,-0.99097,-0.24707,1.02457,0.00277,0.00051,0
21827.987,0.07617,-0.99243,-0.24072,1.02405,0.00053,0.00049,0
21830.489,0.08032,-0.99658,-0.24878,1.03030,0.00625,0.00051,0
21832.989,0.07544,-1.00073,-0.22607,1.02872,0.00158,0.00049,0
21835.482,0.07788,-0.99487,-0.23706,1.02569,0.00303,0.00050,0
21837.976,0.07935,-0.99268,-0.24194,1.02481,0.00088,0.00049,0
21840.475,0.08032,-0.99023,-0.24023,1.02212,0.00269,0.00049,0
21842.988,0.08057,-0.99316,-0.23560,1.02390,0.00178,0.00049,0
21845.482,0.07861,-0.98975,-0.24023,1.02151,0.00239,0.00048,0
21847.981,0.08301,-0.99829,-0.23877,1.02980,0.00829,0.00055,0
21850.517,0.08057,-1.00171,-0.23755,1.03264,0.00284,0.00055,0
21853.011,0.08301,-0.99878,-0.23999,1.03056,0.00208,0.00054,0
21855.550,0.07886,-0.99805,-0.23975,1.02946,0.00109,0.00054,0
21858.047,0.07642,-0.99512,-0.23438,1.02520,0.00427,0.00054,0
21860.545,0.08276,-0.99292,-0.24878,1.02695,0.00176,0.00054,0
21863.049,0.07812,-0.99609,-0.24121,1.02786,0.00090,0.00054,0
21865.549,0.08105,-0.99707,-0.23853,1.02840,0.00055,0.00052,0
21868.046,0.07495,-0.99585,-0.24048,1.02721,0.00119,0.00044,0
21870.576,0.08252,-1.00171,-0.23950,1.03324,0.00603,0.00046,0
21873.086,0.08423,-0.99268,-0.24121,1.02503,0.00822,0.00052,0
21875.586,0.07935,-1.00171,-0.23950,1.03299,0.00797,0.00058,0
21878.085,0.07910,-0.99390,-0.23706,1.02483,0.00816,0.00061,0
21880.593,0.07788,-0.99902,-0.24951,1.03265,0.00782,0.00054,0
21883.090,0.08203,-0.99658,-0.24292,1.02904,0.00362,0.00049,0
21885.590,0.07959,-0.99756,-0.24219,1.02962,0.00058,0.00049,0
21888.097,0.08154,-0.99902,-0.24243,1.03125,0.00163,0.00049,0
21890.599,0.08350,-0.99609,-0.23779,1.02748,0.00376,0.00050,0
21893.157,0.07910,-0.99658,-0.24048,1.02823,0.00075,0.00046,0
21895.650,0.08008,-0.99243,-0.23730,1.02355,0.00469,0.00048,0
21898.148,0.08032,-0.99585,-0.23560,1.02649,0.00294,0.00048,0
21900.650,0.07886,-0.99561,-0.23901,1.02693,0.00044,0.00048,0
21903.209,0.08057,-0.99609,-0.24097,1.02799,0.00106,0.00047,0
21905.716,0.07471,-0.99243,-0.23608,1.02286,0.00513,0.00050,0
21908.437,0.07690,-0.99170,-0.23511,1.02208,0.00077,0.00049,0
21911.097,0.08179,-0.99536,-0.24316,1.02789,0.00581,0.00046,0
21913.600,0.08252,-1.00122,-0.24756,1.03467,0.00678,0.00049,0
21916.103,0.07935,-0.99536,-0.24072,1.02713,0.00754,0.00055,0
21918.623,0.07788,-0.99756,-0.23828,1.02857,0.00145,0.00055,0
21921.152,0.08105,-1.00391,-0.23950,1.03526,0.00668,0.00057,0
21923.972,0.08179,-0.99390,-0.24512,1.02694,0.00832,0.00064,0
21926.671,0.07422,-0.99829,-0.24316,1.03016,0.00322,0.00065,0
21929.245,0.08276,-1.00000,-0.23340,1.03021,0.00005,0.00065,0
21931.815,0.08130,-0.99170,-0.24048,1.02367,0.00653,0.00069,0
21934.374,0.07715,-0.99121,-0.23999,1.02276,0.00091,0.00065,0
21936.875,0.07886,-0.99634,-0.24390,1.02878,0.00602,0.00062,0
21939.377,0.08203,-0.99951,-0.24316,1.03193,0.00315,0.00057,0
21941.886,0.08105,-0.99438,-0.24487,1.02729,0.00464,0.00052,0
21944.387,0.07910,-0.99683,-0.24463,1.02945,0.00215,0.00047,0
21946.887,0.07837,-0.99268,-0.24023,1.02433,0.00511,0.00048,0
21949.390,0.08105,-0.99707,-0.23560,1.02773,0.00339,0.00049,0
21951.732,0.08105,-0.99292,-0.24512,1.02593,0.00179,0.00049,0
21953.986,0.08203,-0.99805,-0.24414,1.03074,0.00481,0.00050,0
21956.238,0.08130,-0.99414,-0.24219,1.02644,0.00430,0.00052,0
21958.493,0.08521,-0.99390,-0.24341,1.02681,0.00037,0.00050,0
21960.749,0.07959,-0.99756,-0.24121,1.02939,0.00258,0.00050,0
21963.005,0.07886,-0.99585,-0.23657,1.02660,0.00279,0.00050,0
21965.268,0.07666,-0.99707,-0.24927,1.03061,0.00401,0.00052,0
21967.521,0.08032,-0.99683,-0.24048,1.02856,0.00205,0.00050,0
21969.774,0.07593,-0.99951,-0.24707,1.03239,0.00383,0.00051,0
21972.027,0.07886,-1.00269,-0.23633,1.03317,0.00078,0.00048,0
21974.279,0.08032,-0.99683,-0.24341,1.02925,0.00392,0.00045,0
21976.545,0.07422,-0.99561,-0.24707,1.02849,0.00077,0.00039,0
21978.810,0.07837,-1.00244,-0.24146,1.03408,0.00560,0.00042,0
21981.067,0.07812,-0.99463,-0.24878,1.02824,0.00584,0.00041,0
21983.327,0.07739,-0.99512,-0.23242,1.02483,0.00342,0.00035,0
21985.584,0.07764,-0.99365,-0.24219,1.02568,0.00086,0.00034,0
21987.824,0.07593,-1.00098,-0.24536,1.03340,0.00772,0.00040,0
21990.175,0.07837,-0.99902,-0.23999,1.03043,0.00297,0.00037,0
21992.429,0.08521,-0.99097,-0.24731,1.02491,0.00552,0.00040,0
21994.692,0.08032,-0.99097,-0.23462,1.02152,0.00338,0.00037,0
21996.943,0.08032,-0.99756,-0.25024,1.03160,0.01007,0.00046,0
21999.207,0.07837,-0.99902,-0.23926,1.03026,0.00134,0.00044,0
22001.462,0.08154,-0.99414,-0.23999,1.02594,0.00432,0.00046,0
22003.725,0.08008,-0.99951,-0.24097,1.03126,0.00532,0.00046,0
22005.979,0.08301,-0.99829,-0.23779,1.02957,0.00169,0.00045,0
22008.206,0.07300,-1.00024,-0.23413,1.02987,0.00030,0.00045,0
22010.459,0.07715,-0.99756,-0.24316,1.02966,0.00021,0.00043,0
22012.713,0.07812,-0.99634,-0.23901,1.02758,0.00208,0.00041,0
22014.970,0.07471,-0.99438,-0.23975,1.02560,0.00198,0.00042,0
22017.222,0.08105,-0.99170,-0.24951,1.02581,0.00021,0.00041,0
22019.485,0.08276,-0.99585,-0.23999,1.02770,0.00188,0.00040,0
22021.748,0.08228,-0.99634,-0.24170,1.02853,0.00083,0.00039,0
22024.005,0.08105,-0.99854,-0.23730,1.02954,0.00101,0.00039,0
22026.261,0.08057,-1.00073,-0.24438,1.03329,0.00374,0.00039,0
22028.517,0.08276,-1.00073,-0.23853,1.03209,0.00120,0.00039,0
22030.747,0.08105,-0.99463,-0.24048,1.02649,0.00560,0.00040,0
22032.998,0.08032,-0.99585,-0.24170,1.02790,0.00141,0.00040,0
22035.254,0.08057,-0.99561,-0.23828,1.02689,0.00102,0.00037,0
22037.504,0.08179,-0.99658,-0.23462,1.02709,0.00020,0.00034,0
22039.757,0.08521,-0.99609,-0.23193,1.02628,0.00081,0.00033,0
22042.020,0.08398,-0.99805,-0.23413,1.02858,0.00229,0.00033,0
22044.285,0.07959,-0.99292,-0.23755,1.02404,0.00454,0.00029,0
22046.540,0.07861,-0.99316,-0.24097,1.02500,0.00096,0.00029,0
22048.796,0.08179,-1.00171,-0.24780,1.03514,0.01014,0.00036,0
22051.148,0.07837,-0.99878,-0.24048,1.03031,0.00483,0.00037,0
22053.646,0.08105,-0.99731,-0.24292,1.02967,0.00064,0.00027,0
22056.141,0.08398,-0.99707,-0.23779,1.02847,0.00120,0.00027,0
22058.672,0.07495,-0.99536,-0.24243,1.02720,0.00127,0.00025,0
22061.194,0.07568,-0.99561,-0.24170,1.02732,0.00012,0.00022,0
22063.694,0.08130,-0.99927,-0.23975,1.03084,0.00352,0.00023,0
22066.193,0.07910,-1.00293,-0.24902,1.03641,0.00557,0.00026,0
22068.691,0.08252,-0.99805,-0.24023,1.02986,0.00654,0.00031,0
22071.189,0.07251,-0.99146,-0.23633,1.02181,0.00806,0.00037,0
22073.689,0.07910,-0.99731,-0.24316,1.02957,0.00777,0.00042,0
22076.187,0.07349,-1.00049,-0.24927,1.03369,0.00411,0.00044,0
22078.690,0.07739,-0.99585,-0.24854,1.02931,0.00438,0.00046,0
22081.185,0.07788,-0.99561,-0.24536,1.02835,0.00096,0.00046,0
22083.682,0.07520,-0.99683,-0.24463,1.02916,0.00081,0.00046,0
22086.179,0.07935,-0.99878,-0.24536,1.03153,0.00238,0.00045,0
22088.680,0.07959,-0.99707,-0.24048,1.02874,0.00279,0.00045,0
22091.177,0.07764,-0.99585,-0.24292,1.02799,0.00076,0.00042,0
22093.670,0.08179,-0.99756,-0.24365,1.03014,0.00215,0.00043,0
22096.166,0.07886,-0.99829,-0.24463,1.03085,0.00071,0.00043,0
22098.682,0.08325,-0.99365,-0.24463,1.02670,0.00414,0.00044,0
22101.179,0.07471,-0.99561,-0.24390,1.02776,0.00106,0.00044,0
22103.681,0.08252,-0.99878,-0.23877,1.03023,0.00247,0.00044,0
22106.184,0.08203,-0.99609,-0.23608,1.02697,0.00326,0.00043,0
22108.682,0.07886,-0.99536,-0.23584,1.02595,0.00102,0.00043,0
22111.184,0.08130,-0.99316,-0.23901,1.02475,0.00121,0.00033,0
22113.694,0.08276,-0.99561,-0.24121,1.02775,0.00300,0.00032,0
22116.190,0.08032,-1.00269,-0.23218,1.03235,0.00460,0.00034,0
22118.716,0.08276,-0.99536,-0.24023,1.02728,0.00506,0.00036,0
22121.242,0.08374,-0.99512,-0.24146,1.02741,0.00013,0.00036,0
22123.742,0.08325,-0.99536,-0.24292,1.02795,0.00054,0.00036,0
22126.242,0.07373,-0.99414,-0.24561,1.02668,0.00127,0.00035,0
22128.748,0.07910,-0.99438,-0.24365,1.02685,0.00017,0.00032,0
22131.245,0.08496,-0.99316,-0.24609,1.02672,0.00013,0.00028,0
22133.743,0.07715,-0.99390,-0.23779,1.02485,0.00187,0.00022,0
22136.246,0.08203,-0.99561,-0.24390,1.02832,0.00347,0.00017,0
22138.748,0.08203,-0.99585,-0.24756,1.02943,0.00111,0.00015,0
22141.250,0.07935,-0.99805,-0.25098,1.03217,0.00274,0.00014,0
22143.760,0.07812,-0.99316,-0.23633,1.02388,0.00829,0.00021,0
22146.256,0.08765,-0.99683,-0.24414,1.03002,0.00614,0.00025,0
22148.870,0.08154,-0.99463,-0.23706,1.02574,0.00429,0.00026,0
22151.373,0.08105,-0.99756,-0.24609,1.03066,0.00492,0.00027,0
22153.869,0.07568,-0.99731,-0.23682,1.02784,0.00282,0.00028,0
22156.366,0.07983,-1.00024,-0.23535,1.03066,0.00282,0.00029,0
22158.854,0.08569,-0.99219,-0.24194,1.02485,0.00581,0.00032,0
22161.349,0.08008,-0.99756,-0.24414,1.03012,0.00527,0.00033,0
22163.850,0.07593,-0.99365,-0.24707,1.02672,0.00340,0.00034,0
22166.378,0.08008,-0.99609,-0.23389,1.02631,0.00041,0.00033,0
22168.875,0.08154,-0.99805,-0.23706,1.02905,0.00274,0.00033,0
22171.375,0.07593,-0.99683,-0.23950,1.02800,0.00105,0.00033,0
22173.882,0.07788,-0.99609,-0.23828,1.02715,0.00085,0.00033,0
22176.378,0.07910,-0.99902,-0.23682,1.02975,0.00260,0.00033,0
22178.878,0.08472,-0.99512,-0.24634,1.02865,0.00110,0.00031,0
22181.383,0.08325,-0.99927,-0.24146,1.03139,0.00274,0.00029,0
22183.881,0.07764,-0.99536,-0.24268,1.02745,0.00394,0.00030,0
22186.403,0.08203,-0.99658,-0.24072,1.02852,0.00106,0.00031,0
22188.952,0.08057,-0.99512,-0.24292,1.02750,0.00102,0.00030,0
22191.452,0.07886,-0.99097,-0.24365,1.02352,0.00398,0.00032,0
22193.953,0.07959,-0.99365,-0.23730,1.02469,0.00117,0.00032,0
22196.457,0.07886,-0.99609,-0.23706,1.02695,0.00225,0.00032,0
22198.954,0.07788,-0.99707,-0.24438,1.02953,0.00259,0.00032,0
22201.454,0.07959,-0.99829,-0.24683,1.03143,0.00189,0.00032,0
22203.959,0.07739,-0.99829,-0.23633,1.02880,0.00263,0.00032,0
22206.492,0.07251,-0.99146,-0.24243,1.02324,0.00556,0.00028,0
22208.989,0.08228,-0.99683,-0.23804,1.02815,0.00491,0.00027,0
22211.497,0.07959,-0.99585,-0.23853,1.02711,0.00105,0.00025,0
22213.995,0.08105,-0.99536,-0.24121,1.02737,0.00027,0.00023,0
22216.491,0.08032,-0.99365,-0.23975,1.02532,0.00206,0.00022,0
22218.998,0.08350,-0.99536,-0.23755,1.02672,0.00140,0.00022,0
22221.492,0.07471,-0.99243,-0.24146,1.02411,0.00261,0.00019,0
22223.992,0.08789,-1.00659,-0.24512,1.03973,0.01562,0.00041,0
22226.534,0.08105,-0.99487,-0.24854,1.02865,0.01108,0.00052,0
22229.029,0.07837,-0.99438,-0.24097,1.02616,0.00248,0.00052,0
22231.529,0.07959,-0.99634,-0.24048,1.02803,0.00187,0.00052,0
22234.035,0.07690,-1.00049,-0.23413,1.03039,0.00236,0.00052,0
22236.534,0.07935,-0.99731,-0.24512,1.03006,0.00034,0.00052,0
22239.034,0.08203,-0.99316,-0.24023,1.02509,0.00496,0.00054,0
22241.539,0.08228,-1.00000,-0.24268,1.03231,0.00722,0.00059,0
22244.038,0.07861,-0.99536,-0.24194,1.02736,0.00495,0.00061,0
22246.537,0.08301,-0.99902,-0.24438,1.03182,0.00447,0.00061,0
22249.062,0.08447,-1.00244,-0.24243,1.03479,0.00297,0.00062,0
22251.554,0.07812,-0.99365,-0.23315,1.02363,0.01117,0.00075,0
22254.054,0.08130,-0.99219,-0.24048,1.02415,0.00052,0.00073,0
22256.596,0.08081,-0.99463,-0.24585,1.02774,0.00360,0.00074,0
22259.107,0.07739,-0.99170,-0.23901,1.02303,0.00472,0.00076,0
22261.611,0.08252,-0.99756,-0.24170,1.02973,0.00671,0.00080,0
22264.111,0.08105,-0.99609,-0.23779,1.02729,0.00245,0.00080,0
22266.611,0.07910,-0.99756,-0.23755,1.02850,0.00121,0.00079,0
22269.121,0.07544,-0.99951,-0.23315,1.02911,0.00062,0.00076,0
22271.624,0.07715,-0.99097,-0.24146,1.02287,0.00624,0.00078,0
22274.124,0.07715,-0.99438,-0.23560,1.02482,0.00195,0.00078,0
22276.626,0.07788,-0.99780,-0.24512,1.03042,0.00560,0.00081,0
22279.127,0.07739,-0.99780,-0.23608,1.02827,0.00215,0.00081,0
22281.626,0.08081,-0.99170,-0.23340,1.02199,0.00627,0.00085,0
22284.138,0.07910,-0.99658,-0.24731,1.02985,0.00786,0.00090,0
22286.677,0.07715,-1.00146,-0.24243,1.03327,0.00342,0.00067,0
22289.180,0.07568,-0.99780,-0.24292,1.02973,0.00354,0.00056,0
22291.684,0.07886,-0.99731,-0.24023,1.02887,0.00087,0.00056,0
22294.186,0.08179,-1.00146,-0.23730,1.03244,0.00357,0.00057,0
22296.684,0.08057,-0.99390,-0.24414,1.02661,0.00583,0.00059,0
22299.185,0.08008,-0.99731,-0.23364,1.02744,0.00083,0.00060,0
22301.687,0.07764,-0.99683,-0.24146,1.02859,0.00114,0.00057,0
22304.186,0.07397,-0.99951,-0.24121,1.03086,0.00228,0.00053,0
22306.688,0.08057,-0.99512,-0.23950,1.02670,0.00416,0.00052,0
22309.189,0.08105,-0.99487,-0.24512,1.02783,0.00113,0.00050,0
22311.698,0.07495,-0.99219,-0.23779,1.02303,0.00479,0.00051,0
22314.374,0.08472,-0.98975,-0.24585,1.02334,0.00030,0.00039,0
22316.904,0.07861,-0.99487,-0.23926,1.02625,0.00292,0.00040,0
22319.435,0.07642,-0.99365,-0.24536,1.02635,0.00009,0.00038,0
22322.013,0.07812,-0.99512,-0.23584,1.02566,0.00068,0.00036,0
22324.624,0.07812,-0.99048,-0.24243,1.02270,0.00296,0.00033,0
22327.133,0.08179,-0.98828,-0.25049,1.02281,0.00010,0.00032,0
22328.639,0.08057,-0.99487,-0.24390,1.02750,0.00469,0.00034,0
22330.142,0.07202,-0.99463,-0.25195,1.02857,0.00107,0.00034,0
22331.637,0.08350,-0.99878,-0.24121,1.03088,0.00231,0.00031,0
22333.132,0.08276,-0.99878,-0.24170,1.03094,0.00006,0.00030,0
22334.668,0.07886,-0.99243,-0.24341,1.02488,0.00605,0.00031,0
22336.168,0.07983,-0.99316,-0.24048,1.02498,0.00009,0.00030,0
22337.693,0.07739,-0.99243,-0.23560,1.02294,0.00203,0.00027,0
22339.185,0.07715,-0.99292,-0.24316,1.02517,0.00222,0.00021,0
22340.680,0.08228,-0.99683,-0.23242,1.02686,0.00170,0.00020,0
22343.063,0.07983,-0.99658,-0.23901,1.02795,0.00108,0.00019,0
22345.581,0.08032,-0.98926,-0.24023,1.02117,0.00677,0.00024,0
22348.075,0.07642,-0.99463,-0.24243,1.02660,0.00542,0.00025,0
22350.585,0.08301,-0.99585,-0.24463,1.02881,0.00221,0.00023,0
22352.841,0.07617,-0.99609,-0.24585,1.02881,0.00000,0.00022,0
22355.097,0.08154,-0.99829,-0.24097,1.03019,0.00139,0.00022,0
22357.365,0.07568,-0.99634,-0.24121,1.02791,0.00228,0.00022,0
22359.616,0.08398,-1.00073,-0.24194,1.03298,0.00507,0.00023,0
22361.871,0.08350,-0.99365,-0.23535,1.02455,0.00843,0.00030,0
22364.142,0.08154,-0.99658,-0.23999,1.02831,0.00376,0.00029,0
22366.396,0.08179,-0.99683,-0.23462,1.02733,0.00098,0.00030,0
22368.649,0.07153,-0.99072,-0.24219,1.02240,0.00492,0.00031,0
22370.909,0.07544,-0.99902,-0.23950,1.03010,0.00770,0.00037,0
22373.168,0.07837,-0.99390,-0.24292,1.02615,0.00395,0.00039,0
22375.425,0.07617,-0.99731,-0.24146,1.02895,0.00280,0.00038,0
22377.682,0.07983,-0.99536,-0.24097,1.02722,0.00173,0.00039,0
22379.945,0.08203,-0.99463,-0.23950,1.02634,0.00088,0.00037,0
22382.197,0.08252,-0.99536,-0.23779,1.02669,0.00035,0.00037,0
22384.453,0.08130,-0.99854,-0.24609,1.03162,0.00493,0.00038,0
22386.705,0.08008,-0.99780,-0.24438,1.03041,0.00121,0.00039,0
22388.956,0.08130,-0.99146,-0.24316,1.02407,0.00634,0.00039,0
22391.209,0.07983,-0.99536,-0.24268,1.02762,0.00355,0.00040,0
22393.462,0.08057,-0.99780,-0.24561,1.03074,0.00312,0.00041,0
22395.721,0.07617,-1.00073,-0.24072,1.03209,0.00135,0.00040,0
22397.975,0.07837,-0.99438,-0.24780,1.02779,0.00430,0.00042,0
22400.224,0.07812,-0.99536,-0.23853,1.02652,0.00127,0.00042,0
22402.474,0.08154,-0.99634,-0.24097,1.02830,0.00178,0.00038,0
22404.726,0.08228,-0.99854,-0.23853,1.02992,0.00162,0.00035,0
22406.988,0.07935,-1.00073,-0.24023,1.03222,0.00230,0.00035,0
22409.241,0.07788,-0.99219,-0.24805,1.02568,0.00653,0.00039,0
22411.497,0.08252,-0.99097,-0.23096,1.02087,0.00482,0.00042,0
22413.750,0.08057,-0.99341,-0.24487,1.02631,0.00545,0.00044,0
22416.000,0.08130,-0.99634,-0.23828,1.02766,0.00135,0.00042,0
22418.248,0.08154,-0.99121,-0.23682,1.02237,0.00529,0.00037,0
22420.511,0.08008,-0.99512,-0.24512,1.02798,0.00562,0.00039,0
22422.772,0.07935,-0.99658,-0.23657,1.02735,0.00064,0.00039,0
22425.097,0.07886,-0.99341,-0.23926,1.02485,0.00249,0.00037,0
22427.360,0.08179,-0.99805,-0.23926,1.02958,0.00473,0.00033,0
22429.618,0.07910,-0.99634,-0.23779,1.02737,0.00221,0.00032,0
22431.868,0.07544,-0.99438,-0.24487,1.02687,0.00050,0.00032,0
22434.112,0.08447,-0.99292,-0.24390,1.02592,0.00095,0.00031,0
22436.423,0.07275,-0.98950,-0.25220,1.02372,0.00220,0.00032,0
22438.680,0.08203,-0.99487,-0.24707,1.02837,0.00465,0.00034,0
22440.942,0.07788,-0.99878,-0.24463,1.03125,0.00288,0.00032,0
22443.199,0.08057,-0.99878,-0.24414,1.03134,0.00009,0.00032,0
22445.453,0.07739,-0.99658,-0.23633,1.02714,0.00420,0.00030,0
22447.706,0.07861,-0.99243,-0.22803,1.02132,0.00582,0.00032,0
22449.942,0.07666,-0.99902,-0.24097,1.03053,0.00921,0.00040,0
22452.435,0.07935,-0.99438,-0.24341,1.02681,0.00372,0.00041,0
22454.933,0.08008,-0.99805,-0.24707,1.03129,0.00447,0.00041,0
22457.432,0.08325,-1.00122,-0.24487,1.03409,0.00280,0.00042,0
22460.054,0.08301,-0.99902,-0.23755,1.03023,0.00386,0.00043,0
22462.638,0.08008,-0.99683,-0.23999,1.02843,0.00180,0.00043,0
22465.173,0.08130,-0.99487,-0.24634,1.02814,0.00029,0.00042,0
22467.670,0.08130,-0.99048,-0.24707,1.02406,0.00408,0.00040,0
22470.169,0.08301,-0.99731,-0.23926,1.02897,0.00490,0.00040,0
22472.672,0.08252,-0.99634,-0.24097,1.02838,0.00059,0.00037,0
22475.169,0.07935,-0.99023,-0.24219,1.02250,0.00588,0.00040,0
22477.683,0.07666,-0.99097,-0.22852,1.01986,0.00265,0.00038,0
22480.207,0.07959,-0.99683,-0.24146,1.02874,0.00888,0.00043,0
22482.704,0.08203,-0.99023,-0.23779,1.02168,0.00705,0.00048,0
22485.225,0.08325,-0.99341,-0.24121,1.02566,0.00397,0.00049,0
22487.728,0.08032,-0.99512,-0.24219,1.02731,0.00165,0.00047,0
22490.244,0.08984,-0.99683,-0.24341,1.03004,0.00273,0.00047,0
22492.764,0.08228,-0.99512,-0.23682,1.02621,0.00383,0.00048,0
22495.274,0.08081,-1.00024,-0.23706,1.03112,0.00491,0.00051,0
22497.949,0.08350,-1.00000,-0.24658,1.03333,0.00221,0.00051,0
22500.448,0.07837,-0.99512,-0.24097,1.02687,0.00646,0.00053,0
22502.961,0.08374,-0.99854,-0.24072,1.03055,0.00368,0.00053,0
22505.482,0.08301,-0.99805,-0.24414,1.03082,0.00027,0.00053,0
22508.029,0.07617,-0.99829,-0.24292,1.03024,0.00058,0.00051,0
22510.535,0.08179,-1.00146,-0.23120,1.03106,0.00081,0.00048,0
22513.031,0.07837,-0.99390,-0.23535,1.02438,0.00667,0.00044,0
22515.530,0.07910,-0.99780,-0.24219,1.02982,0.00543,0.00046,0
22518.008,0.07812,-0.99634,-0.24976,1.03013,0.00031,0.00044,0
22520.505,0.08105,-0.99316,-0.23291,1.02332,0.00681,0.00048,0
22523.006,0.07910,-0.99170,-0.24194,1.02385,0.00052,0.00046,0
22525.525,0.08374,-1.00073,-0.23486,1.03133,0.00748,0.00051,0
22528.023,0.07690,-0.99585,-0.24365,1.02810,0.00322,0.00052,0
22530.576,0.07495,-1.00049,-0.23633,1.03075,0.00265,0.00051,0
22533.117,0.08496,-1.00122,-0.24390,1.03400,0.00325,0.00050,0
22535.616,0.08008,-0.99609,-0.24048,1.02784,0.00616,0.00054,0
22538.116,0.08374,-1.00098,-0.24634,1.03424,0.00640,0.00055,0
22540.609,0.08228,-0.99390,-0.23535,1.02469,0.00955,0.00063,0
22543.106,0.08325,-0.99561,-0.24341,1.02830,0.00361,0.00056,0
22545.605,0.07642,-1.00195,-0.23486,1.03194,0.00364,0.00053,0
22548.114,0.07837,-0.99609,-0.23853,1.02725,0.00470,0.00053,0
22550.678,0.08203,-0.99854,-0.24658,1.03180,0.00455,0.00055,0
22553.179,0.07642,-0.99780,-0.23682,1.02836,0.00343,0.00056,0
22555.664,0.08521,-1.00000,-0.24219,1.03243,0.00407,0.00056,0
22558.160,0.07495,-0.99854,-0.24170,1.03010,0.00233,0.00054,0
22560.658,0.08154,-0.99512,-0.24805,1.02880,0.00130,0.00054,0
22563.166,0.07617,-0.98877,-0.24438,1.02137,0.00744,0.00055,0
22565.660,0.07373,-0.99023,-0.23438,1.02026,0.00111,0.00054,0
22568.162,0.08105,-0.99634,-0.23828,1.02764,0.00738,0.00059,0
22570.717,0.08081,-1.00391,-0.24243,1.03592,0.00828,0.00066,0
22573.215,0.07910,-0.99731,-0.23120,1.02681,0.00911,0.00074,0
22575.717,0.07642,-0.99341,-0.24536,1.02611,0.00070,0.00070,0
22578.233,0.07959,-1.00024,-0.24683,1.03332,0.00721,0.00072,0
22580.734,0.08594,-0.99756,-0.24902,1.03176,0.00156,0.00072,0
22583.235,0.07910,-0.99609,-0.25220,1.03056,0.00119,0.00068,0
22585.745,0.07861,-0.99561,-0.24048,1.02725,0.00332,0.00069,0
22588.246,0.07520,-0.99976,-0.23364,1.02944,0.00220,0.00064,0
22590.750,0.07544,-1.00293,-0.23584,1.03304,0.00360,0.00064,0
22593.252,0.07690,-0.99438,-0.22852,1.02320,0.00985,0.00073,0
22595.748,0.08325,-0.99365,-0.23511,1.02448,0.00128,0.00072,0
22598.240,0.08276,-1.00220,-0.23877,1.03357,0.00909,0.00077,0
22600.743,0.07690,-0.99268,-0.23364,1.02270,0.01087,0.00084,0
22603.240,0.07715,-0.99292,-0.23682,1.02368,0.00098,0.00075,0
22605.737,0.08569,-0.99487,-0.24170,1.02739,0.00371,0.00075,0
22608.243,0.08447,-0.99390,-0.24243,1.02652,0.00087,0.00074,0
22610.736,0.07568,-0.99927,-0.24292,1.03115,0.00463,0.00074,0
22613.235,0.08179,-0.99365,-0.23755,1.02492,0.00623,0.00076,0
22615.735,0.07812,-0.99780,-0.23975,1.02917,0.00425,0.00076,0
22618.232,0.07544,-0.99292,-0.23853,1.02395,0.00522,0.00078,0
22620.732,0.07446,-0.99292,-0.23999,1.02422,0.00027,0.00077,0
22623.233,0.07471,-0.98926,-0.24121,1.02098,0.00324,0.00078,0
22625.837,0.07422,-0.99658,-0.24707,1.02943,0.00845,0.00079,0
22628.340,0.07959,-0.99756,-0.22778,1.02632,0.00311,0.00080,0
22630.856,0.07617,-1.00146,-0.24463,1.03372,0.00740,0.00080,0
22633.360,0.07666,-0.99634,-0.24170,1.02810,0.00562,0.00077,0
22635.861,0.08374,-0.99097,-0.23706,1.02236,0.00573,0.00072,0
22638.368,0.07788,-0.98999,-0.24609,1.02309,0.00073,0.00072,0
22640.865,0.07593,-0.99365,-0.23975,1.02498,0.00189,0.00067,0
22643.366,0.07788,-1.00195,-0.24194,1.03369,0.00871,0.00074,0
22645.871,0.08447,-0.99829,-0.24292,1.03089,0.00280,0.00075,0
22648.368,0.08057,-1.00049,-0.24268,1.03265,0.00176,0.00074,0
22650.899,0.07812,-0.99902,-0.24268,1.03104,0.00161,0.00074,0
22653.186,0.07642,-0.99585,-0.23657,1.02641,0.00463,0.00075,0
22655.435,0.08301,-0.99023,-0.23755,1.02171,0.00471,0.00067,0
22657.689,0.07959,-0.99365,-0.24243,1.02589,0.00418,0.00069,0
22659.946,0.07788,-0.99707,-0.24243,1.02907,0.00318,0.00061,0
22662.200,0.07788,-0.99365,-0.24023,1.02524,0.00383,0.00051,0
22664.465,0.08203,-0.99121,-0.24658,1.02471,0.00053,0.00051,0
22666.742,0.07910,-0.99756,-0.24414,1.03004,0.00533,0.00053,0
22668.990,0.07544,-0.99634,-0.24390,1.02853,0.00152,0.00053,0
22671.246,0.08032,-1.00024,-0.23560,1.03075,0.00222,0.00051,0
22673.506,0.08252,-0.99121,-0.24292,1.02387,0.00688,0.00052,0
22675.761,0.08179,-0.99585,-0.23755,1.02705,0.00318,0.00051,0
22678.012,0.08301,-0.99121,-0.23315,1.02164,0.00541,0.00051,0
22680.268,0.07642,-0.99829,-0.23608,1.02867,0.00703,0.00056,0
22682.520,0.07324,-0.99512,-0.23804,1.02581,0.00286,0.00056,0
22684.772,0.07935,-0.99878,-0.23633,1.02942,0.00361,0.00050,0
22687.037,0.08008,-0.99390,-0.23706,1.02491,0.00451,0.00051,0
22689.291,0.07715,-0.99585,-0.24023,1.02732,0.00241,0.00046,0
22691.544,0.08130,-0.99780,-0.24170,1.02987,0.00256,0.00044,0
22693.799,0.07886,-0.99463,-0.23560,1.02519,0.00469,0.00043,0
22696.055,0.08032,-0.99097,-0.24536,1.02405,0.00114,0.00043,0
22698.308,0.08618,-0.99536,-0.23950,1.02739,0.00335,0.00044,0
22700.557,0.08203,-0.99756,-0.23901,1.02907,0.00168,0.00036,0
22702.829,0.07373,-1.00146,-0.23608,1.03155,0.00249,0.00036,0
22705.091,0.07349,-0.99756,-0.23926,1.02848,0.00308,0.00037,0
22707.346,0.08179,-0.99512,-0.24170,1.02731,0.00117,0.00037,0
22709.607,0.07715,-0.99609,-0.24292,1.02819,0.00088,0.00035,0
22711.862,0.07495,-0.99561,-0.24097,1.02709,0.00110,0.00032,0
22714.117,0.07544,-0.99805,-0.23682,1.02853,0.00144,0.00031,0
22716.373,0.08325,-0.99634,-0.23486,1.02703,0.00150,0.00030,0
22718.602,0.07544,-1.00024,-0.24097,1.03162,0.00460,0.00031,0
22720.854,0.07959,-0.99438,-0.24365,1.02689,0.00473,0.00033,0
22723.112,0.08008,-0.99780,-0.24365,1.03024,0.00335,0.00031,0
22725.375,0.07788,-0.99780,-0.24512,1.03042,0.00018,0.00031,0
22727.640,0.08008,-0.99146,-0.23926,1.02305,0.00736,0.00036,0
22729.896,0.07739,-0.99829,-0.24243,1.03022,0.00716,0.00036,0
22732.156,0.08301,-0.99780,-0.24023,1.02967,0.00055,0.00035,0
22734.459,0.08081,-0.99609,-0.24121,1.02806,0.00160,0.00033,0
22736.710,0.07129,-0.99463,-0.23608,1.02475,0.00332,0.00029,0
22738.970,0.07861,-0.99463,-0.24219,1.02670,0.00196,0.00028,0
22741.237,0.08105,-0.99512,-0.23682,1.02611,0.00059,0.00027,0
22743.492,0.08447,-1.00391,-0.23462,1.03441,0.00830,0.00032,0
22745.745,0.07983,-0.99243,-0.24414,1.02513,0.00928,0.00040,0
22748.007,0.07886,-1.00049,-0.24536,1.03315,0.00802,0.00046,0
22750.284,0.08105,-0.99805,-0.24854,1.03172,0.00143,0.00044,0
22752.825,0.07642,-1.00098,-0.23755,1.03161,0.00010,0.00044,0
22755.332,0.08203,-0.99365,-0.24243,1.02608,0.00553,0.00046,0
22757.837,0.07593,-1.00439,-0.24414,1.03643,0.01034,0.00056,0
22760.339,0.08276,-0.99731,-0.23950,1.02900,0.00742,0.00061,0
22762.858,0.08154,-0.99805,-0.24805,1.03164,0.00263,0.00061,0
22765.361,0.08374,-1.00122,-0.24292,1.03367,0.00203,0.00061,0
22767.860,0.07373,-0.98901,-0.23975,1.02032,0.01334,0.00079,0
22770.357,0.08154,-0.99561,-0.23804,1.02691,0.00658,0.00083,0
22772.857,0.08496,-0.99805,-0.24438,1.03104,0.00413,0.00084,0
22775.359,0.08203,-0.99634,-0.23462,1.02687,0.00417,0.00086,0
22777.857,0.07715,-0.99561,-0.24316,1.02777,0.00090,0.00084,0
22780.477,0.08521,-0.99365,-0.23730,1.02514,0.00263,0.00082,0
22782.979,0.07812,-0.99463,-0.24731,1.02789,0.00275,0.00082,0
22785.508,0.07935,-0.99219,-0.24146,1.02422,0.00367,0.00083,0
22788.013,0.08179,-0.99780,-0.24194,1.02997,0.00575,0.00081,0
22790.515,0.07837,-0.99756,-0.25098,1.03163,0.00166,0.00076,0
22793.021,0.07397,-1.00024,-0.24438,1.03232,0.00069,0.00076,0
22795.523,0.08105,-0.99390,-0.24390,1.02659,0.00573,0.00079,0
22798.031,0.08179,-0.99902,-0.24243,1.03127,0.00468,0.00080,0
22800.530,0.07812,-0.99536,-0.25000,1.02925,0.00202,0.00080,0
22803.032,0.08325,-1.00098,-0.23511,1.03158,0.00234,0.00081,0
22805.553,0.08447,-0.99438,-0.23682,1.02568,0.00590,0.00078,0
22808.062,0.07715,-0.99390,-0.23608,1.02446,0.00122,0.00069,0
22810.560,0.07422,-0.99976,-0.24341,1.03163,0.00717,0.00068,0
22813.057,0.07495,-0.99438,-0.24463,1.02677,0.00486,0.00070,0
22815.555,0.07690,-0.99927,-0.23633,1.02971,0.00294,0.00071,0
22818.055,0.07739,-0.99463,-0.23853,1.02575,0.00396,0.00069,0
22820.599,0.07617,-1.00122,-0.23364,1.03094,0.00518,0.00061,0
22823.097,0.08105,-0.99658,-0.24463,1.02936,0.00157,0.00056,0
22825.602,0.07593,-0.99951,-0.23828,1.03032,0.00096,0.00056,0
22828.106,0.07788,-0.99878,-0.24097,1.03038,0.00006,0.00055,0
22830.604,0.08154,-0.99927,-0.24951,1.03317,0.00279,0.00038,0
22833.102,0.07617,-0.99268,-0.24854,1.02615,0.00702,0.00039,0
22835.601,0.08203,-0.99707,-0.24316,1.02957,0.00342,0.00038,0
22838.099,0.08154,-0.99854,-0.23999,1.03020,0.00064,0.00036,0
22840.601,0.07617,-0.99976,-0.23535,1.02990,0.00030,0.00036,0
22843.111,0.07642,-0.99292,-0.23730,1.02374,0.00617,0.00039,0
22845.606,0.07788,-0.99487,-0.24878,1.02846,0.00472,0.00041,0
22848.106,0.08081,-0.99316,-0.23730,1.02431,0.00415,0.00041,0
22850.605,0.08032,-0.99585,-0.23779,1.02699,0.00268,0.00039,0
22852.859,0.08154,-0.99609,-0.23975,1.02778,0.00079,0.00039,0
22855.113,0.07690,-1.00049,-0.23682,1.03101,0.00323,0.00040,0
22857.373,0.07935,-0.99829,-0.24170,1.03019,0.00081,0.00036,0
22859.629,0.07886,-0.99365,-0.24292,1.02595,0.00424,0.00036,0
22861.883,0.08032,-0.99585,-0.24707,1.02918,0.00323,0.00037,0
22864.135,0.07861,-0.99609,-0.23853,1.02727,0.00191,0.00036,0
22866.389,0.07837,-0.99683,-0.24194,1.02876,0.00149,0.00033,0
22868.644,0.08398,-0.99805,-0.24634,1.03142,0.00267,0.00034,0
22870.897,0.07959,-0.99976,-0.24365,1.03209,0.00067,0.00029,0
22873.150,0.07593,-0.99780,-0.23877,1.02878,0.00331,0.00027,0
22875.405,0.08325,-0.99658,-0.23804,1.02799,0.00079,0.00027,0
22877.669,0.08081,-1.00024,-0.23950,1.03169,0.00370,0.00026,0
22879.934,0.08105,-0.99854,-0.24341,1.03097,0.00072,0.00024,0
22882.188,0.07690,-0.99316,-0.23560,1.02362,0.00735,0.00029,0
22884.444,0.08374,-0.99561,-0.24561,1.02887,0.00525,0.00031,0
22886.703,0.07666,-0.99780,-0.24146,1.02946,0.00059,0.00032,0
22888.920,0.07422,-0.99463,-0.23779,1.02535,0.00411,0.00032,0
22891.175,0.07935,-0.99976,-0.23584,1.03026,0.00491,0.00030,0
22893.434,0.08154,-0.99438,-0.24463,1.02727,0.00298,0.00030,0
22895.687,0.07397,-0.99780,-0.24341,1.02972,0.00245,0.00030,0
22897.939,0.07935,-0.99609,-0.24634,1.02917,0.00056,0.00030,0
22900.201,0.08203,-0.99463,-0.24927,1.02866,0.00050,0.00026,0
22902.463,0.08350,-1.00000,-0.24341,1.03258,0.00391,0.00026,0
22904.714,0.07642,-0.99731,-0.23560,1.02761,0.00497,0.00026,0
22906.990,0.08032,-0.99634,-0.24316,1.02872,0.00111,0.00026,0
22909.281,0.08301,-0.99487,-0.24414,1.02775,0.00097,0.00026,0
22911.536,0.07739,-0.99878,-0.24561,1.03144,0.00369,0.00026,0
22913.790,0.08008,-1.00000,-0.24097,1.03174,0.00029,0.00026,0
22916.070,0.07373,-0.99927,-0.23389,1.02892,0.00282,0.00025,0
22918.326,0.08301,-0.99878,-0.23755,1.02999,0.00107,0.00024,0
22920.578,0.07690,-0.99731,-0.24121,1.02895,0.00104,0.00024,0
22922.870,0.07886,-0.99438,-0.23584,1.02501,0.00394,0.00025,0
22925.126,0.07471,-0.99927,-0.23120,1.02838,0.00338,0.00026,0
22927.383,0.07690,-0.99536,-0.23535,1.02569,0.00269,0.00026,0
22929.654,0.08447,-0.99609,-0.22925,1.02562,0.00008,0.00025,0
22931.943,0.07593,-0.99951,-0.23755,1.03015,0.00454,0.00027,0
22934.198,0.08276,-0.99927,-0.23169,1.02911,0.00105,0.00026,0
22936.565,0.07959,-0.99292,-0.23511,1.02347,0.00563,0.00029,0
22938.865,0.07690,-0.99854,-0.24072,1.03002,0.00654,0.00028,0
22941.120,0.08447,-0.99976,-0.23877,1.03134,0.00132,0.00025,0
22943.374,0.08423,-1.00293,-0.24243,1.03525,0.00391,0.00027,0
22945.627,0.08276,-0.99561,-0.23804,1.02701,0.00824,0.00032,0
22947.889,0.08154,-0.99878,-0.23950,1.03033,0.00332,0.00031,0
22950.140,0.07617,-0.99512,-0.24146,1.02682,0.00350,0.00031,0
22952.623,0.07959,-0.99585,-0.24805,1.02936,0.00254,0.00031,0
22955.183,0.07935,-0.99634,-0.24097,1.02813,0.00123,0.00031,0
22957.708,0.07886,-0.99634,-0.24170,1.02826,0.00013,0.00031,0
22960.201,0.08691,-0.99658,-0.24341,1.02955,0.00129,0.00030,0
22962.710,0.07886,-0.99341,-0.24512,1.02624,0.00332,0.00029,0
22965.205,0.08447,-0.99756,-0.23901,1.02926,0.00303,0.00029,0
22967.705,0.08032,-0.99243,-0.24634,1.02570,0.00357,0.00031,0
22970.217,0.07983,-0.99878,-0.24805,1.03221,0.00651,0.00033,0
22972.719,0.07690,-0.99707,-0.24658,1.02998,0.00223,0.00034,0
22975.218,0.08423,-0.98975,-0.24731,1.02365,0.00634,0.00037,0
22977.748,0.08057,-0.98950,-0.23682,1.02063,0.00302,0.00038,0
22980.251,0.07593,-0.99561,-0.24023,1.02699,0.00636,0.00042,0
22982.755,0.08301,-0.98901,-0.24463,1.02219,0.00480,0.00043,0
22985.250,0.07910,-0.99561,-0.24561,1.02850,0.00630,0.00045,0
22987.748,0.07886,-0.99634,-0.23901,1.02764,0.00086,0.00045,0
22990.244,0.07959,-0.99365,-0.23364,1.02385,0.00379,0.00046,0
22992.739,0.07886,-0.99805,-0.23901,1.02929,0.00544,0.00047,0
22995.238,0.08057,-0.99805,-0.24170,1.03005,0.00076,0.00047,0
22997.735,0.07568,-0.99902,-0.24414,1.03120,0.00115,0.00044,0
23000.231,0.08423,-0.99829,-0.23779,1.02967,0.00153,0.00040,0
23002.734,0.07764,-0.99854,-0.23877,1.02962,0.00006,0.00040,0
23005.227,0.08984,-0.99658,-0.24292,1.02969,0.00007,0.00038,0
23007.724,0.08447,-0.99292,-0.24463,1.02609,0.00359,0.00033,0
23010.222,0.07788,-0.99585,-0.24292,1.02800,0.00191,0.00032,0
23012.712,0.07764,-0.99951,-0.23828,1.03045,0.00245,0.00031,0
23015.206,0.08521,-0.99414,-0.24243,1.02681,0.00364,0.00032,0
23017.713,0.07690,-0.99365,-0.24316,1.02586,0.00096,0.00032,0
23020.189,0.07617,-0.99756,-0.23730,1.02822,0.00236,0.00033,0
23022.688,0.08057,-0.99658,-0.23657,1.02744,0.00078,0.00032,0
23025.182,0.08105,-1.00024,-0.23975,1.03176,0.00432,0.00033,0
23027.690,0.07935,-0.99707,-0.24292,1.02930,0.00247,0.00033,0
23030.188,0.08130,-0.99805,-0.24243,1.03028,0.00098,0.00032,0
23032.687,0.08252,-0.99634,-0.24438,1.02919,0.00110,0.00028,0
23035.193,0.08081,-0.99634,-0.23535,1.02694,0.00224,0.00028,0
23037.701,0.07520,-1.00122,-0.24121,1.03261,0.00567,0.00027,0
23040.198,0.08130,-1.00073,-0.23193,1.03047,0.00214,0.00026,0
23042.705,0.07837,-0.99609,-0.24292,1.02828,0.00219,0.00023,0
23045.197,0.07861,-0.99438,-0.23755,1.02538,0.00289,0.00021,0
23047.696,0.08374,-1.00073,-0.24316,1.03325,0.00787,0.00024,0
23050.202,0.08618,-0.99292,-0.24072,1.02531,0.00794,0.00030,0
23052.700,0.08350,-0.98999,-0.24048,1.02219,0.00312,0.00029,0
23055.201,0.08252,-0.99341,-0.25293,1.02842,0.00622,0.00030,0
23057.707,0.08154,-0.99707,-0.24536,1.03005,0.00163,0.00030,0
23060.206,0.08154,-0.99780,-0.24365,1.03035,0.00030,0.00030,0
23062.708,0.07983,-0.99634,-0.24268,1.02857,0.00178,0.00030,0
23065.210,0.08203,-0.99756,-0.24243,1.02987,0.00130,0.00031,0
23067.709,0.07520,-1.00000,-0.23999,1.03114,0.00127,0.00031,0
23070.208,0.08081,-1.00049,-0.24048,1.03215,0.00101,0.00030,0
23072.714,0.08301,-1.00024,-0.24854,1.03400,0.00184,0.00030,0
23075.211,0.07861,-0.99292,-0.24341,1.02534,0.00866,0.00036,0
23077.707,0.07764,-0.99731,-0.24805,1.03063,0.00529,0.00038,0
23080.211,0.07739,-0.99438,-0.24463,1.02695,0.00367,0.00039,0
23082.709,0.07739,-1.00049,-0.24023,1.03183,0.00488,0.00041,0
23085.204,0.07812,-0.99365,-0.23730,1.02458,0.00725,0.00046,0
23087.709,0.08301,-0.99585,-0.24780,1.02957,0.00499,0.00047,0
23090.205,0.08008,-0.99951,-0.24683,1.03265,0.00308,0.00047,0
23092.705,0.08105,-0.99194,-0.23901,1.02355,0.00910,0.00055,0
23095.209,0.08057,-1.00000,-0.24072,1.03172,0.00817,0.00062,0
23097.764,0.07520,-0.99243,-0.24023,1.02386,0.00786,0.00068,0
23100.459,0.08545,-0.99512,-0.23706,1.02653,0.00267,0.00065,0
23103.307,0.08252,-1.00146,-0.24316,1.03386,0.00733,0.00070,0
23105.814,0.08008,-0.99585,-0.23608,1.02658,0.00728,0.00075,0
23108.438,0.08374,-0.99365,-0.23804,1.02519,0.00139,0.00074,0
23111.312,0.07983,-0.99829,-0.23877,1.02955,0.00436,0.00070,0
23113.818,0.07861,-0.99072,-0.23535,1.02132,0.00822,0.00070,0
23116.522,0.08032,-1.00220,-0.24023,1.03371,0.01239,0.00085,0
23119.202,0.07690,-0.99634,-0.24121,1.02800,0.00571,0.00084,0
23121.713,0.07959,-0.98975,-0.24316,1.02228,0.00572,0.00087,0
23124.217,0.08130,-0.99292,-0.24390,1.02566,0.00338,0.00088,0
23126.748,0.07935,-0.99463,-0.24048,1.02636,0.00070,0.00088,0
23129.256,0.07544,-0.99463,-0.24146,1.02629,0.00007,0.00088,0
23131.765,0.07495,-0.99170,-0.23999,1.02307,0.00322,0.00089,0
23134.267,0.07764,-0.99316,-0.23975,1.02464,0.00156,0.00089,0
23137.043,0.08276,-0.99365,-0.23364,1.02410,0.00054,0.00088,0
23139.631,0.08008,-0.99829,-0.24390,1.03077,0.00667,0.00085,0
23142.133,0.08325,-0.99292,-0.24194,1.02536,0.00541,0.00086,0
23144.637,0.07788,-0.99341,-0.23633,1.02410,0.00126,0.00084,0
23147.140,0.08130,-0.99976,-0.24365,1.03222,0.00813,0.00089,0
23149.750,0.07764,-0.99634,-0.24048,1.02788,0.00434,0.00085,0
23152.163,0.07397,-0.99438,-0.24438,1.02664,0.00124,0.00083,0
23154.416,0.07910,-0.99365,-0.24072,1.02545,0.00119,0.00082,0
23156.698,0.07397,-0.99731,-0.24194,1.02890,0.00345,0.00075,0
23159.137,0.07861,-0.99902,-0.25342,1.03366,0.00475,0.00071,0
23161.480,0.07520,-0.99390,-0.25073,1.02779,0.00587,0.00068,0
23163.740,0.08203,-0.99878,-0.23535,1.02941,0.00162,0.00067,0
23165.996,0.08057,-0.99805,-0.23950,1.02954,0.00013,0.00062,0
23168.415,0.07959,-1.00049,-0.24927,1.03414,0.00460,0.00059,0
23171.166,0.07690,-0.99536,-0.23291,1.02514,0.00900,0.00067,0
23173.743,0.07593,-0.99463,-0.24121,1.02627,0.00114,0.00065,0
23175.999,0.08008,-0.99829,-0.24316,1.03060,0.00432,0.00060,0
23178.254,0.07764,-0.98950,-0.23999,1.02114,0.00945,0.00054,0
23180.512,0.08472,-0.98804,-0.23828,1.01989,0.00126,0.00051,0
23182.770,0.08374,-0.99316,-0.23755,1.02461,0.00472,0.00050,0
23185.025,0.07886,-0.99609,-0.24512,1.02884,0.00423,0.00050,0
23187.356,0.07983,-0.98730,-0.23169,1.01726,0.01157,0.00064,0
23189.823,0.07495,-0.99365,-0.24097,1.02520,0.00793,0.00070,0
23192.082,0.08081,-1.00024,-0.24146,1.03214,0.00695,0.00074,0
23194.337,0.08276,-0.99683,-0.23608,1.02774,0.00440,0.00075,0
23196.695,0.08252,-0.99756,-0.24829,1.03130,0.00356,0.00077,0
23199.054,0.08301,-0.99463,-0.24365,1.02740,0.00390,0.00074,0
23201.307,0.08008,-0.99561,-0.24780,1.02910,0.00170,0.00071,0
23203.563,0.08203,-0.99658,-0.24243,1.02892,0.00018,0.00071,0
23205.817,0.07715,-0.99658,-0.23389,1.02656,0.00236,0.00065,0
23208.071,0.08228,-0.99292,-0.23804,1.02436,0.00220,0.00063,0
23210.326,0.07886,-0.99512,-0.23413,1.02533,0.00096,0.00063,0
23212.581,0.08594,-0.99390,-0.23975,1.02601,0.00068,0.00063,0
23215.042,0.07739,-0.99756,-0.23340,1.02742,0.00141,0.00062,0
23217.296,0.08008,-0.99292,-0.24243,1.02522,0.00220,0.00060,0
23219.552,0.07471,-0.99292,-0.24048,1.02435,0.00087,0.00057,0
23221.865,0.07886,-0.99170,-0.24512,1.02458,0.00023,0.00057,0
23224.119,0.08130,-0.99438,-0.24683,1.02778,0.00320,0.00058,0
23226.438,0.07812,-0.99219,-0.24756,1.02559,0.00220,0.00056,0
23228.755,0.07642,-0.99634,-0.24097,1.02791,0.00232,0.00049,0
23231.097,0.07593,-1.00073,-0.23682,1.03117,0.00326,0.00050,0
23233.355,0.08521,-0.99512,-0.24048,1.02730,0.00387,0.00049,0
23235.739,0.08057,-1.00146,-0.24585,1.03434,0.00704,0.00045,0
23238.015,0.08398,-0.99707,-0.24707,1.03065,0.00369,0.00046,0
23240.438,0.08325,-0.99438,-0.24902,1.02847,0.00219,0.00045,0
23243.075,0.08105,-0.99756,-0.24438,1.03025,0.00178,0.00043,0
23245.328,0.07715,-0.99756,-0.23901,1.02869,0.00156,0.00030,0
23247.584,0.08057,-1.00098,-0.24341,1.03329,0.00460,0.00026,0
23249.986,0.08228,-0.99878,-0.23975,1.03044,0.00285,0.00022,0
23252.400,0.07886,-0.99756,-0.23511,1.02792,0.00252,0.00021,0
23254.783,0.07764,-0.99976,-0.23975,1.03103,0.00311,0.00020,0
23257.037,0.07471,-1.00049,-0.23975,1.03152,0.00049,0.00019,0
23259.507,0.07959,-0.99976,-0.23779,1.03072,0.00080,0.00019,0
23261.816,0.07983,-0.99756,-0.24243,1.02969,0.00103,0.00019,0
23264.074,0.08276,-0.99487,-0.23926,1.02658,0.00311,0.00019,0
23266.329,0.07373,-0.99951,-0.23975,1.03050,0.00392,0.00020,0
23268.581,0.08447,-0.99512,-0.24951,1.02939,0.00111,0.00020,0
23271.224,0.08960,-0.99341,-0.23926,1.02574,0.00366,0.00021,0
23273.794,0.07666,-0.99268,-0.23657,1.02335,0.00238,0.00022,0
23276.053,0.07617,-0.99341,-0.24170,1.02522,0.00187,0.00022,0
23278.308,0.08081,-0.99634,-0.23682,1.02728,0.00206,0.00022,0
23280.564,0.07935,-1.00049,-0.23828,1.03153,0.00425,0.00024,0
23282.820,0.08032,-0.99243,-0.24292,1.02488,0.00665,0.00027,0
23285.071,0.08350,-0.99805,-0.23682,1.02915,0.00427,0.00029,0
23287.457,0.08228,-0.99561,-0.24219,1.02794,0.00121,0.00028,0
23289.857,0.07324,-1.00220,-0.23828,1.03273,0.00480,0.00029,0
23292.114,0.08228,-0.99683,-0.24512,1.02981,0.00292,0.00029,0
23294.369,0.08423,-0.99878,-0.24146,1.03100,0.00118,0.00024,0
23296.746,0.08301,-0.98975,-0.24976,1.02414,0.00686,0.00027,0
23299.105,0.08325,-0.99438,-0.23853,1.02598,0.00183,0.00027,0
23301.359,0.07983,-0.99658,-0.24170,1.02858,0.00260,0.00027,0
23303.614,0.07764,-0.99951,-0.24146,1.03119,0.00261,0.00028,0
23305.868,0.07935,-1.00220,-0.24268,1.03421,0.00302,0.00027,0
23308.122,0.08008,-0.99292,-0.23779,1.02413,0.01008,0.00036,0
23310.377,0.08130,-1.00171,-0.22925,1.03082,0.00668,0.00040,0
23313.518,0.07666,-1.00073,-0.23071,1.02984,0.00098,0.00039,0
23315.816,0.07959,-0.99438,-0.23975,1.02597,0.00387,0.00040,0
23318.164,0.07837,-1.00024,-0.24072,1.03178,0.00581,0.00044,0
23320.462,0.08130,-1.00049,-0.23560,1.03106,0.00072,0.00044,0
23322.790,0.08423,-0.99463,-0.24194,1.02709,0.00397,0.00044,0
23325.019,0.07446,-0.99780,-0.23755,1.02839,0.00130,0.00043,0
23326.524,0.07812,-0.99365,-0.23804,1.02475,0.00364,0.00044,0
23328.025,0.08032,-0.99731,-0.23828,1.02853,0.00378,0.00044,0
23329.507,0.08203,-0.99683,-0.23926,1.02841,0.00011,0.00044,0
23331.019,0.07617,-0.99609,-0.23975,1.02737,0.00105,0.00043,0
23332.504,0.07886,-1.00000,-0.23730,1.03079,0.00342,0.00044,0
23333.987,0.07324,-0.99292,-0.23340,1.02261,0.00818,0.00049,0
23335.482,0.08008,-1.00049,-0.23779,1.03147,0.00886,0.00053,0
23336.964,0.08496,-1.00415,-0.24854,1.03793,0.00646,0.00055,0
23338.467,0.07690,-0.99487,-0.23315,1.02472,0.01322,0.00072,0
23339.953,0.07544,-0.99707,-0.24536,1.02958,0.00487,0.00072,0
23341.449,0.07935,-0.99365,-0.24829,1.02727,0.00231,0.00072,0
23343.971,0.08203,-0.99683,-0.24536,1.02985,0.00258,0.00072,0
23346.271,0.07715,-0.99316,-0.23584,1.02369,0.00616,0.00072,0
23348.316,0.08057,-0.99780,-0.24219,1.02993,0.00624,0.00075,0
23349.847,0.08154,-0.99390,-0.23535,1.02463,0.00530,0.00077,0
23351.365,0.08081,-0.99951,-0.23682,1.03036,0.00573,0.00080,0
23352.872,0.07788,-0.99463,-0.23608,1.02523,0.00513,0.00082,0
23354.502,0.07739,-0.99438,-0.24170,1.02626,0.00103,0.00072,0
23356.054,0.07520,-0.99341,-0.23779,1.02424,0.00202,0.00067,0
23357.590,0.07959,-0.99219,-0.23975,1.02384,0.00040,0.00067,0
23359.740,0.07617,-0.99780,-0.24072,1.02925,0.00541,0.00069,0
23362.037,0.08228,-0.99561,-0.24438,1.02846,0.00080,0.00066,0
23364.422,0.08325,-0.99023,-0.24219,1.02281,0.00564,0.00069,0
23365.922,0.07886,-0.99609,-0.24902,1.02977,0.00696,0.00072,0
23367.445,0.07886,-0.99927,-0.24121,1.03099,0.00121,0.00072,0
23368.942,0.08008,-0.99805,-0.23291,1.02799,0.00300,0.00071,0
23370.444,0.08252,-0.99463,-0.24023,1.02655,0.00144,0.00070,0
23372.056,0.08203,-0.99512,-0.23462,1.02569,0.00086,0.00070,0
23373.653,0.08032,-0.99146,-0.24023,1.02330,0.00238,0.00071,0
23375.305,0.07446,-0.99438,-0.24268,1.02627,0.00297,0.00070,0
23377.520,0.07300,-0.99658,-0.23901,1.02744,0.00117,0.00064,0
23379.322,0.08105,-1.00073,-0.23608,1.03139,0.00395,0.00058,0
23380.814,0.08203,-0.99097,-0.23682,1.02217,0.00923,0.00062,0
23382.309,0.07812,-0.99585,-0.24097,1.02756,0.00540,0.00047,0
23383.998,0.07837,-0.99536,-0.24365,1.02774,0.00018,0.00045,0
23385.519,0.08081,-0.99707,-0.22974,1.02638,0.00136,0.00045,0
23387.033,0.08325,-0.99536,-0.23926,1.02709,0.00071,0.00044,0
23388.622,0.08276,-1.00049,-0.24756,1.03398,0.00689,0.00045,0
23390.120,0.07837,-0.99634,-0.24219,1.02834,0.00564,0.00044,0
23391.715,0.08301,-1.00000,-0.23999,1.03174,0.00340,0.00043,0
23394.034,0.07666,-0.99170,-0.24048,1.02332,0.00842,0.00046,0
23395.760,0.08105,-0.99707,-0.24341,1.02955,0.00623,0.00048,0
23397.259,0.08008,-0.99438,-0.24072,1.02624,0.00331,0.00049,0
23398.769,0.07642,-0.99536,-0.23804,1.02628,0.00004,0.00048,0
23400.275,0.07983,-0.99585,-0.23291,1.02583,0.00044,0.00048,0
23401.801,0.07910,-0.99585,-0.23438,1.02611,0.00028,0.00045,0
23403.296,0.08228,-0.99634,-0.24194,1.02859,0.00248,0.00046,0
23404.791,0.08472,-0.99756,-0.23633,1.02866,0.00008,0.00043,0
23406.285,0.08081,-0.99609,-0.23584,1.02682,0.00185,0.00038,0
23407.786,0.08203,-0.99390,-0.23828,1.02535,0.00147,0.00038,0
23409.422,0.08179,-0.99365,-0.24438,1.02653,0.00118,0.00038,0
23411.692,0.08374,-0.99683,-0.24756,1.03051,0.00399,0.00039,0
23413.187,0.08350,-0.99780,-0.23682,1.02891,0.00160,0.00039,0
23414.680,0.08154,-0.99634,-0.23975,1.02802,0.00090,0.00039,0
23416.173,0.08032,-1.00049,-0.23511,1.03088,0.00286,0.00039,0
23417.668,0.08130,-0.99927,-0.24121,1.03118,0.00030,0.00038,0
23419.164,0.08252,-0.99731,-0.24170,1.02950,0.00168,0.00037,0
23420.648,0.08374,-0.99805,-0.24097,1.03013,0.00064,0.00029,0
23422.132,0.08057,-0.99609,-0.24170,1.02816,0.00197,0.00026,0
23423.629,0.07959,-0.99731,-0.24268,1.02950,0.00134,0.00026,0
23425.134,0.08472,-0.99707,-0.24048,1.02915,0.00034,0.00026,0
23427.318,0.07959,-0.99634,-0.24146,1.02826,0.00089,0.00026,0
23429.071,0.08130,-0.99463,-0.23730,1.02577,0.00249,0.00022,0
23430.565,0.07178,-0.99634,-0.23608,1.02644,0.00067,0.00019,0
23432.058,0.07593,-1.00000,-0.24463,1.03228,0.00584,0.00021,0
23433.608,0.08228,-0.99805,-0.23901,1.02956,0.00272,0.00015,0
23435.116,0.08130,-0.99658,-0.23779,1.02778,0.00178,0.00011,0
23436.609,0.07642,-0.99365,-0.23853,1.02473,0.00305,0.00011,0
23438.101,0.08228,-0.99951,-0.23730,1.03059,0.00585,0.00015,0
23439.588,0.08105,-0.99487,-0.23462,1.02537,0.00521,0.00017,0
23441.075,0.08472,-0.99731,-0.23950,1.02916,0.00379,0.00019,0
23442.707,0.08252,-1.00366,-0.23340,1.03374,0.00458,0.00020,0
23444.960,0.08228,-0.99438,-0.23706,1.02556,0.00818,0.00027,0
23446.457,0.07983,-1.00000,-0.23145,1.02953,0.00398,0.00028,0
23447.962,0.08398,-0.99243,-0.24121,1.02477,0.00476,0.00030,0
23449.453,0.07666,-0.99146,-0.24487,1.02412,0.00065,0.00030,0
23450.946,0.08179,-1.00000,-0.24048,1.03176,0.00763,0.00034,0
23452.436,0.07739,-0.99756,-0.24634,1.03043,0.00132,0.00034,0
23453.928,0.08081,-0.99756,-0.24780,1.03105,0.00061,0.00034,0
23455.417,0.07227,-0.99829,-0.23975,1.02922,0.00183,0.00034,0
23456.903,0.07837,-0.99829,-0.24194,1.03018,0.00096,0.00034,0
23458.395,0.08594,-0.99902,-0.24487,1.03218,0.00200,0.00034,0
23460.618,0.07788,-0.99609,-0.24829,1.02952,0.00266,0.00035,0
23462.416,0.08228,-0.99780,-0.24390,1.03047,0.00095,0.00034,0
23463.910,0.07764,-0.99268,-0.24438,1.02526,0.00521,0.00037,0
23465.402,0.07886,-0.99951,-0.24536,1.03220,0.00694,0.00042,0
23466.896,0.07910,-0.99878,-0.23682,1.02951,0.00269,0.00042,0
23468.387,0.08105,-0.99609,-0.23706,1.02712,0.00240,0.00042,0
23469.878,0.08032,-0.99902,-0.24341,1.03138,0.00426,0.00044,0
23471.367,0.07910,-0.99731,-0.24365,1.02969,0.00169,0.00041,0
23472.851,0.08301,-0.99683,-0.23657,1.02787,0.00182,0.00040,0
23474.340,0.08008,-1.00000,-0.24170,1.03191,0.00404,0.00042,0
23476.140,0.07935,-0.99878,-0.24023,1.03032,0.00158,0.00041,0
23478.295,0.08228,-0.99463,-0.24072,1.02665,0.00368,0.00039,0
23479.788,0.08203,-0.99414,-0.24219,1.02650,0.00015,0.00036,0
23481.282,0.08032,-0.99683,-0.22656,1.02540,0.00110,0.00035,0
23482.781,0.08081,-0.99658,-0.23730,1.02763,0.00223,0.00033,0
23484.304,0.07910,-0.99390,-0.24292,1.02621,0.00142,0.00027,0
23485.800,0.08008,-0.99609,-0.23682,1.02698,0.00078,0.00025,0
23487.294,0.07715,-0.99780,-0.23633,1.02831,0.00132,0.00023,0
23488.784,0.07886,-0.99561,-0.23975,1.02710,0.00121,0.00023,0
23490.302,0.07910,-0.99878,-0.23853,1.02991,0.00281,0.00018,0
23491.793,0.07837,-0.99878,-0.24268,1.03082,0.00091,0.00018,0
23494.044,0.08423,-0.99707,-0.24536,1.03026,0.00056,0.00018,0
23495.777,0.07910,-0.99438,-0.23779,1.02548,0.00479,0.00020,0
23497.422,0.07886,-0.99316,-0.22607,1.02162,0.00386,0.00022,0
23498.921,0.07788,-1.00171,-0.24292,1.03368,0.01206,0.00036,0
23500.415,0.07788,-1.00195,-0.24902,1.03537,0.00169,0.00035,0
23501.910,0.07422,-0.99658,-0.23950,1.02764,0.00773,0.00041,0
23503.406,0.07837,-0.99609,-0.23828,1.02719,0.00045,0.00039,0
23504.897,0.07959,-1.00122,-0.24146,1.03299,0.00580,0.00037,0
23506.389,0.07910,-1.00220,-0.24048,1.03368,0.00068,0.00036,0
23507.879,0.07373,-0.99341,-0.24634,1.02615,0.00753,0.00041,0
23509.876,0.07446,-1.00049,-0.24707,1.03323,0.00708,0.00045,0
23512.134,0.08032,-0.99976,-0.24146,1.03163,0.00160,0.00045,0
23514.399,0.08154,-0.99487,-0.24976,1.02898,0.00265,0.00045,0
23516.660,0.08130,-0.99805,-0.24438,1.03074,0.00176,0.00044,0
23518.920,0.08569,-0.99780,-0.23486,1.02865,0.00210,0.00044,0
23521.164,0.08154,-0.99951,-0.24658,1.03270,0.00406,0.00044,0
23523.416,0.08130,-0.99683,-0.23779,1.02802,0.00469,0.00046,0
23525.682,0.07397,-0.99390,-0.23755,1.02456,0.00345,0.00047,0
23527.951,0.07471,-0.99805,-0.24072,1.02938,0.00482,0.00049,0
23530.213,0.07935,-0.99341,-0.24194,1.02552,0.00386,0.00051,0
23532.474,0.07983,-0.99341,-0.24048,1.02521,0.00031,0.00050,0
23534.732,0.08130,-0.99878,-0.24268,1.03105,0.00583,0.00054,0
23536.980,0.08179,-0.99609,-0.25195,1.03071,0.00033,0.00054,0
23539.247,0.08423,-1.00000,-0.23633,1.03099,0.00028,0.00053,0
23541.503,0.07739,-0.99829,-0.22974,1.02730,0.00369,0.00054,0
23543.761,0.07422,-0.99561,-0.24219,1.02732,0.00002,0.00054,0
23546.075,0.07886,-0.99707,-0.24463,1.02967,0.00234,0.00052,0
23548.391,0.07471,-1.00098,-0.24487,1.03320,0.00353,0.00052,0
23549.900,0.07910,-0.99658,-0.24585,1.02950,0.00370,0.00039,0
23551.395,0.07959,-0.99634,-0.24609,1.02936,0.00014,0.00039,0
23552.885,0.07886,-0.99878,-0.24292,1.03092,0.00155,0.00033,0
23554.375,0.08228,-1.00098,-0.24365,1.03348,0.00257,0.00034,0
23555.877,0.08105,-0.99829,-0.24072,1.03010,0.00339,0.00031,0
23557.361,0.07788,-1.00049,-0.23853,1.03147,0.00137,0.00031,0
23559.460,0.08374,-0.99780,-0.24585,1.03105,0.00042,0.00026,0
23561.757,0.07495,-0.99585,-0.23682,1.02636,0.00469,0.00023,0
23563.259,0.07910,-0.99878,-0.23584,1.02929,0.00293,0.00024,0
23564.753,0.07593,-0.99341,-0.23389,1.02339,0.00590,0.00026,0
23566.268,0.08032,-0.99341,-0.23804,1.02468,0.00129,0.00026,0
23567.760,0.08301,-0.99976,-0.25073,1.03405,0.00937,0.00035,0
23569.248,0.08350,-0.99536,-0.24463,1.02838,0.00568,0.00036,0
23570.740,0.08081,-0.99609,-0.23682,1.02704,0.00134,0.00034,0
23572.230,0.08203,-0.99634,-0.23267,1.02643,0.00062,0.00033,0
23573.718,0.07617,-1.00122,-0.24072,1.03257,0.00614,0.00034,0
23575.257,0.07837,-0.99194,-0.24048,1.02368,0.00888,0.00041,0
23577.506,0.07935,-0.99805,-0.24634,1.03106,0.00737,0.00046,0
23579.759,0.07983,-1.00293,-0.23901,1.03410,0.00305,0.00044,0
23582.037,0.08179,-0.99707,-0.23706,1.02812,0.00598,0.00047,0
23584.389,0.08252,-0.99634,-0.24146,1.02849,0.00037,0.00047,0
23585.906,0.08203,-0.99365,-0.24561,1.02684,0.00166,0.00046,0
23587.414,0.07886,-0.99097,-0.24365,1.02352,0.00331,0.00047,0
23588.902,0.07959,-0.99609,-0.25171,1.03048,0.00696,0.00052,0
23590.407,0.08130,-1.00073,-0.24146,1.03265,0.00217,0.00051,0
23591.987,0.07788,-0.99536,-0.24854,1.02887,0.00378,0.00051,0
23594.241,0.08252,-0.99341,-0.23926,1.02514,0.00373,0.00052,0
23596.510,0.07593,-0.99878,-0.24121,1.03030,0.00515,0.00055,0
23598.811,0.07886,-0.99487,-0.24219,1.02696,0.00334,0.00055,0
23600.521,0.07739,-0.99805,-0.24121,1.02969,0.00273,0.00055,0
23602.015,0.08057,-0.99829,-0.23706,1.02921,0.00048,0.00055,0
23603.507,0.07886,-0.99927,-0.23901,1.03048,0.00127,0.00055,0
23605.000,0.08032,-0.99609,-0.24146,1.02808,0.00239,0.00053,0
23606.492,0.08252,-0.99634,-0.24487,1.02930,0.00122,0.00052,0
23607.987,0.08276,-0.99731,-0.24292,1.02980,0.00050,0.00049,0
23610.265,0.08130,-1.00171,-0.24683,1.03487,0.00506,0.00051,0
23612.560,0.08032,-0.99634,-0.24609,1.02942,0.00545,0.00046,0
23614.271,0.08081,-0.99707,-0.23706,1.02805,0.00137,0.00043,0
23615.762,0.08081,-0.99243,-0.24805,1.02615,0.00190,0.00043,0
23617.349,0.07544,-0.99854,-0.23779,1.02923,0.00308,0.00044,0
23618.815,0.08203,-0.99683,-0.24390,1.02950,0.00028,0.00040,0
23620.302,0.07690,-0.99194,-0.24487,1.02461,0.00489,0.00034,0
23621.895,0.07935,-0.99902,-0.24463,1.03159,0.00698,0.00034,0
23623.512,0.08032,-1.00366,-0.24463,1.03616,0.00457,0.00035,0
23625.076,0.08154,-1.00195,-0.24658,1.03507,0.00110,0.00031,0
23627.307,0.08081,-0.99902,-0.23706,1.02994,0.00513,0.00034,0
23629.084,0.08081,-0.99292,-0.23560,1.02368,0.00626,0.00038,0
23630.600,0.07690,-0.99292,-0.24658,1.02597,0.00228,0.00037,0
23632.089,0.07812,-0.99805,-0.24463,1.03056,0.00459,0.00034,0
23633.572,0.07788,-0.99756,-0.23877,1.02869,0.00187,0.00034,0
23635.065,0.08032,-1.00049,-0.23755,1.03143,0.00275,0.00034,0
23636.560,0.07886,-0.99316,-0.23169,1.02288,0.00856,0.00040,0
23638.052,0.07690,-0.99561,-0.23315,1.02543,0.00255,0.00038,0
23639.548,0.07935,-0.99731,-0.23853,1.02851,0.00308,0.00037,0
23641.070,0.07690,-0.99365,-0.24463,1.02621,0.00230,0.00037,0
23643.189,0.08032,-0.99585,-0.24634,1.02900,0.00280,0.00038,0
23645.464,0.07690,-0.99316,-0.23364,1.02317,0.00583,0.00041,0
23647.796,0.08350,-0.99561,-0.23633,1.02667,0.00350,0.00042,0
23649.383,0.07715,-0.99487,-0.24268,1.02694,0.00027,0.00042,0
23650.878,0.08423,-0.99731,-0.24121,1.02952,0.00258,0.00042,0
23652.391,0.07617,-1.00391,-0.24194,1.03545,0.00593,0.00043,0
23653.887,0.08105,-0.99609,-0.24316,1.02854,0.00691,0.00045,0
23655.383,0.07324,-0.99805,-0.23608,1.02820,0.00034,0.00045,0
23656.877,0.07520,-0.99658,-0.23633,1.02698,0.00122,0.00045,0
23658.471,0.07080,-0.99976,-0.24609,1.03203,0.00505,0.00046,0
23660.778,0.07666,-0.99487,-0.23804,1.02582,0.00621,0.00050,0
23662.320,0.08252,-0.99438,-0.24390,1.02718,0.00136,0.00048,0
23663.865,0.08325,-0.99805,-0.24463,1.03096,0.00378,0.00044,0
23665.354,0.07837,-0.99927,-0.25293,1.03376,0.00280,0.00043,0
23666.849,0.08032,-0.99976,-0.24121,1.03157,0.00218,0.00044,0
23668.390,0.08179,-0.99292,-0.24097,1.02501,0.00657,0.00045,0
23669.903,0.08276,-0.98657,-0.24707,1.02040,0.00461,0.00043,0
23671.445,0.07446,-0.99097,-0.24390,1.02325,0.00285,0.00044,0
23672.972,0.07373,-0.99756,-0.25024,1.03111,0.00785,0.00048,0
23674.484,0.07495,-0.99390,-0.24390,1.02613,0.00498,0.00050,0
23676.008,0.07617,-0.99658,-0.24121,1.02818,0.00206,0.00050,0
23678.265,0.08081,-0.99878,-0.25073,1.03294,0.00475,0.00045,0
23679.760,0.08887,-0.99585,-0.24194,1.02866,0.00427,0.00046,0
23681.252,0.08643,-0.99951,-0.24463,1.03264,0.00397,0.00046,0
23682.745,0.08252,-1.00024,-0.24170,1.03234,0.00030,0.00046,0
23684.234,0.07764,-0.99609,-0.23633,1.02668,0.00565,0.00048,0
23685.721,0.07544,-0.99512,-0.23291,1.02479,0.00189,0.00045,0
23687.210,0.07983,-0.99731,-0.24902,1.03103,0.00624,0.00048,0
23688.694,0.08057,-0.99487,-0.23755,1.02601,0.00502,0.00050,0
23690.192,0.07910,-0.99536,-0.23901,1.02671,0.00070,0.00050,0
23691.684,0.08423,-0.99585,-0.24341,1.02862,0.00191,0.00047,0
23693.938,0.07739,-0.99902,-0.23389,1.02895,0.00033,0.00042,0
23696.228,0.08374,-0.99243,-0.23828,1.02407,0.00489,0.00044,0
23698.333,0.07812,-0.99048,-0.24805,1.02405,0.00002,0.00044,0
23699.872,0.07959,-0.99634,-0.24146,1.02826,0.00421,0.00043,0
23701.362,0.08350,-0.99634,-0.24512,1.02944,0.00118,0.00040,0
23702.854,0.08594,-0.99829,-0.24487,1.03147,0.00203,0.00040,0
23704.338,0.07764,-0.99438,-0.24585,1.02726,0.00421,0.00040,0
23705.819,0.07666,-0.99414,-0.23975,1.02551,0.00175,0.00040,0
23707.351,0.07471,-1.00122,-0.24097,1.03252,0.00701,0.00044,0
23709.787,0.08179,-0.99756,-0.23853,1.02893,0.00358,0.00041,0
23711.674,0.08350,-0.99854,-0.24072,1.03053,0.00160,0.00039,0
23713.166,0.07690,-0.99243,-0.23438,1.02263,0.00790,0.00045,0
23714.667,0.08521,-0.99438,-0.23975,1.02642,0.00379,0.00040,0
23716.158,0.08423,-1.00000,-0.24097,1.03207,0.00564,0.00041,0
23717.663,0.08252,-0.99854,-0.24121,1.03057,0.00150,0.00040,0
23719.181,0.08032,-0.99341,-0.23877,1.02485,0.00571,0.00041,0
23720.663,0.08398,-0.99878,-0.23633,1.02979,0.00494,0.00042,0
23722.145,0.08252,-0.99805,-0.23804,1.02935,0.00043,0.00040,0
23723.632,0.07812,-0.99414,-0.23999,1.02568,0.00368,0.00042,0
23725.228,0.08154,-0.99780,-0.24048,1.02961,0.00393,0.00040,0
23727.480,0.07837,-0.99658,-0.24023,1.02812,0.00149,0.00040,0
23729.744,0.08398,-0.99683,-0.23242,1.02700,0.00112,0.00036,0
23732.202,0.08228,-1.00195,-0.23413,1.03223,0.00523,0.00036,0
23734.491,0.08496,-0.99487,-0.23267,1.02524,0.00699,0.00041,0
23735.985,0.07715,-0.99805,-0.24097,1.02962,0.00438,0.00043,0
23737.472,0.08228,-0.99731,-0.23950,1.02896,0.00065,0.00043,0
23738.958,0.07739,-0.99268,-0.24219,1.02472,0.00424,0.00042,0
23740.450,0.07812,-0.99048,-0.23389,1.02071,0.00401,0.00044,0
23742.036,0.08130,-0.99512,-0.23901,1.02664,0.00593,0.00046,0
23744.291,0.08105,-0.99805,-0.24341,1.03049,0.00385,0.00047,0
23746.746,0.07935,-0.99585,-0.24365,1.02829,0.00220,0.00047,0
23749.258,0.07568,-0.99683,-0.24756,1.02989,0.00160,0.00046,0
23750.779,0.08008,-0.99121,-0.24072,1.02316,0.00673,0.00050,0
23752.271,0.07593,-0.99365,-0.23560,1.02402,0.00086,0.00045,0
23753.762,0.07300,-0.99731,-0.24048,1.02849,0.00447,0.00046,0
23755.261,0.07397,-0.99951,-0.24194,1.03103,0.00254,0.00046,0
23756.745,0.07935,-0.99658,-0.24023,1.02819,0.00284,0.00041,0
23758.241,0.08081,-0.99780,-0.24170,1.02983,0.00164,0.00039,0
23760.497,0.07886,-0.99609,-0.24097,1.02786,0.00198,0.00037,0
23762.759,0.08423,-0.99512,-0.24146,1.02745,0.00041,0.00036,0
23765.008,0.07910,-1.00098,-0.24170,1.03278,0.00533,0.00036,0
23767.271,0.07690,-0.99731,-0.24927,1.03087,0.00191,0.00034,0
23769.525,0.07861,-1.00000,-0.23804,1.03094,0.00008,0.00034,0
23771.987,0.08154,-1.00073,-0.23926,1.03216,0.00122,0.00033,0
23774.194,0.08179,-0.99731,-0.24194,1.02950,0.00267,0.00032,0
23775.690,0.07690,-0.99731,-0.24829,1.03063,0.00113,0.00032,0
23777.182,0.07861,-0.99756,-0.24829,1.03100,0.00037,0.00032,0
23778.673,0.08374,-0.99609,-0.24097,1.02824,0.00275,0.00030,0
23780.158,0.08398,-0.99609,-0.24072,1.02820,0.00004,0.00025,0
23781.678,0.07959,-0.99805,-0.24365,1.03044,0.00223,0.00023,0
23783.164,0.08008,-1.00415,-0.24072,1.03570,0.00527,0.00026,0
23784.679,0.08374,-0.99976,-0.24390,1.03248,0.00322,0.00025,0
23786.172,0.08398,-0.99707,-0.24683,1.03059,0.00188,0.00024,0
23787.664,0.08228,-0.99756,-0.23877,1.02903,0.00156,0.00021,0
23789.155,0.08057,-0.99780,-0.24023,1.02947,0.00044,0.00019,0
23790.679,0.08374,-0.99854,-0.24048,1.03049,0.00102,0.00019,0
23792.494,0.08008,-1.00098,-0.23169,1.03056,0.00006,0.00019,0
23794.636,0.07837,-0.99756,-0.24487,1.03016,0.00040,0.00014,0
23796.169,0.08740,-0.98999,-0.24512,1.02362,0.00654,0.00018,0
23797.780,0.08203,-0.98853,-0.23633,1.01969,0.00393,0.00018,0
23799.303,0.08057,-0.99561,-0.24072,1.02746,0.00777,0.00023,0
23800.795,0.07886,-0.99487,-0.24414,1.02742,0.00004,0.00023,0
23802.288,0.07617,-0.99585,-0.24146,1.02753,0.00011,0.00022,0
23803.780,0.08008,-0.99097,-0.23950,1.02264,0.00489,0.00024,0
23805.316,0.07666,-0.99390,-0.23486,1.02414,0.00150,0.00024,0
23806.811,0.08252,-0.99805,-0.23975,1.02975,0.00561,0.00025,0
23808.303,0.08716,-0.98950,-0.24512,1.02313,0.00662,0.00029,0
23810.465,0.08032,-0.99390,-0.24316,1.02636,0.00323,0.00030,0
23812.248,0.07593,-0.99780,-0.24902,1.03121,0.00485,0.00032,0
23813.750,0.07666,-0.99707,-0.25073,1.03097,0.00024,0.00031,0
23815.244,0.07764,-0.99731,-0.23853,1.02838,0.00259,0.00032,0
23816.762,0.07837,-0.99658,-0.24194,1.02852,0.00014,0.00032,0
23818.266,0.08105,-0.99634,-0.23975,1.02798,0.00054,0.00031,0
23819.772,0.07886,-0.99268,-0.23828,1.02391,0.00406,0.00033,0
23821.281,0.07886,-0.99707,-0.23193,1.02672,0.00281,0.00033,0
23822.779,0.08105,-0.99292,-0.25732,1.02892,0.00220,0.00031,0
23824.289,0.08032,-0.99585,-0.25000,1.02989,0.00097,0.00030,0
23825.798,0.07910,-0.99829,-0.24976,1.03209,0.00221,0.00030,0
23828.066,0.07373,-0.99805,-0.24341,1.02994,0.00215,0.00030,0
23829.698,0.07617,-0.99390,-0.23364,1.02383,0.00612,0.00034,0
23831.259,0.07837,-0.99463,-0.23535,1.02509,0.00127,0.00034,0
23832.820,0.07837,-0.99609,-0.24487,1.02874,0.00365,0.00035,0
23834.403,0.08105,-0.99756,-0.23486,1.02803,0.00071,0.00035,0
23835.939,0.07861,-0.99634,-0.24268,1.02847,0.00044,0.00031,0
23837.427,0.08203,-0.99463,-0.23608,1.02555,0.00293,0.00030,0
23839.011,0.07788,-0.99951,-0.23706,1.03019,0.00464,0.00027,0
23840.504,0.07959,-0.99683,-0.24023,1.02845,0.00174,0.00027,0
23842.037,0.07397,-0.99048,-0.22827,1.01913,0.00932,0.00036,0
23844.340,0.08130,-0.99194,-0.23389,1.02238,0.00325,0.00034,0
23845.995,0.07837,-0.99731,-0.23511,1.02764,0.00526,0.00037,0
23847.492,0.08350,-0.99731,-0.24438,1.03021,0.00256,0.00034,0
23848.981,0.08569,-0.99487,-0.23853,1.02665,0.00356,0.00031,0
23850.474,0.07861,-0.99536,-0.23853,1.02656,0.00009,0.00030,0
23851.963,0.08179,-0.99902,-0.24292,1.03138,0.00482,0.00030,0
23853.451,0.07642,-0.99731,-0.23291,1.02700,0.00438,0.00032,0
23854.959,0.07764,-0.99414,-0.23950,1.02553,0.00147,0.00032,0
23856.518,0.08032,-0.99048,-0.23730,1.02167,0.00385,0.00033,0
23858.076,0.08325,-0.99805,-0.24438,1.03090,0.00923,0.00041,0
23859.598,0.07837,-0.99512,-0.24609,1.02809,0.00281,0.00041,0
23861.866,0.07520,-1.00122,-0.24219,1.03284,0.00475,0.00042,0
23863.365,0.07715,-0.99414,-0.23828,1.02521,0.00763,0.00047,0
23864.854,0.07788,-0.99634,-0.23462,1.02655,0.00134,0.00048,0
23866.353,0.07910,-1.00244,-0.24805,1.03570,0.00915,0.00055,0
23867.849,0.08301,-0.99902,-0.24292,1.03148,0.00422,0.00057,0
23869.340,0.08154,-0.99609,-0.25220,1.03075,0.00072,0.00053,0
23870.850,0.08179,-0.99170,-0.24536,1.02487,0.00588,0.00056,0
23872.341,0.07617,-0.99097,-0.23755,1.02188,0.00299,0.00056,0
23873.845,0.07910,-0.99585,-0.24097,1.02764,0.00575,0.00059,0
23875.491,0.07910,-0.99902,-0.24512,1.03169,0.00405,0.00061,0
23877.738,0.08130,-0.99561,-0.23682,1.02661,0.00508,0.00063,0
23879.988,0.07935,-0.99585,-0.23291,1.02580,0.00081,0.00060,0
23882.286,0.08154,-0.99609,-0.24390,1.02876,0.00296,0.00061,0
23884.610,0.07861,-0.99634,-0.23608,1.02694,0.00182,0.00053,0
23886.111,0.08154,-1.00146,-0.24316,1.03378,0.00684,0.00056,0
23887.603,0.07690,-0.99634,-0.23657,1.02692,0.00686,0.00058,0
23889.096,0.08057,-0.99805,-0.24072,1.02982,0.00290,0.00058,0
23890.590,0.08276,-1.00195,-0.24561,1.03493,0.00511,0.00060,0
23892.252,0.08008,-0.99805,-0.23999,1.02961,0.00532,0.00063,0
23894.498,0.07666,-0.99438,-0.24194,1.02626,0.00335,0.00061,0
23896.796,0.07959,-0.99878,-0.23633,1.02944,0.00318,0.00060,0
23898.932,0.08081,-0.99365,-0.23608,1.02451,0.00493,0.00063,0
23900.426,0.08154,-0.99902,-0.24146,1.03102,0.00651,0.00065,0
23901.924,0.08301,-0.99805,-0.24194,1.03030,0.00071,0.00057,0
23903.415,0.07666,-0.99609,-0.23584,1.02650,0.00380,0.00058,0
23904.906,0.08154,-0.99658,-0.22900,1.02580,0.00070,0.00055,0
23906.439,0.08081,-0.99585,-0.23730,1.02692,0.00112,0.00050,0
23907.961,0.08301,-0.99878,-0.24316,1.03130,0.00438,0.00051,0
23910.179,0.07495,-1.00415,-0.24097,1.03537,0.00407,0.00045,0
23912.435,0.08203,-1.00220,-0.23633,1.03295,0.00243,0.00044,0
23914.688,0.08325,-0.99561,-0.23193,1.02565,0.00730,0.00049,0
23916.940,0.08057,-1.00049,-0.24341,1.03282,0.00717,0.00050,0
23919.202,0.08057,-0.99829,-0.24292,1.03058,0.00224,0.00050,0
23921.499,0.07959,-0.99487,-0.23633,1.02565,0.00493,0.00049,0
23923.189,0.08472,-0.99878,-0.23364,1.02924,0.00359,0.00049,0
23924.679,0.07764,-0.99976,-0.24561,1.03241,0.00317,0.00047,0
23926.929,0.08301,-0.99414,-0.24609,1.02751,0.00490,0.00050,0
23929.183,0.07935,-0.99561,-0.24146,1.02753,0.00003,0.00049,0
23931.437,0.07617,-0.99341,-0.24512,1.02603,0.00150,0.00049,0
23933.701,0.08081,-0.98975,-0.24365,1.02249,0.00354,0.00045,0
23936.527,0.08130,-1.00171,-0.24268,1.03389,0.01139,0.00053,0
23938.087,0.07861,-0.99438,-0.24219,1.02647,0.00742,0.00058,0
23939.612,0.07617,-0.99536,-0.24194,1.02717,0.00070,0.00056,0
23941.247,0.07935,-0.99243,-0.22974,1.02176,0.00541,0.00056,0
23943.866,0.08057,-0.99805,-0.24121,1.02994,0.00818,0.00061,0
23946.311,0.08203,-0.98975,-0.23804,1.02127,0.00867,0.00068,0
23948.678,0.07617,-0.99658,-0.23755,1.02733,0.00606,0.00069,0
23951.115,0.07422,-0.99731,-0.23560,1.02745,0.00012,0.00065,0
23953.396,0.08374,-0.99585,-0.24243,1.02835,0.00090,0.00065,0
23955.484,0.08008,-0.99438,-0.24390,1.02699,0.00136,0.00064,0
23957.559,0.07715,-0.99097,-0.24048,1.02264,0.00434,0.00065,0
23959.239,0.07104,-0.99341,-0.24072,1.02462,0.00198,0.00066,0
23961.858,0.07935,-0.99512,-0.25000,1.02910,0.00448,0.00066,0
23963.947,0.07812,-1.00049,-0.23682,1.03110,0.00199,0.00064,0
23966.070,0.07666,-0.99902,-0.24341,1.03110,0.00000,0.00064,0
23968.260,0.08228,-0.99951,-0.23926,1.03104,0.00007,0.00059,0
23970.211,0.07202,-1.00171,-0.24072,1.03274,0.00170,0.00054,0
23971.708,0.07690,-0.99951,-0.24097,1.03102,0.00172,0.00053,0
23973.203,0.08228,-0.99707,-0.23511,1.02771,0.00331,0.00052,0
23975.149,0.07617,-0.99634,-0.23730,1.02704,0.00068,0.00051,0
23977.250,0.08740,-0.99683,-0.24390,1.02995,0.00291,0.00051,0
23978.909,0.07202,-1.00024,-0.24365,1.03201,0.00206,0.00049,0
23980.396,0.07617,-0.99805,-0.24097,1.02955,0.00246,0.00049,0
23981.894,0.07446,-0.98999,-0.23853,1.02104,0.00851,0.00056,0
23983.401,0.07935,-0.99536,-0.23877,1.02667,0.00563,0.00058,0
23984.915,0.07959,-0.99902,-0.24121,1.03081,0.00414,0.00047,0
23986.396,0.07861,-0.99561,-0.23633,1.02629,0.00452,0.00044,0
23987.874,0.08008,-0.99756,-0.24512,1.03035,0.00406,0.00045,0
23989.351,0.08057,-0.99756,-0.24170,1.02958,0.00077,0.00042,0
23991.159,0.07617,-0.99097,-0.24561,1.02379,0.00579,0.00039,0
23993.196,0.08301,-0.99731,-0.25098,1.03175,0.00797,0.00038,0
23994.953,0.08862,-0.99707,-0.23047,1.02719,0.00456,0.00036,0
23996.468,0.07861,-0.99414,-0.23511,1.02458,0.00261,0.00037,0
23997.951,0.07715,-0.99951,-0.24097,1.03104,0.00646,0.00041,0
23999.433,0.07837,-0.99658,-0.24048,1.02818,0.00286,0.00042,0
24000.912,0.08032,-0.99976,-0.24438,1.03232,0.00414,0.00041,0
24002.390,0.08105,-1.00073,-0.24536,1.03356,0.00123,0.00041,0
24003.869,0.08252,-0.99829,-0.23804,1.02959,0.00397,0.00041,0
24005.345,0.08350,-0.99829,-0.23730,1.02950,0.00009,0.00040,0
24006.825,0.07959,-0.99146,-0.23682,1.02245,0.00705,0.00045,0
24008.481,0.07617,-0.99634,-0.23877,1.02738,0.00493,0.00048,0
24010.555,0.08057,-1.00757,-0.24707,1.04054,0.01317,0.00065,0
24012.187,0.07788,-0.99951,-0.23901,1.03064,0.00990,0.00074,0
24013.666,0.07910,-0.99341,-0.24902,1.02719,0.00344,0.00074,0
24015.146,0.08203,-0.99634,-0.24268,1.02874,0.00155,0.00075,0
24016.623,0.07715,-0.99341,-0.23975,1.02484,0.00391,0.00075,0
24018.101,0.07935,-0.99561,-0.24536,1.02846,0.00362,0.00076,0
24019.570,0.08447,-0.99170,-0.24536,1.02509,0.00337,0.00077,0
24021.046,0.07544,-0.99658,-0.24512,1.02905,0.00396,0.00071,0
24022.534,0.07910,-0.99561,-0.24243,1.02775,0.00131,0.00068,0
24024.052,0.08105,-0.99512,-0.24731,1.02859,0.00084,0.00066,0
24025.755,0.07788,-0.99536,-0.24243,1.02742,0.00117,0.00064,0
24028.252,0.08179,-0.99731,-0.24976,1.03136,0.00394,0.00064,0
24030.005,0.07959,-0.99634,-0.24756,1.02971,0.00165,0.00065,0
24031.500,0.07837,-0.99731,-0.23877,1.02849,0.00122,0.00061,0
24032.984,0.08057,-0.99658,-0.24121,1.02852,0.00003,0.00055,0
24034.482,0.08374,-0.99976,-0.23706,1.03088,0.00237,0.00054,0
24035.965,0.08154,-0.99609,-0.24634,1.02934,0.00155,0.00053,0
24037.445,0.08008,-0.99805,-0.24585,1.03100,0.00166,0.00049,0
24038.930,0.07959,-0.99829,-0.23511,1.02869,0.00231,0.00049,0
24040.413,0.08179,-0.99878,-0.23853,1.03012,0.00143,0.00047,0
24041.911,0.07910,-0.99927,-0.24487,1.03187,0.00175,0.00048,0
24043.996,0.07812,-0.99512,-0.23706,1.02594,0.00593,0.00050,0
24046.075,0.08105,-0.99854,-0.23511,1.02904,0.00309,0.00050,0
24048.163,0.08008,-0.99048,-0.23560,1.02126,0.00778,0.00052,0
24049.647,0.07886,-0.99414,-0.23779,1.02522,0.00396,0.00051,0
24051.133,0.07837,-0.99878,-0.23145,1.02824,0.00301,0.00034,0
24052.620,0.08008,-0.99805,-0.23657,1.02882,0.00059,0.00024,0
24054.117,0.07959,-0.99609,-0.23779,1.02717,0.00165,0.00024,0
24055.613,0.07837,-0.99731,-0.23364,1.02731,0.00014,0.00023,0
24057.101,0.08667,-0.99365,-0.24365,1.02675,0.00056,0.00022,0
24058.609,0.08203,-0.99536,-0.24658,1.02873,0.00197,0.00021,0
24060.856,0.07910,-0.99243,-0.23364,1.02263,0.00610,0.00023,0
24063.109,0.08301,-0.99951,-0.24219,1.03178,0.00915,0.00030,0
24065.359,0.08374,-0.99658,-0.23853,1.02815,0.00363,0.00031,0
24067.611,0.07861,-0.99731,-0.24023,1.02885,0.00070,0.00031,0
24069.887,0.08276,-1.00073,-0.24512,1.03363,0.00478,0.00034,0
24072.140,0.07373,-0.99854,-0.23413,1.02826,0.00537,0.00035,0
24074.514,0.08765,-0.99268,-0.23999,1.02503,0.00324,0.00036,0
24076.746,0.08203,-0.99658,-0.24756,1.03014,0.00511,0.00038,0
24079.000,0.08130,-0.99292,-0.24951,1.02701,0.00313,0.00039,0
24081.252,0.07886,-1.00122,-0.24658,1.03415,0.00714,0.00044,0
24083.529,0.08105,-0.99731,-0.24536,1.03025,0.00390,0.00045,0
24085.801,0.08447,-0.99438,-0.23999,1.02642,0.00383,0.00046,0
24088.057,0.08179,-0.99243,-0.24219,1.02482,0.00159,0.00046,0
24090.311,0.07764,-0.99780,-0.23877,1.02891,0.00408,0.00047,0
24092.613,0.08447,-0.99316,-0.23950,1.02512,0.00379,0.00048,0
24094.869,0.07812,-0.99463,-0.23511,1.02502,0.00010,0.00045,0
24097.124,0.08081,-0.99487,-0.24097,1.02682,0.00180,0.00044,0
24099.397,0.07959,-1.00171,-0.23682,1.03239,0.00557,0.00041,0
24101.648,0.08472,-0.99927,-0.23975,1.03111,0.00128,0.00040,0
24103.943,0.07373,-0.99634,-0.24414,1.02846,0.00265,0.00040,0
24106.199,0.08301,-0.99756,-0.24438,1.03041,0.00195,0.00040,0
24108.455,0.08008,-0.99292,-0.24341,1.02545,0.00496,0.00042,0
24110.710,0.07666,-0.99561,-0.23926,1.02682,0.00136,0.00042,0
24112.981,0.08203,-0.99805,-0.24316,1.03051,0.00370,0.00044,0
24115.236,0.08325,-0.99780,-0.22925,1.02718,0.00333,0.00045,0
24117.506,0.08398,-0.99731,-0.24609,1.03066,0.00348,0.00042,0
24119.762,0.08276,-0.99951,-0.24829,1.03321,0.00255,0.00034,0
24122.013,0.08325,-0.99683,-0.24634,1.03018,0.00303,0.00034,0
24124.266,0.08203,-0.99927,-0.25073,1.03350,0.00332,0.00035,0
24126.520,0.07715,-0.99829,-0.23560,1.02861,0.00489,0.00035,0
24128.786,0.08057,-0.99585,-0.23682,1.02679,0.00183,0.00032,0
24131.050,0.07812,-1.00220,-0.23389,1.03209,0.00530,0.00034,0
24133.302,0.08228,-0.99414,-0.24023,1.02606,0.00603,0.00035,0
24135.557,0.07812,-0.99976,-0.23853,1.03078,0.00472,0.00037,0
24137.810,0.07983,-1.00073,-0.24683,1.03381,0.00303,0.00032,0
24140.057,0.08325,-0.99487,-0.24146,1.02713,0.00668,0.00035,0
24142.310,0.07910,-1.00049,-0.23633,1.03106,0.00393,0.00035,0
24144.562,0.08228,-1.00171,-0.24585,1.03471,0.00365,0.00036,0
24146.817,0.07935,-0.99951,-0.24634,1.03247,0.00224,0.00035,0
24149.067,0.07715,-0.99951,-0.24316,1.03155,0.00092,0.00034,0
24151.331,0.07788,-0.99756,-0.24438,1.03001,0.00155,0.00034,0
24153.709,0.07935,-0.99463,-0.23535,1.02517,0.00484,0.00036,0
24156.211,0.07568,-1.00000,-0.23340,1.02966,0.00449,0.00035,0
24158.708,0.07764,-0.99390,-0.24268,1.02604,0.00363,0.00036,0
24161.207,0.08130,-0.99170,-0.24292,1.02425,0.00179,0.00036,0
24163.718,0.08081,-0.99634,-0.24512,1.02922,0.00497,0.00038,0
24166.214,0.07812,-0.99731,-0.24292,1.02944,0.00022,0.00035,0
24168.715,0.07959,-1.00269,-0.23975,1.03402,0.00458,0.00037,0
24171.217,0.07666,-0.99634,-0.24365,1.02856,0.00546,0.00039,0
24173.707,0.08203,-0.99585,-0.24219,1.02815,0.00040,0.00038,0
24176.203,0.07593,-1.00024,-0.23730,1.03081,0.00266,0.00037,0
24178.701,0.08228,-0.99292,-0.23486,1.02363,0.00718,0.00042,0
24181.195,0.08057,-0.99463,-0.23853,1.02600,0.00237,0.00042,0
24183.691,0.07642,-0.99780,-0.24146,1.02944,0.00344,0.00042,0
24186.192,0.08252,-0.99512,-0.24414,1.02795,0.00150,0.00039,0
24188.691,0.07886,-0.99976,-0.24390,1.03209,0.00415,0.00041,0
24191.187,0.08423,-0.99854,-0.23633,1.02957,0.00252,0.00039,0
24193.684,0.08105,-0.99780,-0.24609,1.03089,0.00132,0.00035,0
24196.180,0.08081,-1.00000,-0.24658,1.03312,0.00222,0.00033,0
24198.687,0.07812,-0.99146,-0.24438,1.02411,0.00900,0.00041,0
24201.220,0.08057,-0.99683,-0.24023,1.02853,0.00441,0.00038,0
24203.773,0.08057,-0.99731,-0.24316,1.02969,0.00116,0.00037,0
24206.301,0.07935,-0.99048,-0.23975,1.02217,0.00752,0.00041,0
24208.835,0.08032,-0.99414,-0.23682,1.02511,0.00294,0.00041,0
24211.416,0.07861,-0.99609,-0.24927,1.02981,0.00470,0.00044,0
24213.941,0.07837,-0.99756,-0.24121,1.02929,0.00052,0.00043,0
24216.456,0.07666,-0.99170,-0.23071,1.02106,0.00823,0.00048,0
24219.150,0.07886,-0.99243,-0.24438,1.02512,0.00405,0.00047,0
24220.765,0.07275,-0.99463,-0.24146,1.02610,0.00098,0.00046,0
24222.336,0.07861,-1.00024,-0.24072,1.03180,0.00570,0.00049,0
24223.938,0.08374,-0.99536,-0.24365,1.02816,0.00364,0.00048,0
24225.545,0.07520,-0.99976,-0.23730,1.03028,0.00212,0.00048,0
24228.433,0.07642,-0.99805,-0.23950,1.02922,0.00106,0.00046,0
24231.099,0.08325,-0.99292,-0.24268,1.02553,0.00369,0.00045,0
24233.908,0.08472,-0.99805,-0.23779,1.02948,0.00395,0.00046,0
24237.306,0.07471,-0.99536,-0.23999,1.02661,0.00287,0.00046,0
24239.605,0.08057,-0.99512,-0.23657,1.02602,0.00059,0.00041,0
24241.203,0.07935,-0.99829,-0.24072,1.02997,0.00395,0.00042,0
24242.806,0.08105,-0.99829,-0.23828,1.02953,0.00043,0.00041,0
24244.977,0.07837,-0.99976,-0.23999,1.03114,0.00161,0.00041,0
24247.581,0.07812,-0.99658,-0.23755,1.02748,0.00366,0.00041,0
24250.212,0.07324,-0.99487,-0.23779,1.02552,0.00196,0.00041,0
24251.744,0.08032,-1.00024,-0.23877,1.03148,0.00596,0.00044,0
24253.258,0.07837,-0.99902,-0.23877,1.03015,0.00133,0.00044,0
24254.811,0.08032,-1.00024,-0.24463,1.03285,0.00271,0.00036,0
24256.434,0.07568,-1.00049,-0.24121,1.03193,0.00092,0.00034,0
24258.051,0.08081,-1.00000,-0.24536,1.03283,0.00089,0.00034,0
24260.098,0.08228,-0.99121,-0.23901,1.02293,0.00989,0.00039,0
24262.063,0.08081,-0.99634,-0.24170,1.02842,0.00548,0.00041,0
24264.269,0.07617,-0.99878,-0.24780,1.03188,0.00346,0.00040,0
24266.103,0.07617,-0.99268,-0.24194,1.02457,0.00731,0.00045,0
24267.781,0.08374,-0.99707,-0.24536,1.03023,0.00565,0.00041,0
24269.545,0.08496,-0.99219,-0.24805,1.02625,0.00398,0.00041,0
24271.228,0.08398,-0.99585,-0.23779,1.02729,0.00104,0.00041,0
24272.782,0.08325,-0.99390,-0.23560,1.02483,0.00246,0.00039,0
24274.316,0.07690,-0.99609,-0.23560,1.02646,0.00164,0.00038,0
24275.897,0.07227,-0.99854,-0.23755,1.02894,0.00248,0.00038,0
24280.300,0.07446,-0.99585,-0.24463,1.02816,0.00079,0.00038,0
24282.049,0.08032,-0.99268,-0.24634,1.02593,0.00222,0.00037,0
24283.678,0.07935,-0.99976,-0.23730,1.03059,0.00466,0.00037,0
24285.213,0.08179,-0.99878,-0.24390,1.03138,0.00078,0.00037,0
24286.713,0.07861,-0.99414,-0.24023,1.02577,0.00560,0.00040,0
24288.198,0.07837,-0.99561,-0.23730,1.02649,0.00072,0.00038,0
24289.672,0.07861,-0.99609,-0.24390,1.02853,0.00204,0.00039,0
24291.239,0.07788,-0.99512,-0.24170,1.02701,0.00152,0.00039,0
24294.824,0.08203,-0.99658,-0.24512,1.02956,0.00255,0.00038,0
24296.922,0.08154,-0.99365,-0.23999,1.02547,0.00409,0.00039,0
24298.487,0.07617,-0.99463,-0.24487,1.02716,0.00169,0.00036,0
24299.990,0.07886,-0.99683,-0.24268,1.02897,0.00181,0.00036,0
24301.471,0.08252,-0.99805,-0.24146,1.03015,0.00118,0.00036,0
24302.958,0.08105,-0.99561,-0.23779,1.02681,0.00334,0.00037,0
24304.441,0.08569,-0.99463,-0.24097,1.02698,0.00017,0.00037,0
24305.941,0.08081,-0.99219,-0.23291,1.02236,0.00463,0.00029,0
24307.491,0.08618,-1.00317,-0.23706,1.03440,0.01204,0.00040,0
24309.068,0.08496,-0.99829,-0.23730,1.02962,0.00478,0.00041,0
24311.055,0.07886,-0.99390,-0.24463,1.02659,0.00303,0.00037,0
24313.417,0.07959,-0.99487,-0.24048,1.02661,0.00002,0.00034,0
24317.150,0.08398,-0.99487,-0.24194,1.02731,0.00069,0.00032,0
24318.770,0.08154,-0.99463,-0.24121,1.02670,0.00061,0.00032,0
24320.385,0.08423,-0.99829,-0.24243,1.03075,0.00405,0.00033,0
24321.962,0.08325,-0.99634,-0.24219,1.02872,0.00203,0.00033,0
24323.510,0.08301,-0.99438,-0.24561,1.02763,0.00110,0.00033,0
24325.013,0.07690,-0.99194,-0.25000,1.02585,0.00178,0.00033,0
24328.188,0.08301,-0.99634,-0.23877,1.02791,0.00206,0.00033,0
24330.132,0.07129,-0.99194,-0.23999,1.02305,0.00486,0.00033,0
24331.660,0.08472,-0.99487,-0.24170,1.02731,0.00426,0.00035,0
24333.160,0.08105,-0.99219,-0.23730,1.02339,0.00392,0.00033,0
24334.702,0.07642,-0.99951,-0.24341,1.03156,0.00817,0.00040,0
24336.187,0.07593,-0.99683,-0.24048,1.02823,0.00333,0.00041,0
24337.661,0.07520,-0.99365,-0.23267,1.02330,0.00494,0.00043,0
24339.140,0.07739,-0.99878,-0.24048,1.03023,0.00694,0.00047,0
24340.642,0.07397,-0.99658,-0.24072,1.02791,0.00232,0.00046,0
24342.809,0.07642,-0.99683,-0.23730,1.02753,0.00038,0.00046,0
24344.946,0.07886,-1.00342,-0.24634,1.03622,0.00869,0.00053,0
24347.018,0.08008,-1.00317,-0.24170,1.03498,0.00124,0.00053,0
24348.793,0.08105,-0.99805,-0.24243,1.03026,0.00472,0.00054,0
24350.303,0.08203,-0.99561,-0.24194,1.02786,0.00240,0.00055,0
24351.784,0.07690,-0.99390,-0.24829,1.02732,0.00054,0.00053,0
24353.367,0.08057,-1.00146,-0.24585,1.03434,0.00702,0.00043,0
24354.830,0.07617,-0.99731,-0.24243,1.02918,0.00516,0.00043,0
24356.288,0.07422,-1.00366,-0.23608,1.03372,0.00454,0.00044,0
24357.753,0.08154,-0.99927,-0.24365,1.03177,0.00195,0.00045,0
24359.441,0.08643,-0.99927,-0.23999,1.03131,0.00046,0.00045,0
24361.014,0.08521,-1.00098,-0.23853,1.03253,0.00122,0.00045,0
24362.513,0.08032,-0.99609,-0.24438,1.02878,0.00375,0.00045,0
24364.007,0.08032,-0.99609,-0.24072,1.02791,0.00086,0.00044,0
24365.476,0.08032,-0.99756,-0.24146,1.02950,0.00159,0.00045,0
24366.937,0.07617,-0.99976,-0.24927,1.03317,0.00367,0.00046,0
24368.397,0.07471,-0.99805,-0.23877,1.02893,0.00425,0.00047,0
24369.857,0.07617,-1.00439,-0.23486,1.03430,0.00537,0.00047,0
24371.335,0.08008,-0.99585,-0.24780,1.02934,0.00496,0.00048,0
24372.798,0.08228,-1.00195,-0.24487,1.03472,0.00538,0.00049,0
24374.285,0.08862,-0.99780,-0.24243,1.03065,0.00407,0.00044,0
24375.829,0.08228,-0.99609,-0.24390,1.02881,0.00184,0.00044,0
24377.312,0.07935,-0.99292,-0.24121,1.02487,0.00394,0.00043,0
24379.059,0.07910,-0.99463,-0.24414,1.02720,0.00233,0.00039,0
24380.657,0.08301,-0.99683,-0.23975,1.02861,0.00140,0.00038,0
24382.201,0.07910,-0.99487,-0.24976,1.02879,0.00018,0.00038,0
24383.774,0.07910,-0.99268,-0.25049,1.02684,0.00195,0.00031,0
24385.740,0.07983,-0.99902,-0.23657,1.02975,0.00291,0.00032,0
24387.232,0.07788,-0.99023,-0.23682,1.02113,0.00862,0.00037,0
24388.691,0.08032,-0.99536,-0.23364,1.02557,0.00443,0.00038,0
24390.151,0.07544,-0.99390,-0.23706,1.02456,0.00101,0.00038,0
24391.692,0.07544,-0.99268,-0.24048,1.02417,0.00039,0.00033,0
24393.294,0.08032,-0.99292,-0.24341,1.02547,0.00130,0.00031,0
24394.878,0.08057,-0.99731,-0.23999,1.02894,0.00347,0.00030,0
24396.378,0.08032,-0.98999,-0.24268,1.02246,0.00648,0.00034,0
24397.860,0.07983,-0.99414,-0.24268,1.02644,0.00398,0.00035,0
24399.333,0.07666,-0.99780,-0.24268,1.02975,0.00331,0.00036,0
24400.793,0.08008,-0.99683,-0.23657,1.02764,0.00211,0.00035,0
24402.255,0.07959,-0.99805,-0.23682,1.02884,0.00120,0.00036,0
24403.711,0.08105,-1.00049,-0.24585,1.03344,0.00459,0.00037,0
24405.169,0.08374,-0.99878,-0.23950,1.03050,0.00293,0.00037,0
24406.596,0.07861,-0.99561,-0.24243,1.02771,0.00279,0.00036,0
24408.138,0.07886,-1.00073,-0.24023,1.03218,0.00447,0.00035,0
24409.715,0.07837,-0.99683,-0.24512,1.02951,0.00267,0.00033,0
24411.282,0.07837,-0.99829,-0.24316,1.03046,0.00096,0.00030,0
24412.783,0.07983,-0.99731,-0.24390,1.02980,0.00066,0.00029,0
24414.265,0.07495,-0.99609,-0.24487,1.02849,0.00132,0.00029,0
24415.725,0.07959,-0.99585,-0.24731,1.02918,0.00070,0.00027,0
24417.184,0.08228,-0.99927,-0.25049,1.03346,0.00428,0.00028,0
24418.657,0.08569,-0.99731,-0.25049,1.03185,0.00161,0.00028,0
24420.159,0.07812,-1.00391,-0.24683,1.03675,0.00490,0.00031,0
24421.615,0.08008,-0.99658,-0.24121,1.02848,0.00827,0.00037,0
24423.074,0.07715,-0.99731,-0.23535,1.02761,0.00087,0.00037,0
24424.540,0.07690,-0.99609,-0.24170,1.02788,0.00027,0.00029,0
24426.035,0.08447,-0.99487,-0.23535,1.02582,0.00206,0.00028,0
24427.548,0.07959,-0.99072,-0.24170,1.02288,0.00294,0.00028,0
24429.067,0.08008,-0.99634,-0.23657,1.02717,0.00428,0.00030,0
24430.705,0.08008,-0.99878,-0.23169,1.02842,0.00126,0.00030,0
24432.349,0.08179,-0.99609,-0.24048,1.02797,0.00045,0.00029,0
24433.880,0.08301,-0.99902,-0.25659,1.03478,0.00681,0.00029,0
24435.695,0.08057,-0.99902,-0.24731,1.03233,0.00245,0.00028,0
24437.182,0.07886,-0.99438,-0.24805,1.02788,0.00444,0.00029,0
24438.705,0.08594,-0.99463,-0.24341,1.02758,0.00031,0.00029,0
24440.316,0.07739,-0.99512,-0.24707,1.02825,0.00067,0.00029,0
24442.367,0.08472,-0.99243,-0.23633,1.02369,0.00455,0.00029,0
24443.898,0.07373,-0.99658,-0.24268,1.02835,0.00466,0.00030,0
24445.430,0.07617,-1.00195,-0.24292,1.03379,0.00544,0.00032,0
24446.979,0.07690,-0.99951,-0.24341,1.03159,0.00220,0.00031,0
24448.449,0.08862,-0.99756,-0.24634,1.03134,0.00025,0.00030,0
24449.914,0.07788,-0.99463,-0.24536,1.02740,0.00394,0.00031,0
24451.390,0.07788,-0.99854,-0.24438,1.03095,0.00355,0.00033,0
24452.854,0.08374,-0.99854,-0.24072,1.03055,0.00040,0.00033,0
24454.441,0.08105,-0.99707,-0.23755,1.02818,0.00237,0.00033,0
24455.921,0.08203,-0.99048,-0.24121,1.02272,0.00546,0.00034,0
24457.417,0.08472,-0.99585,-0.24854,1.02989,0.00716,0.00039,0
24459.958,0.07739,-0.99951,-0.24927,1.03303,0.00314,0.00038,0
24461.663,0.07935,-0.99219,-0.23926,1.02371,0.00932,0.00040,0
24463.195,0.07935,-0.99243,-0.24268,1.02475,0.00104,0.00040,0
24464.674,0.07837,-1.00146,-0.23975,1.03274,0.00799,0.00046,0
24466.143,0.07666,-0.99219,-0.24658,1.02524,0.00750,0.00051,0
24467.628,0.07910,-0.99658,-0.23340,1.02660,0.00136,0.00050,0
24469.097,0.08179,-0.99683,-0.24487,1.02972,0.00312,0.00050,0
24470.564,0.08154,-0.99341,-0.23682,1.02450,0.00522,0.00052,0
24472.020,0.07373,-0.99463,-0.23877,1.02554,0.00105,0.00052,0
24473.477,0.08228,-1.00122,-0.24097,1.03309,0.00755,0.00053,0
24474.978,0.06934,-0.99683,-0.23267,1.02596,0.00713,0.00058,0
24476.519,0.07739,-0.99658,-0.23877,1.02770,0.00174,0.00056,0
24478.064,0.08032,-0.99561,-0.24316,1.02801,0.00031,0.00056,0
24479.643,0.07959,-0.99634,-0.24658,1.02948,0.00147,0.00056,0
24481.168,0.08130,-0.99829,-0.24146,1.03029,0.00081,0.00054,0
24482.703,0.08398,-0.99731,-0.23706,1.02854,0.00175,0.00052,0
24484.165,0.08350,-1.00122,-0.24170,1.03336,0.00482,0.00052,0
24486.415,0.07495,-0.99365,-0.23804,1.02451,0.00885,0.00059,0
24487.896,0.07861,-1.00024,-0.23706,1.03095,0.00644,0.00063,0
24489.370,0.08032,-1.00024,-0.23560,1.03075,0.00020,0.00062,0
24490.839,0.08472,-0.99829,-0.24585,1.03160,0.00085,0.00061,0
24492.328,0.08203,-1.00000,-0.24023,1.03172,0.00012,0.00061,0
24493.829,0.08057,-0.98999,-0.23828,1.02144,0.01027,0.00071,0
24495.316,0.07666,-0.98853,-0.24194,1.02059,0.00086,0.00068,0
24496.827,0.07788,-0.99512,-0.24536,1.02787,0.00729,0.00068,0
24498.313,0.07568,-0.99658,-0.23706,1.02718,0.00069,0.00067,0
24499.808,0.07837,-0.99365,-0.23950,1.02511,0.00207,0.00059,0
24501.269,0.07739,-0.99487,-0.23438,1.02503,0.00008,0.00058,0
24502.772,0.07690,-0.99487,-0.23560,1.02528,0.00024,0.00052,0
24504.266,0.08008,-0.99512,-0.23511,1.02564,0.00037,0.00046,0
24505.726,0.08105,-0.99121,-0.23926,1.02289,0.00275,0.00047,0
24507.188,0.07910,-0.99414,-0.24194,1.02621,0.00332,0.00047,0
24508.980,0.07910,-0.99829,-0.24463,1.03087,0.00466,0.00047,0
24510.505,0.08057,-0.99658,-0.24341,1.02904,0.00183,0.00047,0
24512.026,0.08350,-0.99902,-0.23853,1.03049,0.00146,0.00041,0
24513.560,0.07861,-0.99390,-0.24585,1.02687,0.00363,0.00038,0
24515.089,0.07739,-0.99683,-0.23901,1.02800,0.00113,0.00037,0
24516.569,0.08105,-0.99463,-0.24243,1.02695,0.00105,0.00038,0
24518.333,0.07837,-0.99805,-0.24609,1.03092,0.00397,0.00039,0
24519.818,0.08057,-0.99512,-0.23877,1.02653,0.00439,0.00041,0
24521.293,0.08374,-0.99072,-0.23926,1.02264,0.00389,0.00042,0
24522.757,0.08545,-0.99512,-0.25244,1.03019,0.00755,0.00045,0
24524.216,0.08130,-0.99463,-0.24536,1.02767,0.00252,0.00038,0
24525.714,0.08032,-0.99438,-0.24048,1.02620,0.00147,0.00034,0
24527.239,0.08105,-0.99341,-0.24194,1.02565,0.00054,0.00034,0
24528.772,0.08105,-0.99780,-0.23999,1.02945,0.00380,0.00036,0
24530.244,0.08105,-1.00000,-0.24023,1.03164,0.00219,0.00036,0
24531.703,0.08276,-0.99854,-0.25366,1.03357,0.00193,0.00026,0
24533.160,0.08008,-0.99951,-0.25098,1.03365,0.00008,0.00026,0
24534.616,0.07837,-0.99731,-0.23999,1.02877,0.00487,0.00023,0
24536.071,0.08105,-1.00000,-0.24780,1.03343,0.00466,0.00025,0
24537.525,0.08350,-0.99536,-0.24219,1.02780,0.00563,0.00028,0
24538.983,0.08545,-0.99609,-0.23340,1.02663,0.00116,0.00028,0
24540.446,0.07886,-0.99414,-0.23364,1.02427,0.00237,0.00028,0
24541.919,0.07642,-1.00293,-0.23560,1.03306,0.00879,0.00036,0
24543.430,0.08203,-0.99634,-0.24219,1.02863,0.00443,0.00037,0
24544.901,0.07935,-0.99438,-0.24072,1.02618,0.00245,0.00037,0
24546.359,0.08252,-0.99316,-0.24121,1.02536,0.00082,0.00035,0
24547.819,0.08301,-0.99512,-0.23633,1.02616,0.00080,0.00034,0
24549.275,0.08105,-0.99023,-0.23779,1.02161,0.00455,0.00036,0
24550.731,0.07349,-0.99219,-0.24512,1.02466,0.00305,0.00036,0
24552.643,0.07959,-0.99365,-0.24414,1.02630,0.00164,0.00036,0
24554.121,0.07788,-0.99829,-0.24170,1.03008,0.00379,0.00037,0
24555.772,0.08447,-1.00146,-0.25073,1.03583,0.00574,0.00039,0
24557.237,0.08105,-0.99438,-0.25098,1.02877,0.00706,0.00042,0
24558.792,0.08252,-0.99756,-0.24634,1.03083,0.00207,0.00041,0
24560.266,0.07617,-0.99951,-0.24780,1.03259,0.00175,0.00036,0
24561.725,0.08154,-0.99487,-0.24072,1.02682,0.00576,0.00038,0
24563.237,0.07373,-0.99658,-0.24219,1.02823,0.00141,0.00038,0
24564.699,0.07935,-0.99463,-0.24048,1.02636,0.00188,0.00039,0
24566.157,0.07935,-1.00073,-0.24170,1.03256,0.00620,0.00041,0
24567.716,0.08374,-0.99561,-0.25122,1.03022,0.00234,0.00041,0
24569.176,0.07666,-0.99585,-0.24194,1.02768,0.00254,0.00041,0
24570.633,0.07373,-0.98950,-0.24097,1.02109,0.00660,0.00046,0
24572.096,0.07886,-0.99072,-0.24414,1.02340,0.00232,0.00044,0
24573.555,0.07935,-0.99756,-0.23975,1.02903,0.00562,0.00045,0
24575.018,0.08032,-0.99390,-0.23389,1.02420,0.00483,0.00044,0
24576.495,0.08301,-0.99756,-0.24072,1.02954,0.00534,0.00047,0
24577.952,0.07983,-0.99780,-0.23926,1.02919,0.00036,0.00046,0
24579.411,0.08374,-0.99512,-0.24365,1.02793,0.00126,0.00039,0
24580.881,0.08374,-0.99390,-0.24365,1.02675,0.00118,0.00037,0
24582.340,0.07886,-0.99609,-0.24561,1.02895,0.00221,0.00037,0
24583.799,0.08032,-0.99414,-0.23535,1.02477,0.00418,0.00038,0
24585.258,0.08057,-0.99829,-0.24463,1.03098,0.00621,0.00042,0
24586.776,0.07690,-1.00073,-0.24438,1.03301,0.00203,0.00041,0
24588.282,0.07739,-1.00000,-0.24365,1.03216,0.00085,0.00040,0
24589.742,0.08179,-0.99170,-0.24170,1.02400,0.00816,0.00046,0
24591.272,0.07910,-1.00171,-0.23364,1.03163,0.00763,0.00051,0
24592.733,0.08325,-0.99854,-0.24023,1.03040,0.00124,0.00047,0
24594.193,0.08154,-1.00098,-0.24365,1.03343,0.00303,0.00043,0
24595.813,0.07520,-0.99585,-0.24292,1.02780,0.00562,0.00046,0
24597.271,0.08130,-0.99414,-0.23877,1.02564,0.00216,0.00046,0
24598.776,0.07983,-0.99414,-0.24170,1.02621,0.00057,0.00043,0
24600.301,0.08374,-0.99951,-0.24072,1.03150,0.00529,0.00046,0
24601.759,0.08472,-0.99683,-0.24170,1.02920,0.00229,0.00046,0
24603.254,0.08325,-0.99438,-0.23682,1.02558,0.00362,0.00043,0
24604.714,0.07690,-0.99609,-0.23950,1.02736,0.00178,0.00043,0
24606.173,0.07935,-0.99365,-0.24219,1.02581,0.00155,0.00043,0
24607.732,0.08203,-0.99512,-0.23120,1.02491,0.00090,0.00038,0
24609.202,0.07739,-0.99365,-0.23364,1.02368,0.00123,0.00038,0
24610.665,0.08105,-0.99683,-0.23706,1.02783,0.00415,0.00036,0
24612.127,0.07983,-0.99707,-0.24316,1.02939,0.00157,0.00034,0
24613.587,0.08105,-0.99268,-0.24951,1.02676,0.00264,0.00032,0
24615.050,0.07568,-0.99463,-0.23926,1.02580,0.00096,0.00032,0
24616.517,0.08032,-0.99658,-0.23267,1.02653,0.00073,0.00032,0
24617.973,0.08228,-0.99512,-0.24414,1.02793,0.00140,0.00032,0
24619.432,0.08228,-0.99707,-0.24243,1.02941,0.00149,0.00032,0
24620.891,0.08008,-0.99878,-0.24756,1.03211,0.00270,0.00031,0
24622.351,0.08057,-0.99658,-0.24146,1.02858,0.00354,0.00028,0
24623.810,0.07690,-0.99316,-0.23682,1.02390,0.00468,0.00030,0
24625.268,0.08154,-1.00073,-0.24536,1.03359,0.00969,0.00039,0
24626.806,0.08032,-1.00049,-0.24561,1.03332,0.00027,0.00033,0
24628.326,0.07617,-0.99902,-0.23853,1.02992,0.00340,0.00028,0
24629.784,0.07959,-1.00415,-0.24219,1.03601,0.00608,0.00032,0
24631.259,0.07666,-0.99707,-0.23657,1.02761,0.00839,0.00038,0
24632.725,0.08203,-0.99219,-0.24292,1.02478,0.00283,0.00035,0
24634.188,0.07593,-0.99414,-0.23755,1.02494,0.00016,0.00035,0
24635.729,0.07983,-0.99927,-0.23926,1.03061,0.00566,0.00038,0
24637.190,0.07715,-0.99658,-0.23828,1.02757,0.00304,0.00036,0
24638.650,0.07886,-1.00049,-0.24097,1.03211,0.00454,0.00038,0
24640.111,0.07544,-0.99365,-0.23877,1.02472,0.00740,0.00042,0
24641.569,0.07837,-0.99634,-0.24463,1.02892,0.00420,0.00043,0
24643.054,0.07202,-0.99878,-0.24390,1.03065,0.00173,0.00043,0
24644.553,0.07983,-0.99438,-0.23901,1.02582,0.00483,0.00046,0
24646.011,0.08276,-0.99683,-0.23486,1.02746,0.00164,0.00046,0
24647.469,0.07715,-0.99438,-0.23877,1.02556,0.00190,0.00044,0
24648.924,0.07959,-0.99658,-0.25244,1.03113,0.00558,0.00047,0
24650.378,0.08057,-1.00391,-0.24854,1.03735,0.00621,0.00050,0
24651.838,0.07935,-1.00317,-0.24146,1.03487,0.00248,0.00051,0
24653.378,0.07910,-0.99976,-0.24390,1.03211,0.00276,0.00052,0
24654.845,0.08765,-0.99487,-0.24805,1.02907,0.00304,0.00052,0
24656.358,0.08301,-0.99316,-0.25146,1.02786,0.00121,0.00052,0
24657.821,0.07910,-0.99390,-0.24927,1.02773,0.00014,0.00052,0
24659.282,0.08276,-0.99805,-0.24756,1.03162,0.00389,0.00052,0
24660.742,0.07886,-0.99438,-0.24609,1.02742,0.00420,0.00051,0
24662.201,0.07593,-0.99487,-0.24341,1.02703,0.00039,0.00042,0
24663.798,0.08008,-0.99463,-0.24463,1.02740,0.00037,0.00042,0
24665.257,0.07861,-0.99756,-0.23975,1.02897,0.00158,0.00041,0
24666.795,0.07471,-0.99683,-0.24463,1.02912,0.00015,0.00038,0
24668.250,0.08228,-0.99805,-0.23682,1.02905,0.00007,0.00030,0
24669.727,0.07959,-0.99341,-0.23267,1.02339,0.00566,0.00033,0
24671.217,0.08301,-0.99683,-0.24658,1.03022,0.00683,0.00038,0
24672.677,0.08105,-0.99683,-0.23657,1.02772,0.00251,0.00035,0
24674.161,0.07422,-0.99951,-0.24072,1.03077,0.00305,0.00035,0
24675.653,0.07715,-1.00269,-0.23682,1.03316,0.00239,0.00033,0
24677.112,0.07642,-1.00269,-0.24438,1.03486,0.00171,0.00028,0
24678.570,0.07739,-0.99902,-0.24097,1.03058,0.00428,0.00028,0
24680.031,0.07593,-1.00366,-0.23511,1.03362,0.00304,0.00029,0
24681.592,0.08008,-0.99805,-0.24243,1.03019,0.00344,0.00028,0
24683.054,0.08105,-0.99609,-0.24878,1.02989,0.00030,0.00028,0
24684.661,0.08105,-0.99438,-0.23975,1.02608,0.00380,0.00029,0
24686.155,0.08179,-0.99487,-0.24121,1.02696,0.00087,0.00026,0
24687.660,0.07959,-0.99707,-0.24292,1.02932,0.00236,0.00022,0
24689.119,0.07812,-0.99829,-0.24048,1.02981,0.00050,0.00022,0
24690.578,0.08032,-0.99390,-0.24097,1.02584,0.00398,0.00023,0
24692.039,0.08179,-0.99756,-0.23608,1.02837,0.00253,0.00022,0
24693.497,0.08301,-0.99634,-0.23071,1.02606,0.00231,0.00023,0
24695.085,0.07617,-0.99878,-0.23511,1.02890,0.00284,0.00023,0
24696.558,0.08276,-0.99585,-0.23755,1.02713,0.00177,0.00022,0
24698.015,0.08276,-0.99292,-0.23706,1.02418,0.00295,0.00021,0
24699.474,0.08032,-0.99463,-0.24121,1.02661,0.00243,0.00022,0
24700.933,0.07910,-1.00342,-0.23950,1.03463,0.00803,0.00028,0
24702.419,0.07764,-1.00000,-0.24194,1.03178,0.00286,0.00029,0
24703.883,0.08716,-0.99512,-0.23779,1.02684,0.00494,0.00031,0
24705.340,0.08325,-1.00098,-0.24097,1.03293,0.00609,0.00035,0
24706.831,0.08447,-0.99536,-0.24048,1.02748,0.00546,0.00035,0
24708.423,0.08179,-0.99438,-0.24292,1.02689,0.00059,0.00030,0
24709.913,0.07300,-0.99829,-0.23608,1.02842,0.00153,0.00030,0
24711.371,0.08057,-0.99951,-0.24097,1.03130,0.00288,0.00030,0
24712.857,0.08374,-0.99683,-0.24731,1.03046,0.00084,0.00029,0
24714.400,0.08521,-0.99658,-0.24048,1.02872,0.00174,0.00029,0
24715.859,0.07983,-0.98975,-0.25024,1.02401,0.00471,0.00030,0
24717.318,0.08057,-0.99341,-0.24683,1.02678,0.00277,0.00029,0
24718.820,0.08008,-0.99976,-0.23730,1.03065,0.00387,0.00030,0
24720.339,0.07690,-1.00122,-0.24243,1.03302,0.00237,0.00030,0
24721.798,0.08032,-0.99414,-0.24072,1.02602,0.00700,0.00034,0
24723.279,0.08203,-0.99121,-0.23755,1.02257,0.00344,0.00035,0
24724.737,0.08643,-0.99927,-0.23486,1.03013,0.00756,0.00040,0
24726.197,0.07666,-1.00000,-0.23950,1.03113,0.00101,0.00040,0
24727.706,0.07471,-0.99561,-0.24121,1.02713,0.00401,0.00040,0
24729.167,0.07886,-0.99341,-0.23779,1.02451,0.00262,0.00040,0
24730.625,0.08447,-0.99438,-0.23901,1.02619,0.00168,0.00040,0
24732.084,0.07788,-0.99170,-0.23706,1.02261,0.00358,0.00040,0
24733.664,0.08008,-1.00171,-0.23975,1.03311,0.01050,0.00051,0
24735.130,0.07227,-1.00317,-0.24463,1.03510,0.00199,0.00051,0
24736.664,0.08618,-0.99951,-0.24463,1.03262,0.00248,0.00051,0
24738.163,0.08276,-0.99756,-0.23999,1.02935,0.00326,0.00045,0
24739.622,0.08154,-0.99878,-0.24683,1.03205,0.00270,0.00045,0
24741.179,0.08447,-1.00146,-0.24561,1.03460,0.00254,0.00043,0
24742.638,0.07397,-0.99902,-0.23682,1.02937,0.00523,0.00042,0
24744.119,0.07300,-0.99512,-0.23975,1.02619,0.00318,0.00040,0
24745.577,0.08032,-0.99976,-0.25024,1.03372,0.00753,0.00046,0
24747.076,0.07642,-0.99829,-0.24658,1.03113,0.00260,0.00047,0
24748.582,0.08057,-0.99805,-0.23828,1.02926,0.00187,0.00046,0
24750.040,0.07910,-0.99658,-0.24512,1.02933,0.00007,0.00046,0
24751.770,0.08032,-0.99805,-0.24536,1.03090,0.00157,0.00046,0
24753.232,0.08032,-0.99683,-0.24683,1.03007,0.00083,0.00044,0
24754.691,0.08057,-0.99731,-0.23853,1.02860,0.00146,0.00043,0
24756.150,0.08032,-0.99512,-0.23901,1.02657,0.00204,0.00042,0
24757.609,0.08472,-0.99756,-0.23877,1.02923,0.00266,0.00042,0
24759.092,0.08081,-0.99634,-0.23389,1.02661,0.00262,0.00038,0
24760.576,0.07666,-1.00439,-0.23853,1.03517,0.00856,0.00044,0
24762.033,0.07983,-0.99609,-0.23120,1.02569,0.00949,0.00048,0
24763.492,0.07837,-0.99854,-0.24219,1.03047,0.00479,0.00050,0
24764.952,0.08276,-0.99390,-0.24170,1.02621,0.00426,0.00050,0
24766.410,0.07520,-0.99292,-0.23706,1.02359,0.00261,0.00050,0
24767.870,0.07544,-0.99512,-0.23779,1.02591,0.00232,0.00050,0
24769.328,0.08032,-0.99878,-0.24048,1.03046,0.00455,0.00051,0
24770.787,0.07764,-0.99585,-0.24780,1.02915,0.00131,0.00040,0
24772.240,0.08032,-0.99146,-0.24341,1.02405,0.00510,0.00042,0
24773.693,0.07935,-0.99316,-0.24512,1.02604,0.00199,0.00042,0
24775.371,0.08008,-0.99316,-0.23901,1.02465,0.00138,0.00041,0
24776.830,0.07666,-1.00000,-0.23950,1.03113,0.00648,0.00045,0
24778.289,0.07861,-0.99683,-0.23560,1.02730,0.00383,0.00046,0
24779.830,0.07715,-0.99292,-0.24902,1.02657,0.00073,0.00043,0
24781.287,0.07910,-0.99976,-0.24634,1.03269,0.00612,0.00046,0
24782.748,0.08569,-0.99756,-0.23535,1.02852,0.00417,0.00042,0
24784.206,0.08398,-0.99585,-0.23340,1.02628,0.00224,0.00041,0
24785.663,0.07617,-0.99927,-0.23926,1.03033,0.00405,0.00043,0
24787.289,0.08472,-0.99512,-0.24927,1.02935,0.00098,0.00043,0
24788.746,0.07935,-0.99976,-0.23608,1.03031,0.00096,0.00043,0
24790.205,0.08130,-0.99756,-0.22827,1.02657,0.00374,0.00044,0
24791.701,0.07788,-0.99512,-0.24023,1.02666,0.00010,0.00044,0
24793.159,0.07788,-0.99390,-0.24341,1.02623,0.00043,0.00043,0
24794.618,0.07764,-0.99390,-0.24121,1.02569,0.00054,0.00043,0
24796.076,0.07983,-0.99536,-0.24219,1.02751,0.00182,0.00042,0
24797.573,0.08691,-0.99658,-0.24756,1.03054,0.00303,0.00036,0
24799.131,0.08398,-0.99146,-0.23975,1.02348,0.00706,0.00032,0
24800.609,0.08008,-0.99951,-0.23315,1.02946,0.00598,0.00033,0
24802.066,0.07812,-0.99463,-0.23657,1.02536,0.00411,0.00033,0
24803.525,0.08008,-0.99536,-0.24072,1.02718,0.00183,0.00033,0
24804.985,0.08545,-0.99121,-0.24194,1.02388,0.00330,0.00033,0
24806.443,0.07593,-0.99805,-0.24170,1.02970,0.00582,0.00035,0
24807.902,0.07837,-0.99707,-0.24585,1.02992,0.00022,0.00034,0
24809.359,0.08008,-1.00049,-0.24048,1.03209,0.00218,0.00032,0
24810.860,0.08154,-0.99585,-0.24268,1.02823,0.00386,0.00033,0
24812.319,0.08008,-1.00098,-0.24365,1.03331,0.00508,0.00036,0
24813.791,0.07837,-0.99927,-0.24976,1.03298,0.00033,0.00032,0
24815.289,0.07593,-0.99658,-0.24365,1.02874,0.00424,0.00032,0
24816.747,0.07422,-0.99756,-0.24683,1.03032,0.00158,0.00032,0
24818.205,0.07788,-0.99780,-0.24536,1.03047,0.00016,0.00028,0
24819.715,0.07739,-0.99219,-0.24731,1.02547,0.00500,0.00029,0
24821.174,0.07910,-0.99976,-0.24731,1.03292,0.00745,0.00034,0
24822.632,0.07446,-0.99585,-0.24048,1.02718,0.00575,0.00036,0
24824.091,0.07861,-0.99121,-0.24780,1.02474,0.00244,0.00036,0
24825.590,0.07910,-0.99463,-0.23560,1.02521,0.00047,0.00036,0
24827.138,0.07861,-0.99414,-0.23340,1.02419,0.00101,0.00035,0
24828.644,0.08154,-1.00171,-0.24390,1.03419,0.01000,0.00045,0
24830.102,0.08081,-0.99438,-0.24463,1.02722,0.00698,0.00050,0
24831.562,0.08154,-0.99512,-0.23999,1.02689,0.00033,0.00050,0
24833.029,0.08081,-0.99634,-0.24463,1.02911,0.00222,0.00050,0
24834.497,0.07788,-1.00220,-0.23706,1.03279,0.00369,0.00050,0
24835.962,0.07935,-0.99609,-0.23584,1.02670,0.00609,0.00049,0
24837.421,0.08618,-0.99463,-0.23779,1.02628,0.00042,0.00046,0
24838.883,0.08691,-0.99609,-0.23926,1.02811,0.00182,0.00044,0
24840.341,0.08154,-0.99414,-0.23584,1.02498,0.00312,0.00045,0
24841.817,0.08325,-0.99731,-0.24268,1.02979,0.00480,0.00046,0
24843.367,0.08252,-1.00098,-0.23218,1.03086,0.00107,0.00043,0
24844.826,0.08008,-0.99902,-0.24097,1.03079,0.00007,0.00043,0
24846.286,0.07861,-1.00073,-0.24927,1.03430,0.00351,0.00044,0
24847.748,0.07739,-0.99243,-0.24878,1.02606,0.00824,0.00049,0
24849.284,0.07568,-0.99585,-0.23828,1.02675,0.00069,0.00046,0
24850.745,0.07715,-1.00146,-0.23657,1.03192,0.00516,0.00049,0
24852.203,0.07397,-0.99756,-0.24414,1.02966,0.00226,0.00048,0
24853.661,0.08545,-0.99902,-0.24707,1.03266,0.00300,0.00048,0
24855.166,0.08154,-1.00024,-0.23853,1.03152,0.00114,0.00049,0
24856.655,0.08472,-0.99683,-0.24438,1.02984,0.00168,0.00046,0
24858.114,0.08545,-0.99243,-0.23853,1.02426,0.00557,0.00044,0
24859.574,0.08228,-0.99780,-0.23364,1.02809,0.00383,0.00042,0
24861.034,0.07788,-0.99780,-0.23755,1.02864,0.00055,0.00041,0
24862.493,0.08130,-0.99072,-0.24365,1.02348,0.00516,0.00044,0
24863.952,0.08228,-0.99292,-0.24707,1.02650,0.00302,0.00045,0
24865.410,0.07788,-0.99609,-0.24536,1.02882,0.00232,0.00035,0
24866.888,0.08105,-0.99023,-0.24146,1.02246,0.00636,0.00035,0
24868.344,0.07886,-1.00171,-0.24097,1.03330,0.01083,0.00046,0
24869.818,0.08423,-0.99683,-0.24512,1.02997,0.00333,0.00047,0
24871.305,0.07544,-1.00220,-0.24072,1.03346,0.00349,0.00047,0
24872.767,0.08276,-0.99707,-0.23633,1.02803,0.00543,0.00046,0
24874.226,0.08179,-0.99341,-0.24194,1.02571,0.00232,0.00047,0
24875.708,0.08032,-0.99585,-0.24243,1.02808,0.00236,0.00047,0
24877.167,0.07520,-1.00220,-0.23730,1.03265,0.00457,0.00048,0
24878.625,0.07837,-0.99365,-0.23901,1.02499,0.00766,0.00051,0
24880.084,0.07593,-0.99658,-0.25122,1.03056,0.00556,0.00054,0
24881.542,0.07837,-0.99561,-0.23706,1.02644,0.00412,0.00056,0
24882.973,0.07715,-0.99390,-0.24634,1.02687,0.00044,0.00055,0
24884.437,0.07959,-0.99121,-0.24219,1.02347,0.00340,0.00049,0
24885.894,0.08008,-0.99243,-0.23340,1.02265,0.00082,0.00049,0
24887.352,0.08252,-1.00000,-0.24194,1.03216,0.00951,0.00056,0
24888.810,0.07910,-0.99438,-0.24341,1.02679,0.00536,0.00058,0
24890.268,0.08350,-0.99731,-0.24341,1.02998,0.00318,0.00058,0
24891.728,0.08228,-0.99976,-0.24829,1.03341,0.00343,0.00059,0
24893.185,0.08130,-0.99390,-0.24341,1.02649,0.00691,0.00064,0
24894.649,0.08179,-0.99365,-0.24536,1.02676,0.00027,0.00061,0
24896.106,0.07349,-0.99780,-0.23975,1.02883,0.00207,0.00060,0
24897.564,0.07983,-1.00073,-0.24390,1.03311,0.00428,0.00061,0
24899.024,0.07886,-0.99780,-0.23389,1.02788,0.00524,0.00061,0
24900.480,0.07812,-0.99976,-0.23486,1.02994,0.00206,0.00061,0
24901.938,0.08228,-0.99878,-0.23804,1.03004,0.00010,0.00060,0
24903.397,0.07690,-0.99951,-0.24316,1.03154,0.00149,0.00057,0
24904.854,0.07959,-0.99463,-0.24561,1.02759,0.00395,0.00046,0
24906.315,0.08032,-0.99219,-0.23657,1.02316,0.00443,0.00047,0
24907.782,0.08154,-0.99365,-0.24023,1.02553,0.00237,0.00047,0
24909.243,0.07812,-0.99878,-0.24536,1.03144,0.00591,0.00047,0
24910.701,0.07910,-0.99683,-0.24951,1.03062,0.00082,0.00047,0
24912.159,0.08179,-0.99829,-0.24146,1.03033,0.00029,0.00046,0
24913.616,0.08374,-0.99976,-0.24146,1.03190,0.00158,0.00044,0
24915.078,0.07788,-0.99390,-0.22925,1.02296,0.00894,0.00046,0
24916.535,0.08374,-0.99536,-0.23901,1.02708,0.00411,0.00045,0
24917.996,0.08691,-0.99341,-0.24463,1.02677,0.00031,0.00043,0
24919.455,0.07959,-0.99634,-0.24292,1.02861,0.00184,0.00044,0
24920.912,0.08130,-0.99292,-0.24121,1.02503,0.00358,0.00044,0
24922.369,0.08276,-0.99561,-0.23267,1.02577,0.00075,0.00044,0
24923.828,0.08081,-0.99780,-0.24805,1.03134,0.00557,0.00038,0
24925.286,0.08301,-0.99756,-0.24927,1.03158,0.00023,0.00035,0
24926.744,0.08374,-0.99609,-0.24194,1.02847,0.00310,0.00035,0
24928.202,0.07812,-0.99219,-0.24219,1.02430,0.00417,0.00036,0
24929.662,0.08154,-0.99585,-0.23804,1.02715,0.00284,0.00032,0
24931.131,0.07544,-0.99146,-0.23730,1.02225,0.00490,0.00034,0
24932.589,0.07983,-0.99438,-0.24414,1.02702,0.00478,0.00036,0
24934.048,0.07812,-0.99316,-0.23706,1.02405,0.00298,0.00035,0
24935.507,0.08496,-0.99512,-0.23315,1.02559,0.00154,0.00032,0
24936.966,0.08228,-0.99756,-0.24756,1.03111,0.00551,0.00035,0
24938.424,0.08350,-0.99316,-0.24194,1.02561,0.00549,0.00038,0
24939.884,0.08179,-0.99976,-0.24756,1.03319,0.00758,0.00043,0
24941.344,0.08545,-1.00000,-0.24316,1.03268,0.00051,0.00042,0
24942.804,0.07935,-0.99683,-0.23682,1.02764,0.00504,0.00043,0
24944.260,0.07959,-0.99658,-0.24121,1.02844,0.00080,0.00042,0
24945.796,0.08179,-0.99976,-0.24097,1.03163,0.00319,0.00040,0
24947.257,0.08276,-0.99756,-0.23340,1.02784,0.00380,0.00041,0
24948.715,0.08032,-0.99438,-0.24316,1.02683,0.00101,0.00041,0
24950.174,0.07935,-0.99707,-0.24170,1.02901,0.00218,0.00041,0
24951.634,0.07593,-0.99902,-0.24512,1.03145,0.00244,0.00034,0
24953.091,0.07422,-0.99805,-0.23364,1.02771,0.00374,0.00034,0
24954.552,0.07349,-0.99780,-0.24268,1.02952,0.00180,0.00034,0
24956.010,0.08105,-0.99292,-0.23706,1.02404,0.00548,0.00037,0
24957.467,0.08008,-0.98730,-0.23560,1.01818,0.00586,0.00039,0
24958.928,0.08276,-1.00439,-0.24658,1.03753,0.01935,0.00076,0
24960.404,0.08887,-0.99805,-0.24731,1.03207,0.00546,0.00076,0
24961.861,0.08032,-0.99805,-0.24878,1.03172,0.00035,0.00076,0
24963.324,0.08057,-0.99487,-0.24609,1.02802,0.00370,0.00076,0
24964.781,0.07837,-0.99243,-0.23096,1.02196,0.00606,0.00078,0
24966.239,0.08203,-0.99536,-0.22974,1.02482,0.00286,0.00078,0
24967.698,0.07666,-0.99756,-0.24243,1.02945,0.00463,0.00078,0
24969.156,0.07837,-0.99414,-0.24146,1.02604,0.00341,0.00077,0
24970.616,0.07495,-0.99878,-0.24023,1.03000,0.00396,0.00078,0
24972.075,0.07690,-0.99683,-0.23755,1.02762,0.00237,0.00078,0
24973.532,0.07568,-0.99878,-0.24268,1.03062,0.00300,0.00076,0
24974.993,0.08325,-1.00342,-0.23950,1.03496,0.00434,0.00075,0
24976.463,0.08179,-1.00024,-0.25098,1.03449,0.00047,0.00069,0
24977.921,0.07935,-0.99829,-0.24536,1.03106,0.00343,0.00070,0
24979.379,0.07520,-0.99561,-0.23950,1.02676,0.00429,0.00069,0
24980.837,0.07886,-0.99292,-0.24243,1.02513,0.00164,0.00070,0
24982.296,0.07544,-0.99463,-0.25195,1.02881,0.00369,0.00070,0
24983.753,0.07544,-0.99341,-0.24268,1.02540,0.00342,0.00070,0
24985.212,0.07227,-0.99756,-0.24390,1.02948,0.00408,0.00071,0
24986.672,0.07666,-0.99438,-0.23584,1.02484,0.00464,0.00073,0
24988.128,0.08252,-0.99927,-0.23926,1.03082,0.00598,0.00076,0
24989.584,0.08423,-0.99365,-0.24146,1.02603,0.00479,0.00077,0
24991.049,0.08252,-0.99658,-0.24438,1.02942,0.00339,0.00078,0
24992.505,0.08203,-0.99634,-0.22632,1.02501,0.00442,0.00077,0
24993.962,0.07812,-0.98999,-0.23706,1.02097,0.00404,0.00075,0
24995.420,0.08301,-0.99585,-0.24194,1.02817,0.00720,0.00043,0
24996.877,0.07983,-0.99951,-0.23584,1.03006,0.00188,0.00040,0
24998.335,0.08130,-1.00342,-0.23340,1.03341,0.00335,0.00041,0
24999.773,0.07251,-0.99829,-0.23950,1.02918,0.00423,0.00041,0
25001.231,0.07495,-0.99634,-0.23633,1.02672,0.00245,0.00038,0
25002.692,0.08130,-0.99634,-0.24097,1.02828,0.00156,0.00038,0
25004.147,0.07983,-0.99146,-0.24121,1.02349,0.00479,0.00038,0
25005.604,0.07886,-0.99585,-0.23145,1.02543,0.00193,0.00037,0
25007.069,0.07788,-0.99463,-0.24341,1.02694,0.00151,0.00036,0
25008.526,0.08521,-0.99536,-0.24219,1.02794,0.00100,0.00035,0
25009.984,0.08081,-0.99658,-0.24219,1.02877,0.00083,0.00035,0
25011.437,0.08252,-0.99194,-0.24170,1.02429,0.00447,0.00035,0
25012.899,0.08325,-0.99683,-0.23901,1.02846,0.00416,0.00036,0
25014.357,0.08105,-0.99902,-0.24487,1.03179,0.00333,0.00036,0
25015.832,0.08374,-0.99219,-0.23804,1.02377,0.00801,0.00041,0
25017.288,0.08350,-0.99829,-0.24609,1.03156,0.00779,0.00047,0
25018.748,0.07983,-0.99609,-0.23828,1.02730,0.00426,0.00047,0
25020.204,0.07520,-0.99609,-0.24170,1.02775,0.00045,0.00046,0
25021.686,0.08179,-0.99243,-0.23877,1.02402,0.00373,0.00046,0
25023.123,0.07959,-0.99414,-0.24072,1.02596,0.00194,0.00044,0
25024.583,0.08081,-0.99585,-0.24683,1.02916,0.00320,0.00041,0
25026.042,0.08228,-1.00146,-0.24585,1.03448,0.00532,0.00042,0
25027.499,0.07837,-1.00098,-0.24023,1.03238,0.00210,0.00041,0
25028.957,0.07373,-1.00342,-0.24243,1.03492,0.00254,0.00040,0
25030.415,0.08276,-0.99609,-0.24463,1.02903,0.00589,0.00042,0
25031.873,0.07886,-0.99536,-0.24146,1.02726,0.00177,0.00037,0
25033.331,0.08228,-0.99731,-0.23926,1.02891,0.00165,0.00037,0
25034.797,0.08374,-1.00269,-0.24268,1.03503,0.00612,0.00039,0
25036.254,0.07935,-0.99902,-0.24292,1.03119,0.00384,0.00039,0
25037.711,0.07910,-0.99878,-0.24487,1.03140,0.00021,0.00038,0
25039.174,0.08130,-1.00146,-0.25269,1.03605,0.00465,0.00040,0
25040.629,0.07788,-1.00586,-0.24292,1.03770,0.00166,0.00038,0
25042.157,0.08350,-1.00488,-0.23755,1.03595,0.00175,0.00038,0
25043.618,0.08105,-0.99390,-0.24634,1.02717,0.00878,0.00046,0
25045.077,0.08105,-0.99902,-0.24536,1.03190,0.00473,0.00048,0
25046.535,0.07983,-0.99341,-0.23511,1.02397,0.00793,0.00054,0
25047.992,0.08569,-0.99512,-0.23657,1.02643,0.00247,0.00053,0
25049.456,0.08032,-0.99561,-0.24683,1.02889,0.00245,0.00052,0
25050.939,0.07568,-0.99976,-0.24780,1.03279,0.00390,0.00052,0
25052.398,0.08472,-0.99341,-0.25073,1.02806,0.00473,0.00048,0
25053.855,0.07959,-0.99780,-0.24097,1.02957,0.00151,0.00042,0
25055.340,0.07935,-0.99438,-0.24365,1.02687,0.00270,0.00041,0
25056.801,0.07617,-0.99683,-0.24121,1.02842,0.00155,0.00041,0
25058.258,0.08032,-1.00220,-0.23584,1.03270,0.00428,0.00042,0
25059.719,0.08472,-0.99756,-0.23633,1.02866,0.00404,0.00043,0
25061.177,0.08008,-0.99927,-0.23950,1.03068,0.00202,0.00042,0
25062.635,0.08325,-0.99316,-0.23877,1.02485,0.00583,0.00043,0
25064.106,0.08032,-0.99878,-0.24487,1.03149,0.00664,0.00047,0
25065.566,0.08008,-0.99854,-0.24414,1.03106,0.00043,0.00046,0
25067.025,0.08130,-0.99341,-0.23877,1.02493,0.00613,0.00046,0
25068.504,0.07495,-0.98657,-0.24634,1.01962,0.00531,0.00049,0
25069.960,0.08081,-0.99512,-0.24731,1.02857,0.00895,0.00057,0
25071.419,0.07715,-0.99976,-0.24585,1.03243,0.00386,0.00054,0
25072.877,0.07715,-0.99463,-0.24243,1.02665,0.00578,0.00056,0
25074.346,0.08325,-0.99805,-0.24365,1.03073,0.00407,0.00058,0
25075.805,0.08325,-0.99829,-0.23755,1.02954,0.00119,0.00056,0
25077.259,0.08081,-0.99731,-0.23389,1.02756,0.00198,0.00056,0
25078.717,0.08081,-1.00073,-0.23633,1.03143,0.00387,0.00057,0
25080.174,0.07935,-0.99316,-0.23828,1.02443,0.00700,0.00054,0
25081.631,0.07983,-0.99976,-0.24512,1.03246,0.00803,0.00059,0
25083.089,0.08032,-1.00073,-0.24561,1.03356,0.00110,0.00052,0
25084.547,0.08105,-0.99658,-0.23633,1.02742,0.00613,0.00056,0
25086.003,0.07861,-0.99756,-0.23926,1.02886,0.00144,0.00055,0
25087.462,0.07764,-0.99097,-0.24487,1.02372,0.00514,0.00056,0
25088.922,0.07959,-0.99463,-0.24438,1.02730,0.00358,0.00055,0
25090.379,0.07837,-0.99585,-0.24438,1.02839,0.00109,0.00055,0
25091.840,0.08032,-0.99194,-0.24634,1.02522,0.00316,0.00056,0
25093.297,0.08105,-0.99536,-0.24854,1.02912,0.00389,0.00057,0
25094.756,0.07886,-0.99536,-0.24536,1.02819,0.00093,0.00055,0
25096.213,0.08374,-0.99658,-0.23242,1.02675,0.00144,0.00054,0
25097.670,0.08276,-0.99902,-0.23828,1.03038,0.00363,0.00055,0
25099.129,0.07715,-0.99854,-0.24268,1.03049,0.00012,0.00051,0
25100.590,0.07739,-0.99927,-0.23999,1.03059,0.00010,0.00047,0
25102.047,0.08228,-0.99292,-0.24609,1.02627,0.00433,0.00049,0
25103.506,0.08228,-0.99805,-0.23853,1.02945,0.00318,0.00046,0
25104.963,0.07788,-1.00146,-0.25098,1.03537,0.00592,0.00047,0
25106.421,0.07642,-0.99561,-0.23755,1.02640,0.00897,0.00047,0
25107.882,0.07715,-1.00098,-0.24194,1.03269,0.00629,0.00049,0
25109.340,0.07910,-0.99829,-0.24536,1.03104,0.00165,0.00046,0
25110.798,0.07910,-0.99756,-0.23950,1.02895,0.00209,0.00045,0
25112.258,0.07959,-0.99731,-0.24561,1.03019,0.00124,0.00045,0
25113.715,0.07788,-0.99121,-0.26025,1.02776,0.00243,0.00045,0
25115.176,0.07983,-0.99585,-0.24341,1.02827,0.00051,0.00043,0
25116.632,0.08057,-0.99878,-0.24463,1.03145,0.00318,0.00040,0
25118.090,0.07764,-0.99487,-0.24023,1.02641,0.00505,0.00036,0
25119.551,0.08130,-0.99438,-0.23950,1.02605,0.00036,0.00036,0
25121.008,0.08423,-0.99585,-0.24707,1.02949,0.00345,0.00033,0
25122.466,0.08203,-0.99878,-0.25171,1.03327,0.00378,0.00034,0
25123.928,0.08130,-0.99463,-0.24805,1.02831,0.00496,0.00034,0
25125.387,0.07983,-0.99707,-0.24170,1.02905,0.00074,0.00033,0
25126.848,0.08350,-0.99756,-0.23755,1.02885,0.00020,0.00033,0
25128.303,0.07983,-0.99292,-0.24121,1.02491,0.00393,0.00033,0
25129.760,0.08057,-0.99731,-0.23706,1.02826,0.00335,0.00033,0
25131.227,0.08081,-0.99414,-0.23584,1.02492,0.00334,0.00034,0
25132.683,0.07593,-0.99438,-0.23169,1.02384,0.00108,0.00034,0
25134.143,0.08130,-0.99194,-0.24927,1.02601,0.00217,0.00033,0
25135.605,0.07935,-0.99512,-0.24341,1.02752,0.00151,0.00033,0
25137.063,0.08203,-0.99805,-0.23242,1.02803,0.00051,0.00033,0
25138.522,0.07764,-0.99683,-0.24805,1.03015,0.00212,0.00032,0
25140.068,0.07959,-0.99634,-0.23950,1.02781,0.00235,0.00031,0
25141.528,0.08057,-0.99561,-0.23315,1.02571,0.00210,0.00028,0
25143.014,0.08423,-0.99463,-0.23901,1.02641,0.00070,0.00020,0
25144.470,0.08276,-0.99170,-0.24097,1.02391,0.00250,0.00017,0
25145.928,0.08521,-0.99683,-0.24365,1.02970,0.00580,0.00020,0
25147.387,0.07935,-0.99585,-0.24585,1.02881,0.00089,0.00020,0
25148.845,0.07935,-0.99927,-0.23804,1.03029,0.00148,0.00020,0
25150.317,0.07910,-0.99463,-0.24219,1.02674,0.00355,0.00020,0
25151.776,0.08057,-0.99438,-0.23608,1.02520,0.00155,0.00021,0
25153.235,0.07715,-0.99390,-0.24072,1.02554,0.00034,0.00020,0
25154.699,0.07739,-0.99878,-0.24390,1.03104,0.00550,0.00020,0
25156.156,0.07544,-0.99536,-0.24146,1.02700,0.00403,0.00022,0
25157.614,0.07837,-0.99854,-0.24536,1.03122,0.00422,0.00022,0
25159.074,0.07617,-0.99805,-0.23608,1.02841,0.00281,0.00022,0
25160.541,0.08154,-0.99707,-0.23730,1.02816,0.00025,0.00019,0
25162.001,0.08081,-0.99634,-0.23340,1.02650,0.00166,0.00019,0
25163.464,0.08252,-1.00146,-0.24219,1.03363,0.00714,0.00025,0
25164.922,0.07642,-0.99731,-0.24219,1.02914,0.00449,0.00025,0
25166.382,0.07642,-1.00024,-0.23730,1.03084,0.00170,0.00024,0
25167.880,0.08057,-0.99951,-0.24585,1.03245,0.00161,0.00023,0
25169.339,0.07471,-0.99683,-0.24585,1.02941,0.00304,0.00024,0
25170.799,0.07788,-0.99658,-0.24390,1.02894,0.00047,0.00024,0
25172.262,0.07764,-1.00024,-0.23682,1.03082,0.00188,0.00024,0
25173.739,0.07422,-0.99487,-0.23999,1.02610,0.00473,0.00026,0
25175.198,0.07837,-0.99731,-0.23975,1.02872,0.00262,0.00026,0
25176.655,0.07764,-0.99341,-0.24194,1.02539,0.00333,0.00027,0
25178.090,0.08545,-0.99683,-0.23853,1.02852,0.00313,0.00027,0
25179.548,0.08032,-0.99585,-0.24243,1.02808,0.00045,0.00027,0
25181.006,0.08228,-0.99609,-0.24365,1.02876,0.00068,0.00027,0
25182.464,0.07861,-0.99829,-0.24487,1.03089,0.00213,0.00024,0
25183.923,0.08398,-0.99683,-0.23975,1.02869,0.00220,0.00024,0
25185.379,0.08447,-0.99829,-0.23779,1.02969,0.00101,0.00024,0
25186.838,0.07910,-0.99487,-0.24194,1.02692,0.00277,0.00024,0
25188.295,0.07886,-0.99609,-0.24023,1.02768,0.00076,0.00023,0
25189.755,0.08032,-0.99756,-0.23535,1.02809,0.00040,0.00023,0
25191.215,0.07935,-0.99170,-0.23438,1.02210,0.00599,0.00024,0
25192.674,0.07764,-0.99146,-0.24585,1.02443,0.00232,0.00023,0
25194.131,0.07690,-0.99072,-0.23560,1.02125,0.00318,0.00022,0
25195.589,0.07837,-0.99341,-0.23706,1.02430,0.00305,0.00022,0
25197.048,0.07935,-0.99023,-0.24658,1.02355,0.00075,0.00022,0
25198.507,0.08228,-0.99316,-0.24512,1.02627,0.00271,0.00023,0
25199.964,0.07520,-0.99341,-0.23950,1.02463,0.00163,0.00018,0
25201.424,0.07666,-1.00293,-0.24121,1.03437,0.00974,0.00025,0
25202.882,0.07739,-0.99805,-0.24414,1.03038,0.00399,0.00027,0
25204.341,0.08154,-0.99658,-0.23535,1.02724,0.00315,0.00027,0
25205.797,0.08081,-0.99707,-0.24023,1.02878,0.00155,0.00027,0
25207.261,0.07935,-0.99316,-0.24194,1.02528,0.00350,0.00028,0
25208.719,0.07764,-0.99146,-0.24121,1.02332,0.00196,0.00028,0
25210.176,0.07593,-0.99658,-0.24170,1.02828,0.00496,0.00028,0
25211.635,0.08496,-0.99219,-0.24316,1.02508,0.00320,0.00029,0
25213.096,0.08398,-0.99609,-0.24097,1.02826,0.00318,0.00028,0
25214.555,0.08325,-0.99341,-0.24072,1.02554,0.00272,0.00028,0
25216.016,0.08325,-1.00000,-0.23291,1.03013,0.00459,0.00030,0
25217.473,0.07983,-1.00537,-0.23242,1.03497,0.00484,0.00033,0
25218.932,0.07935,-0.99487,-0.24121,1.02677,0.00820,0.00039,0
25220.388,0.07910,-0.99878,-0.23926,1.03008,0.00331,0.00039,0
25221.846,0.08252,-1.00513,-0.23730,1.03605,0.00597,0.00043,0
25223.305,0.07886,-1.00098,-0.23926,1.03219,0.00386,0.00044,0
25224.766,0.07910,-1.00024,-0.24536,1.03293,0.00074,0.00044,0
25226.223,0.07690,-0.99561,-0.23975,1.02695,0.00598,0.00047,0
25227.682,0.07617,-1.00024,-0.23682,1.03071,0.00377,0.00045,0
25229.139,0.07837,-0.99951,-0.23267,1.02922,0.00149,0.00045,0
25230.604,0.07812,-1.00146,-0.24170,1.03318,0.00395,0.00045,0
25232.064,0.07690,-1.00146,-0.23975,1.03263,0.00055,0.00044,0
25233.520,0.07788,-0.99585,-0.24487,1.02847,0.00416,0.00046,0
25234.982,0.07788,-0.99219,-0.24268,1.02440,0.00407,0.00047,0
25236.517,0.08081,-0.99902,-0.23828,1.03022,0.00582,0.00050,0
25237.976,0.08984,-1.00513,-0.24438,1.03830,0.00808,0.00047,0
25239.435,0.08545,-0.99512,-0.24536,1.02848,0.00983,0.00055,0
25240.892,0.08130,-0.99927,-0.23267,1.02921,0.00074,0.00054,0
25242.351,0.07617,-0.99658,-0.23633,1.02705,0.00216,0.00055,0
25243.810,0.08105,-0.99390,-0.24292,1.02636,0.00069,0.00053,0
25245.269,0.07739,-0.99609,-0.24048,1.02763,0.00127,0.00053,0
25246.730,0.08228,-0.99658,-0.23315,1.02679,0.00084,0.00051,0
25248.185,0.08252,-0.99365,-0.24268,1.02618,0.00061,0.00050,0
25249.643,0.07788,-0.99780,-0.23901,1.02898,0.00280,0.00050,0
25251.105,0.07959,-0.99829,-0.23608,1.02891,0.00007,0.00049,0
25252.569,0.07788,-0.99536,-0.24854,1.02887,0.00004,0.00047,0
25254.026,0.08105,-0.99854,-0.24194,1.03062,0.00175,0.00045,0
25255.487,0.07837,-0.99902,-0.23267,1.02875,0.00187,0.00038,0
25256.944,0.07715,-0.99902,-0.23242,1.02860,0.00015,0.00037,0
25258.403,0.07837,-1.00513,-0.24243,1.03692,0.00832,0.00041,0
25259.823,0.07324,-0.99487,-0.24219,1.02654,0.01037,0.00050,0
25261.280,0.07886,-0.99756,-0.24683,1.03066,0.00412,0.00051,0
25262.739,0.08008,-0.99683,-0.23242,1.02669,0.00397,0.00049,0
25264.197,0.07764,-0.99561,-0.24048,1.02717,0.00048,0.00048,0
25265.653,0.08276,-1.00195,-0.24878,1.03569,0.00851,0.00055,0
25267.113,0.08179,-0.99731,-0.24487,1.03019,0.00550,0.00057,0
25268.594,0.07446,-0.99634,-0.24683,1.02915,0.00103,0.00057,0
25270.052,0.08081,-0.99854,-0.24414,1.03112,0.00197,0.00055,0
25271.507,0.08521,-0.99805,-0.24121,1.03031,0.00081,0.00054,0
25272.965,0.08521,-0.99365,-0.24243,1.02634,0.00397,0.00052,0
25274.438,0.08105,-0.99487,-0.24268,1.02725,0.00090,0.00045,0
25275.895,0.07910,-0.99731,-0.24512,1.03004,0.00279,0.00037,0
25277.353,0.08105,-0.99683,-0.24146,1.02885,0.00119,0.00037,0
25278.812,0.08008,-0.99463,-0.24194,1.02676,0.00209,0.00037,0
25280.269,0.07983,-0.99585,-0.24438,1.02850,0.00174,0.00037,0
25281.727,0.08423,-0.99683,-0.24072,1.02893,0.00043,0.00037,0
25283.190,0.08154,-1.00098,-0.23218,1.03078,0.00185,0.00037,0
25284.646,0.08618,-0.99243,-0.24023,1.02472,0.00606,0.00041,0
25286.104,0.08594,-0.99390,-0.24170,1.02647,0.00174,0.00040,0
25287.564,0.07520,-0.99976,-0.23804,1.03045,0.00398,0.00042,0
25289.021,0.07739,-0.99731,-0.24365,1.02956,0.00089,0.00042,0
25290.481,0.08203,-1.00049,-0.24170,1.03253,0.00297,0.00042,0
25291.938,0.07886,-0.99951,-0.23975,1.03088,0.00165,0.00042,0
25293.396,0.07788,-0.99731,-0.24438,1.02977,0.00111,0.00042,0
25294.858,0.08057,-0.99658,-0.25220,1.03115,0.00138,0.00036,0
25296.316,0.08203,-0.99512,-0.24072,1.02710,0.00405,0.00027,0
25297.809,0.08081,-1.00122,-0.24438,1.03378,0.00668,0.00029,0
25299.270,0.08789,-0.99902,-0.23901,1.03097,0.00281,0.00029,0
25300.733,0.08862,-0.99609,-0.24121,1.02871,0.00226,0.00029,0
25302.191,0.07593,-0.99829,-0.23877,1.02925,0.00054,0.00022,0
25303.650,0.07861,-0.99976,-0.24048,1.03127,0.00202,0.00019,0
25305.108,0.07910,-1.00073,-0.24219,1.03266,0.00138,0.00019,0
25306.560,0.07935,-0.99194,-0.24951,1.02592,0.00674,0.00023,0
25308.018,0.08325,-0.99585,-0.23950,1.02762,0.00171,0.00024,0
25309.479,0.07471,-0.99951,-0.23535,1.02956,0.00194,0.00022,0
25310.937,0.07593,-0.99683,-0.24048,1.02823,0.00133,0.00023,0
25313.188,0.07959,-0.99316,-0.23535,1.02377,0.00446,0.00024,0
25314.707,0.08057,-0.99390,-0.23486,1.02444,0.00067,0.00024,0
25316.480,0.07642,-0.99341,-0.23877,1.02455,0.00011,0.00023,0
25318.022,0.07886,-0.99829,-0.23877,1.02947,0.00492,0.00025,0
25319.543,0.08008,-0.99609,-0.23999,1.02772,0.00175,0.00026,0
25321.013,0.07544,-0.99878,-0.23828,1.02958,0.00186,0.00026,0
25322.510,0.08130,-0.99316,-0.23901,1.02475,0.00483,0.00024,0
25323.982,0.08398,-0.99219,-0.24023,1.02431,0.00044,0.00024,0
25325.439,0.08350,-0.99731,-0.23389,1.02777,0.00346,0.00024,0
25327.382,0.07983,-0.99707,-0.23926,1.02848,0.00071,0.00024,0
25328.864,0.08228,-0.99683,-0.24268,1.02923,0.00076,0.00023,0
25330.321,0.07910,-0.99390,-0.23608,1.02461,0.00463,0.00025,0
25331.779,0.08374,-0.99438,-0.23682,1.02562,0.00101,0.00025,0
25333.234,0.07617,-0.99170,-0.23169,1.02125,0.00437,0.00026,0
25334.770,0.07397,-0.99268,-0.24170,1.02435,0.00310,0.00026,0
25336.228,0.07861,-0.99658,-0.24487,1.02923,0.00488,0.00024,0
25337.682,0.08105,-0.99927,-0.23682,1.03014,0.00091,0.00023,0
25339.138,0.07910,-0.99707,-0.24048,1.02871,0.00143,0.00023,0
25340.627,0.08179,-0.99951,-0.25879,1.03570,0.00700,0.00027,0
25342.080,0.07642,-0.99902,-0.24390,1.03120,0.00451,0.00029,0
25343.547,0.08130,-0.99976,-0.24634,1.03286,0.00166,0.00029,0
25345.002,0.08569,-1.00122,-0.25146,1.03587,0.00301,0.00026,0
25346.459,0.08276,-0.99390,-0.23340,1.02428,0.01158,0.00039,0
25347.929,0.07544,-0.99561,-0.24170,1.02730,0.00301,0.00039,0
25349.383,0.08618,-0.99316,-0.24414,1.02636,0.00094,0.00039,0
25350.840,0.07886,-0.99854,-0.23462,1.02876,0.00240,0.00038,0
25352.301,0.08105,-0.99487,-0.24219,1.02713,0.00162,0.00038,0
25353.759,0.08154,-0.99585,-0.24072,1.02777,0.00064,0.00038,0
25355.225,0.08545,-0.99634,-0.25122,1.03107,0.00330,0.00037,0
25356.681,0.07861,-0.99829,-0.24048,1.02985,0.00122,0.00036,0
25358.135,0.07935,-0.99829,-0.24512,1.03100,0.00115,0.00036,0
25359.557,0.08008,-0.99707,-0.23950,1.02855,0.00245,0.00034,0
25361.017,0.07910,-0.99463,-0.24438,1.02726,0.00129,0.00035,0
25362.476,0.08008,-1.00098,-0.24292,1.03314,0.00588,0.00037,0
25363.952,0.08081,-0.99878,-0.24219,1.03090,0.00224,0.00037,0
25365.409,0.08374,-0.99805,-0.23633,1.02906,0.00184,0.00038,0
25366.869,0.08301,-0.99707,-0.23706,1.02822,0.00084,0.00036,0
25368.328,0.07983,-0.99731,-0.23071,1.02676,0.00146,0.00036,0
25369.786,0.08423,-0.99390,-0.23267,1.02424,0.00253,0.00034,0
25371.246,0.07739,-0.99561,-0.23291,1.02541,0.00118,0.00034,0
25372.703,0.08008,-0.99316,-0.23438,1.02358,0.00183,0.00032,0
25374.161,0.08203,-0.99731,-0.23999,1.02906,0.00548,0.00034,0
25375.621,0.08154,-1.00415,-0.24438,1.03667,0.00762,0.00040,0
25377.081,0.07568,-0.99536,-0.24194,1.02714,0.00954,0.00044,0
25378.539,0.08423,-0.99585,-0.23999,1.02782,0.00068,0.00042,0
25379.996,0.07324,-0.99658,-0.24341,1.02849,0.00067,0.00042,0
25381.452,0.08203,-0.99756,-0.24146,1.02964,0.00115,0.00041,0
25382.907,0.08765,-0.99561,-0.23779,1.02735,0.00228,0.00028,0
25384.368,0.08960,-0.99243,-0.23340,1.02344,0.00392,0.00029,0
25385.835,0.07837,-0.99487,-0.24390,1.02733,0.00389,0.00030,0
25387.305,0.07910,-0.99585,-0.23999,1.02741,0.00008,0.00030,0
25388.764,0.07739,-1.00098,-0.24512,1.03345,0.00604,0.00033,0
25390.222,0.08130,-0.99341,-0.23364,1.02375,0.00971,0.00043,0
25391.683,0.08032,-0.99487,-0.23584,1.02559,0.00185,0.00042,0
25393.143,0.08472,-0.99512,-0.24121,1.02743,0.00184,0.00042,0
25394.601,0.08423,-0.99609,-0.24536,1.02932,0.00189,0.00042,0
25396.060,0.08130,-0.99707,-0.24219,1.02928,0.00004,0.00042,0
25397.518,0.08057,-0.99780,-0.24170,1.02982,0.00054,0.00042,0
25398.978,0.08130,-0.98730,-0.23926,1.01913,0.01069,0.00049,0
25400.436,0.08252,-0.99194,-0.24048,1.02401,0.00488,0.00051,0
25401.893,0.08203,-0.99536,-0.24561,1.02849,0.00448,0.00053,0
25403.355,0.08057,-0.99268,-0.23779,1.02393,0.00456,0.00055,0
25404.814,0.07959,-1.00366,-0.24658,1.03657,0.01263,0.00071,0
25406.272,0.08203,-0.99951,-0.24097,1.03142,0.00515,0.00073,0
25407.730,0.07617,-0.99756,-0.23828,1.02845,0.00297,0.00074,0
25409.188,0.07812,-0.99365,-0.23657,1.02441,0.00404,0.00075,0
25410.649,0.07617,-0.99805,-0.23877,1.02903,0.00462,0.00074,0
25412.103,0.07935,-0.99585,-0.24683,1.02905,0.00001,0.00068,0
25413.561,0.08374,-0.99658,-0.24048,1.02860,0.00045,0.00059,0
25415.020,0.08179,-0.99683,-0.23730,1.02794,0.00066,0.00059,0
25416.476,0.08081,-0.99536,-0.24756,1.02886,0.00092,0.00059,0
25417.935,0.07788,-0.99609,-0.24146,1.02790,0.00097,0.00059,0
25419.394,0.08105,-0.99609,-0.24463,1.02889,0.00100,0.00059,0
25420.853,0.08057,-0.99121,-0.23706,1.02234,0.00655,0.00061,0
25422.311,0.07373,-0.99390,-0.23706,1.02443,0.00209,0.00060,0
25423.768,0.07715,-0.99683,-0.25317,1.03136,0.00693,0.00065,0
25425.221,0.08301,-0.99902,-0.25269,1.03382,0.00246,0.00062,0
25426.713,0.08398,-0.99780,-0.23730,1.02907,0.00476,0.00055,0
25428.177,0.08740,-0.99634,-0.24316,1.02930,0.00023,0.00055,0
25429.636,0.08008,-0.99854,-0.23193,1.02824,0.00106,0.00054,0
25431.180,0.08447,-0.99780,-0.23828,1.02933,0.00109,0.00054,0
25432.644,0.08154,-0.99609,-0.23755,1.02727,0.00206,0.00055,0
25434.104,0.07544,-0.99683,-0.25146,1.03082,0.00355,0.00056,0
25435.565,0.08203,-0.99341,-0.24731,1.02701,0.00381,0.00046,0
25437.024,0.08130,-0.99292,-0.23804,1.02429,0.00273,0.00044,0
25438.485,0.07861,-0.99365,-0.23706,1.02456,0.00027,0.00042,0
25439.942,0.07764,-1.00171,-0.24341,1.03378,0.00922,0.00049,0
25441.400,0.07593,-1.00049,-0.24170,1.03207,0.00171,0.00033,0
25442.860,0.08105,-0.99512,-0.24365,1.02771,0.00435,0.00032,0
25444.320,0.07910,-0.99390,-0.23218,1.02372,0.00400,0.00033,0
25445.777,0.08154,-0.99805,-0.24097,1.02996,0.00624,0.00035,0
25447.237,0.07959,-0.99683,-0.24268,1.02902,0.00093,0.00033,0
25448.695,0.07983,-0.99316,-0.24561,1.02619,0.00283,0.00034,0
25450.153,0.07324,-0.99072,-0.24292,1.02270,0.00350,0.00035,0
25451.612,0.08179,-0.99927,-0.23950,1.03082,0.00812,0.00042,0
25453.071,0.07861,-0.99707,-0.24097,1.02878,0.00204,0.00042,0
25454.529,0.08350,-0.99341,-0.23926,1.02522,0.00356,0.00043,0
25456.004,0.08472,-0.99219,-0.23706,1.02363,0.00159,0.00043,0
25457.464,0.08154,-0.99512,-0.23511,1.02576,0.00213,0.00040,0
25458.923,0.08447,-1.00024,-0.24072,1.03227,0.00651,0.00043,0
25460.381,0.08008,-1.00122,-0.23926,1.03252,0.00026,0.00039,0
25461.839,0.08350,-0.99487,-0.23901,1.02658,0.00594,0.00041,0
25463.298,0.08081,-1.00024,-0.24097,1.03203,0.00545,0.00042,0
25464.756,0.07837,-0.99292,-0.24390,1.02544,0.00659,0.00046,0
25466.214,0.08057,-0.99756,-0.23950,1.02907,0.00363,0.00048,0
25467.673,0.08252,-1.00146,-0.23682,1.03239,0.00332,0.00049,0
25469.132,0.07861,-0.99976,-0.23633,1.03031,0.00208,0.00049,0
25470.590,0.07739,-0.99585,-0.23608,1.02637,0.00394,0.00049,0
25472.048,0.07812,-0.99219,-0.24658,1.02535,0.00102,0.00048,0
25473.507,0.07471,-0.99756,-0.25269,1.03177,0.00642,0.00051,0
25474.966,0.07983,-0.99609,-0.24731,1.02944,0.00234,0.00052,0
25476.424,0.08032,-0.99731,-0.23706,1.02824,0.00119,0.00043,0
25477.880,0.08350,-0.99390,-0.23340,1.02434,0.00390,0.00044,0
25479.338,0.08154,-0.99634,-0.24243,1.02865,0.00430,0.00044,0
25480.798,0.08105,-0.99438,-0.24292,1.02683,0.00181,0.00043,0
25482.256,0.08203,-0.99927,-0.24341,1.03175,0.00492,0.00042,0
25483.713,0.07910,-0.99390,-0.24146,1.02586,0.00589,0.00045,0
25485.170,0.08301,-0.99023,-0.24463,1.02338,0.00248,0.00045,0
25486.736,0.08447,-1.00024,-0.24585,1.03347,0.01010,0.00054,0
25488.204,0.08447,-0.99902,-0.24707,1.03258,0.00089,0.00047,0
25489.662,0.08057,-0.99927,-0.23975,1.03078,0.00180,0.00047,0
25491.179,0.08154,-0.99609,-0.23633,1.02699,0.00379,0.00047,0
25492.692,0.07959,-0.99780,-0.24390,1.03026,0.00327,0.00048,0
25494.983,0.07935,-0.99390,-0.23950,1.02542,0.00484,0.00050,0
25496.479,0.07324,-0.99316,-0.24023,1.02443,0.00099,0.00046,0
25497.997,0.07690,-0.99365,-0.24170,1.02551,0.00109,0.00046,0
25499.579,0.08081,-0.98853,-0.24487,1.02160,0.00391,0.00044,0
25502.638,0.08203,-0.99780,-0.24902,1.03167,0.01007,0.00051,0
25504.641,0.08398,-0.99829,-0.24829,1.03213,0.00045,0.00047,0
25506.175,0.08228,-0.99487,-0.23779,1.02620,0.00593,0.00049,0
25507.709,0.08057,-0.99756,-0.23755,1.02861,0.00241,0.00049,0
25509.171,0.08252,-0.99536,-0.24707,1.02888,0.00027,0.00048,0
25510.628,0.08252,-0.99756,-0.23828,1.02894,0.00006,0.00047,0
25512.083,0.08130,-0.99438,-0.24390,1.02708,0.00186,0.00047,0
25513.539,0.08105,-0.99390,-0.24585,1.02706,0.00003,0.00043,0
25515.114,0.08398,-0.99023,-0.24487,1.02351,0.00354,0.00043,0
25516.607,0.08105,-0.99243,-0.23975,1.02419,0.00068,0.00043,0
25518.077,0.07471,-0.98950,-0.24634,1.02244,0.00175,0.00042,0
25519.563,0.08130,-0.99683,-0.24756,1.03032,0.00788,0.00046,0
25521.029,0.08252,-0.99854,-0.23877,1.03000,0.00032,0.00046,0
25522.495,0.07764,-0.99805,-0.23193,1.02758,0.00242,0.00044,0
25523.961,0.08154,-0.99976,-0.23486,1.03020,0.00263,0.00042,0
25525.427,0.08838,-0.99585,-0.24683,1.02978,0.00042,0.00041,0
25526.894,0.08252,-0.99292,-0.24048,1.02495,0.00483,0.00033,0
25528.359,0.08130,-0.99805,-0.24097,1.02994,0.00498,0.00035,0
25529.816,0.08521,-0.99634,-0.23804,1.02792,0.00202,0.00036,0
25531.391,0.08276,-0.99194,-0.24658,1.02548,0.00244,0.00035,0
25532.852,0.07812,-0.99536,-0.25122,1.02954,0.00407,0.00035,0
25534.329,0.07861,-0.99463,-0.23926,1.02602,0.00353,0.00034,0
25535.797,0.08203,-0.99268,-0.23853,1.02422,0.00180,0.00034,0
25537.259,0.07935,-0.99902,-0.23608,1.02960,0.00538,0.00037,0
25538.717,0.08252,-0.99707,-0.24536,1.03013,0.00053,0.00036,0
25540.177,0.08179,-0.99438,-0.24463,1.02729,0.00283,0.00026,0
25541.641,0.07690,-0.99878,-0.24512,1.03129,0.00399,0.00028,0
25543.098,0.08154,-0.99536,-0.24048,1.02724,0.00405,0.00026,0
25544.552,0.08252,-0.99609,-0.24634,1.02941,0.00217,0.00026,0
25546.005,0.07886,-0.99390,-0.24854,1.02753,0.00188,0.00026,0
25547.461,0.07837,-0.99951,-0.24316,1.03165,0.00412,0.00028,0
25548.916,0.07300,-1.00000,-0.23926,1.03081,0.00083,0.00028,0
25550.369,0.07935,-0.99585,-0.23730,1.02680,0.00401,0.00029,0
25551.829,0.08521,-0.99780,-0.23462,1.02855,0.00175,0.00028,0
25553.293,0.07861,-1.00073,-0.23901,1.03188,0.00333,0.00029,0
25554.766,0.08008,-0.99805,-0.23340,1.02810,0.00378,0.00031,0
25556.229,0.07690,-0.99438,-0.24097,1.02605,0.00205,0.00025,0
25557.686,0.07593,-0.99658,-0.23706,1.02720,0.00115,0.00025,0
25559.146,0.07690,-0.99805,-0.24414,1.03035,0.00315,0.00025,0
25560.606,0.07739,-1.00098,-0.23706,1.03157,0.00122,0.00025,0
25562.063,0.07739,-0.99365,-0.23730,1.02452,0.00705,0.00030,0
25563.521,0.07593,-0.99854,-0.24585,1.03115,0.00663,0.00032,0
25564.978,0.07739,-0.99585,-0.23877,1.02699,0.00416,0.00031,0
25566.431,0.07739,-0.99756,-0.24097,1.02916,0.00217,0.00031,0
25567.891,0.07666,-0.99927,-0.23999,1.03054,0.00137,0.00031,0
25569.349,0.08057,-0.99341,-0.24561,1.02649,0.00405,0.00031,0
25570.807,0.08008,-0.99536,-0.24561,1.02834,0.00185,0.00030,0
25572.265,0.08325,-0.99634,-0.23926,1.02804,0.00030,0.00029,0
25573.722,0.08301,-0.99658,-0.24487,1.02958,0.00154,0.00027,0
25575.207,0.08057,-0.99707,-0.24292,1.02939,0.00018,0.00027,0
25576.698,0.08008,-0.99438,-0.24072,1.02624,0.00316,0.00027,0
25578.156,0.08130,-0.99536,-0.24146,1.02745,0.00121,0.00026,0
25579.612,0.08081,-0.99634,-0.24585,1.02940,0.00195,0.00024,0
25581.067,0.08765,-0.99658,-0.24976,1.03113,0.00173,0.00024,0
25582.542,0.08569,-0.99316,-0.25000,1.02772,0.00341,0.00025,0
25584.002,0.08105,-0.99561,-0.24707,1.02900,0.00128,0.00023,0
25585.461,0.07861,-0.99683,-0.24072,1.02849,0.00051,0.00023,0
25586.921,0.07349,-0.99561,-0.23901,1.02653,0.00196,0.00022,0
25588.353,0.07959,-0.99561,-0.24609,1.02865,0.00213,0.00022,0
25589.810,0.08057,-0.99609,-0.24438,1.02879,0.00014,0.00021,0
25591.270,0.07935,-0.99292,-0.24170,1.02499,0.00380,0.00021,0
25592.738,0.07886,-0.98975,-0.24731,1.02322,0.00177,0.00021,0
25594.195,0.07300,-0.99121,-0.24341,1.02327,0.00005,0.00021,0
25595.653,0.08008,-0.99292,-0.23999,1.02465,0.00138,0.00020,0
25597.110,0.08545,-0.99683,-0.24463,1.02995,0.00531,0.00023,0
25598.571,0.08105,-0.99731,-0.24365,1.02984,0.00011,0.00018,0
25600.051,0.07324,-0.99976,-0.24097,1.03099,0.00115,0.00014,0
25601.509,0.07544,-0.99268,-0.24268,1.02469,0.00630,0.00016,0
25602.968,0.08105,-1.00317,-0.23730,1.03404,0.00935,0.00024,0
25604.425,0.07373,-1.00073,-0.23828,1.03135,0.00269,0.00025,0
25605.882,0.07056,-0.99365,-0.23950,1.02454,0.00681,0.00028,0
25607.339,0.07568,-1.00024,-0.24634,1.03291,0.00837,0.00034,0
25608.796,0.07300,-0.99805,-0.24023,1.02914,0.00376,0.00036,0
25610.253,0.08032,-1.00098,-0.24048,1.03259,0.00344,0.00037,0
25611.711,0.07715,-1.00195,-0.24048,1.03329,0.00070,0.00037,0
25613.165,0.08057,-0.99316,-0.23560,1.02390,0.00939,0.00044,0
25614.620,0.07788,-0.99341,-0.23486,1.02376,0.00014,0.00044,0
25616.089,0.07812,-0.99438,-0.24316,1.02666,0.00290,0.00045,0
25617.545,0.08350,-0.99512,-0.25220,1.02997,0.00331,0.00046,0
25619.004,0.07837,-0.99316,-0.24023,1.02481,0.00516,0.00047,0
25620.460,0.07422,-0.99829,-0.23950,1.02930,0.00449,0.00049,0
25621.919,0.08032,-1.00073,-0.23511,1.03111,0.00181,0.00049,0
25623.382,0.07593,-0.99756,-0.23926,1.02866,0.00246,0.00049,0
25624.867,0.08228,-0.99390,-0.23608,1.02486,0.00380,0.00050,0
25626.330,0.07788,-1